item_id,batch,root,file,line,extension,encoding,reason,category,priority,source_key,occurrences,text
T000001,B0001,D:\Dev\Desenvolvimento\Projetos\TradutorDGames\[Kimochi] RJ01696894,www\data\CommonEvents.json,0,.json,utf-8-sig,"cjk,kana",rpgmaker_common_events,100,$[11].name,1,タッチ立ち絵明るく
T000002,B0001,D:\Dev\Desenvolvimento\Projetos\TradutorDGames\[Kimochi] RJ01696894,www\data\CommonEvents.json,0,.json,utf-8-sig,"cjk,kana",rpgmaker_common_events,100,$[12].name,1,タッチ立ち絵暗く
T000003,B0001,D:\Dev\Desenvolvimento\Projetos\TradutorDGames\[Kimochi] RJ01696894,www\data\CommonEvents.json,0,.json,utf-8-sig,"cjk,kana",rpgmaker_common_events,100,$[14].name,1,スマホ処理 1
T000004,B0001,D:\Dev\Desenvolvimento\Projetos\TradutorDGames\[Kimochi] RJ01696894,www\data\CommonEvents.json,0,.json,utf-8-sig,"cjk,kana",rpgmaker_common_events,100,$[15].name,1,スマホ処理 A
T000005,B0001,D:\Dev\Desenvolvimento\Projetos\TradutorDGames\[Kimochi] RJ01696894,www\data\CommonEvents.json,0,.json,utf-8-sig,"cjk,kana",rpgmaker_common_events,100,$[16].name,1,スマホ処理 B
T000006,B0001,D:\Dev\Desenvolvimento\Projetos\TradutorDGames\[Kimochi] RJ01696894,www\data\CommonEvents.json,0,.json,utf-8-sig,"cjk,kana",rpgmaker_common_events,100,$[18].list[0].parameters[0],1,円ゲージ、改変ゲージ　削除
T000007,B0001,D:\Dev\Desenvolvimento\Projetos\TradutorDGames\[Kimochi] RJ01696894,www\data\CommonEvents.json,0,.json,utf-8-sig,"cjk,kana",rpgmaker_common_events,100,$[18].list[3].parameters[0],1,30＝スマホ画面1　31＝スマホ画面2　32＝ピストン断面図
T000008,B0001,D:\Dev\Desenvolvimento\Projetos\TradutorDGames\[Kimochi] RJ01696894,www\data\CommonEvents.json,0,.json,utf-8-sig,"cjk,kana",rpgmaker_common_events,100,$[18].name,1,ゲージ・スマホ削除
T000009,B0001,D:\Dev\Desenvolvimento\Projetos\TradutorDGames\[Kimochi] RJ01696894,www\data\CommonEvents.json,0,.json,utf-8-sig,cjk,rpgmaker_common_events,100,$[1].list[9].parameters[0],1,PA_INIT 5 40 横 0
T000010,B0001,D:\Dev\Desenvolvimento\Projetos\TradutorDGames\[Kimochi] RJ01696894,www\data\CommonEvents.json,0,.json,utf-8-sig,"cjk,kana",rpgmaker_common_events,100,$[1].name,1,オートアイコン表示
T000011,B0001,D:\Dev\Desenvolvimento\Projetos\TradutorDGames\[Kimochi] RJ01696894,www\data\CommonEvents.json,0,.json,utf-8-sig,"cjk,kana",rpgmaker_common_events,100,$[23].list[0].parameters[0],1,アイコン本体の番号
T000012,B0001,D:\Dev\Desenvolvimento\Projetos\TradutorDGames\[Kimochi] RJ01696894,www\data\CommonEvents.json,0,.json,utf-8-sig,"cjk,kana",rpgmaker_common_events,100,$[23].list[5].parameters[0],1,テキストの番号
T000013,B0001,D:\Dev\Desenvolvimento\Projetos\TradutorDGames\[Kimochi] RJ01696894,www\data\CommonEvents.json,0,.json,utf-8-sig,kana,rpgmaker_common_events,100,$[23].name,1,Mov_icon リセット
T000014,B0001,D:\Dev\Desenvolvimento\Projetos\TradutorDGames\[Kimochi] RJ01696894,www\data\CommonEvents.json,0,.json,utf-8-sig,"cjk,kana",rpgmaker_common_events,100,$[26].name,1,タッチ立ち絵削除
T000015,B0001,D:\Dev\Desenvolvimento\Projetos\TradutorDGames\[Kimochi] RJ01696894,www\data\CommonEvents.json,0,.json,utf-8-sig,"cjk,kana",rpgmaker_common_events,100,$[2].name,2,オート重ねる
T000016,B0001,D:\Dev\Desenvolvimento\Projetos\TradutorDGames\[Kimochi] RJ01696894,www\data\CommonEvents.json,0,.json,utf-8-sig,"cjk,kana",rpgmaker_common_events,100,$[30].list[2].parameters[0],1,↑でオフにするとTgame中に移動アイコンが表示される。
T000017,B0001,D:\Dev\Desenvolvimento\Projetos\TradutorDGames\[Kimochi] RJ01696894,www\data\CommonEvents.json,0,.json,utf-8-sig,"cjk,kana",rpgmaker_common_events,100,$[30].list[9].parameters[0],1,スタミナ削除
T000018,B0001,D:\Dev\Desenvolvimento\Projetos\TradutorDGames\[Kimochi] RJ01696894,www\data\CommonEvents.json,0,.json,utf-8-sig,"cjk,kana",rpgmaker_common_events,100,$[30].name,1,ADV開始　auto表示 movリセット スタミナ削除
T000019,B0001,D:\Dev\Desenvolvimento\Projetos\TradutorDGames\[Kimochi] RJ01696894,www\data\CommonEvents.json,0,.json,utf-8-sig,"cjk,kana",rpgmaker_common_events,100,$[31].list[0].parameters[0],2,19=ADVバック 20=ADV立ち絵 22＝ADVの上装飾
T000020,B0001,D:\Dev\Desenvolvimento\Projetos\TradutorDGames\[Kimochi] RJ01696894,www\data\CommonEvents.json,0,.json,utf-8-sig,"cjk,kana",rpgmaker_common_events,100,$[31].list[12].parameters[0],1,タッチ立ち絵のスイッチをリセット
T000021,B0001,D:\Dev\Desenvolvimento\Projetos\TradutorDGames\[Kimochi] RJ01696894,www\data\CommonEvents.json,0,.json,utf-8-sig,"cjk,kana",rpgmaker_common_events,100,$[31].list[15].parameters[0],1,移動アイコン　動作再開
T000022,B0001,D:\Dev\Desenvolvimento\Projetos\TradutorDGames\[Kimochi] RJ01696894,www\data\CommonEvents.json,0,.json,utf-8-sig,"cjk,kana",rpgmaker_common_events,100,$[31].list[9].parameters[0],1,個人イベントの進行をリセット
T000023,B0001,D:\Dev\Desenvolvimento\Projetos\TradutorDGames\[Kimochi] RJ01696894,www\data\CommonEvents.json,0,.json,utf-8-sig,"cjk,kana",rpgmaker_common_events,100,$[31].name,1,ADV終了　会話初期 evオフ automsg スタミナ
T000024,B0001,D:\Dev\Desenvolvimento\Projetos\TradutorDGames\[Kimochi] RJ01696894,www\data\CommonEvents.json,0,.json,utf-8-sig,"cjk,kana",rpgmaker_common_events,100,$[33].name,1,ADVロード１　姉
T000025,B0001,D:\Dev\Desenvolvimento\Projetos\TradutorDGames\[Kimochi] RJ01696894,www\data\CommonEvents.json,0,.json,utf-8-sig,"cjk,kana",rpgmaker_common_events,100,$[34].name,1,ADVロード２　教師
T000026,B0001,D:\Dev\Desenvolvimento\Projetos\TradutorDGames\[Kimochi] RJ01696894,www\data\CommonEvents.json,0,.json,utf-8-sig,kana,rpgmaker_common_events,100,$[35].name,1,ADVロード３　モミジ
T000027,B0001,D:\Dev\Desenvolvimento\Projetos\TradutorDGames\[Kimochi] RJ01696894,www\data\CommonEvents.json,0,.json,utf-8-sig,kana,rpgmaker_common_events,100,$[36].name,1,ADVロード４　ヒマリ
T000028,B0001,D:\Dev\Desenvolvimento\Projetos\TradutorDGames\[Kimochi] RJ01696894,www\data\CommonEvents.json,0,.json,utf-8-sig,"cjk,kana",rpgmaker_common_events,100,$[37].name,1,ADVロード５　姉友人
T000029,B0001,D:\Dev\Desenvolvimento\Projetos\TradutorDGames\[Kimochi] RJ01696894,www\data\CommonEvents.json,0,.json,utf-8-sig,"cjk,kana",rpgmaker_common_events,100,$[38].name,1,ADVロード６　路地裏
T000030,B0001,D:\Dev\Desenvolvimento\Projetos\TradutorDGames\[Kimochi] RJ01696894,www\data\CommonEvents.json,0,.json,utf-8-sig,"cjk,kana",rpgmaker_common_events,100,$[39].name,1,ADVロード７　酒屋さん
T000031,B0001,D:\Dev\Desenvolvimento\Projetos\TradutorDGames\[Kimochi] RJ01696894,www\data\CommonEvents.json,0,.json,utf-8-sig,"cjk,kana",rpgmaker_common_events,100,$[3].name,2,オート離す
T000032,B0001,D:\Dev\Desenvolvimento\Projetos\TradutorDGames\[Kimochi] RJ01696894,www\data\CommonEvents.json,0,.json,utf-8-sig,"cjk,kana",rpgmaker_common_events,100,$[40].name,1,ADVロード８　警官
T000033,B0001,D:\Dev\Desenvolvimento\Projetos\TradutorDGames\[Kimochi] RJ01696894,www\data\CommonEvents.json,0,.json,utf-8-sig,kana,rpgmaker_common_events,100,$[41].name,1,ADVロード９　JC
T000034,B0001,D:\Dev\Desenvolvimento\Projetos\TradutorDGames\[Kimochi] RJ01696894,www\data\CommonEvents.json,0,.json,utf-8-sig,"cjk,kana",rpgmaker_common_events,100,$[42].name,1,ADVロード１０　管理局
T000035,B0001,D:\Dev\Desenvolvimento\Projetos\TradutorDGames\[Kimochi] RJ01696894,www\data\CommonEvents.json,0,.json,utf-8-sig,"cjk,kana",rpgmaker_common_events,100,$[49].list[2].parameters[0],1,学校にいる女子は一通り種付けできたかな。
T000036,B0001,D:\Dev\Desenvolvimento\Projetos\TradutorDGames\[Kimochi] RJ01696894,www\data\CommonEvents.json,0,.json,utf-8-sig,"cjk,kana",rpgmaker_common_events,100,$[49].list[5].parameters[0],1,初めての経験で歯止めが効かないさすがにつかれた
T000037,B0001,D:\Dev\Desenvolvimento\Projetos\TradutorDGames\[Kimochi] RJ01696894,www\data\CommonEvents.json,0,.json,utf-8-sig,cjk,rpgmaker_common_events,100,$[4].list[1].parameters[0],1,PA_INIT 12 8 横 0
T000038,B0001,D:\Dev\Desenvolvimento\Projetos\TradutorDGames\[Kimochi] RJ01696894,www\data\CommonEvents.json,0,.json,utf-8-sig,"cjk,kana",rpgmaker_common_events,100,$[4].name,1,オート再生/停止
T000039,B0001,D:\Dev\Desenvolvimento\Projetos\TradutorDGames\[Kimochi] RJ01696894,www\data\CommonEvents.json,0,.json,utf-8-sig,"cjk,kana",rpgmaker_common_events,100,$[50].list[10].parameters[0],1,僕はそろそろ帰ることにした。
T000040,B0001,D:\Dev\Desenvolvimento\Projetos\TradutorDGames\[Kimochi] RJ01696894,www\data\CommonEvents.json,0,.json,utf-8-sig,"cjk,kana",rpgmaker_common_events,100,$[50].list[14].parameters[0],1,帰り道に何人か女性を見かけたので、しっかりと種付けをしておいた。
T000041,B0001,D:\Dev\Desenvolvimento\Projetos\TradutorDGames\[Kimochi] RJ01696894,www\data\CommonEvents.json,0,.json,utf-8-sig,"cjk,kana",rpgmaker_common_events,100,$[50].list[7].parameters[0],1,学校にいる女子は大体種付けが出来たみたいだ。
T000042,B0001,D:\Dev\Desenvolvimento\Projetos\TradutorDGames\[Kimochi] RJ01696894,www\data\CommonEvents.json,0,.json,utf-8-sig,"cjk,kana",rpgmaker_common_events,100,$[50].name,1,学校パート終了
T000043,B0001,D:\Dev\Desenvolvimento\Projetos\TradutorDGames\[Kimochi] RJ01696894,www\data\CommonEvents.json,0,.json,utf-8-sig,"cjk,kana",rpgmaker_common_events,100,$[51].list[11].parameters[0],1,そろそろ家にもどって休もうかな。
T000044,B0001,D:\Dev\Desenvolvimento\Projetos\TradutorDGames\[Kimochi] RJ01696894,www\data\CommonEvents.json,0,.json,utf-8-sig,"cjk,kana",rpgmaker_common_events,100,$[51].list[7].parameters[0],1,僕はその後、目についた女の人に種付けし続け、
T000045,B0001,D:\Dev\Desenvolvimento\Projetos\TradutorDGames\[Kimochi] RJ01696894,www\data\CommonEvents.json,0,.json,utf-8-sig,"cjk,kana",rpgmaker_common_events,100,$[51].list[8].parameters[0],1,あっという間に一日が終わった。
T000046,B0001,D:\Dev\Desenvolvimento\Projetos\TradutorDGames\[Kimochi] RJ01696894,www\data\CommonEvents.json,0,.json,utf-8-sig,"cjk,kana",rpgmaker_common_events,100,$[51].name,1,街パート終了
T000047,B0001,D:\Dev\Desenvolvimento\Projetos\TradutorDGames\[Kimochi] RJ01696894,www\data\CommonEvents.json,0,.json,utf-8-sig,cjk,rpgmaker_common_events,100,$[54].list[0].parameters[0],6,PA_INIT 6 12 横 0
T000048,B0001,D:\Dev\Desenvolvimento\Projetos\TradutorDGames\[Kimochi] RJ01696894,www\data\CommonEvents.json,0,.json,utf-8-sig,"cjk,kana",rpgmaker_common_events,100,$[54].name,1,ピストンa1初期位置
T000049,B0001,D:\Dev\Desenvolvimento\Projetos\TradutorDGames\[Kimochi] RJ01696894,www\data\CommonEvents.json,0,.json,utf-8-sig,"cjk,kana",rpgmaker_common_events,100,$[55].name,1,ピストンa1再生
T000050,B0001,D:\Dev\Desenvolvimento\Projetos\TradutorDGames\[Kimochi] RJ01696894,www\data\CommonEvents.json,0,.json,utf-8-sig,cjk,rpgmaker_common_events,100,$[56].list[0].parameters[0],28,PA_INIT 4 12 横 0
T000051,B0001,D:\Dev\Desenvolvimento\Projetos\TradutorDGames\[Kimochi] RJ01696894,www\data\CommonEvents.json,0,.json,utf-8-sig,kana,rpgmaker_common_events,100,$[56].name,1,ピストンa2ループ
T000052,B0001,D:\Dev\Desenvolvimento\Projetos\TradutorDGames\[Kimochi] RJ01696894,www\data\CommonEvents.json,0,.json,utf-8-sig,cjk,rpgmaker_common_events,100,$[57].list[0].parameters[0],3,PA_INIT 12 12 横 0
T000053,B0001,D:\Dev\Desenvolvimento\Projetos\TradutorDGames\[Kimochi] RJ01696894,www\data\CommonEvents.json,0,.json,utf-8-sig,"cjk,kana",rpgmaker_common_events,100,$[57].name,1,ピストンa3射精
T000054,B0001,D:\Dev\Desenvolvimento\Projetos\TradutorDGames\[Kimochi] RJ01696894,www\data\CommonEvents.json,0,.json,utf-8-sig,cjk,rpgmaker_common_events,100,$[58].list[0].parameters[0],22,PA_INIT 4 6 横 0
T000055,B0001,D:\Dev\Desenvolvimento\Projetos\TradutorDGames\[Kimochi] RJ01696894,www\data\CommonEvents.json,0,.json,utf-8-sig,"cjk,kana",rpgmaker_common_events,100,$[58].name,1,ピストンa2ループ　二倍速
T000056,B0001,D:\Dev\Desenvolvimento\Projetos\TradutorDGames\[Kimochi] RJ01696894,www\data\CommonEvents.json,0,.json,utf-8-sig,"cjk,kana",rpgmaker_common_events,100,$[59].name,1,ピストンa4　終了画像
T000057,B0001,D:\Dev\Desenvolvimento\Projetos\TradutorDGames\[Kimochi] RJ01696894,www\data\CommonEvents.json,0,.json,utf-8-sig,"cjk,kana",rpgmaker_common_events,100,$[5].name,1,オートaキー入力判定
T000058,B0001,D:\Dev\Desenvolvimento\Projetos\TradutorDGames\[Kimochi] RJ01696894,www\data\CommonEvents.json,0,.json,utf-8-sig,"cjk,kana",rpgmaker_common_events,100,$[62].name,1,ピストンb1　初期位置
T000059,B0001,D:\Dev\Desenvolvimento\Projetos\TradutorDGames\[Kimochi] RJ01696894,www\data\CommonEvents.json,0,.json,utf-8-sig,"cjk,kana",rpgmaker_common_events,100,$[63].name,1,ピストンb1　再生
T000060,B0001,D:\Dev\Desenvolvimento\Projetos\TradutorDGames\[Kimochi] RJ01696894,www\data\CommonEvents.json,0,.json,utf-8-sig,kana,rpgmaker_common_events,100,$[64].name,1,ピストンb2　ループ
T000061,B0001,D:\Dev\Desenvolvimento\Projetos\TradutorDGames\[Kimochi] RJ01696894,www\data\CommonEvents.json,0,.json,utf-8-sig,cjk,rpgmaker_common_events,100,$[65].list[0].parameters[0],1,PA_INIT 11 12 横 0
T000062,B0001,D:\Dev\Desenvolvimento\Projetos\TradutorDGames\[Kimochi] RJ01696894,www\data\CommonEvents.json,0,.json,utf-8-sig,"cjk,kana",rpgmaker_common_events,100,$[65].name,1,ピストンb3　射精
T000063,B0001,D:\Dev\Desenvolvimento\Projetos\TradutorDGames\[Kimochi] RJ01696894,www\data\CommonEvents.json,0,.json,utf-8-sig,"cjk,kana",rpgmaker_common_events,100,$[66].name,1,ピストンb2　二倍ループ
T000064,B0001,D:\Dev\Desenvolvimento\Projetos\TradutorDGames\[Kimochi] RJ01696894,www\data\CommonEvents.json,0,.json,utf-8-sig,"cjk,kana",rpgmaker_common_events,100,$[67].name,1,ピストンb4　終了画像
T000065,B0001,D:\Dev\Desenvolvimento\Projetos\TradutorDGames\[Kimochi] RJ01696894,www\data\CommonEvents.json,0,.json,utf-8-sig,"cjk,kana",rpgmaker_common_events,100,$[6].name,1,オートアイコン停止、削除
T000066,B0001,D:\Dev\Desenvolvimento\Projetos\TradutorDGames\[Kimochi] RJ01696894,www\data\CommonEvents.json,0,.json,utf-8-sig,"cjk,kana",rpgmaker_common_events,100,$[70].name,1,Gal 選択　重ね
T000067,B0001,D:\Dev\Desenvolvimento\Projetos\TradutorDGames\[Kimochi] RJ01696894,www\data\CommonEvents.json,0,.json,utf-8-sig,"cjk,kana",rpgmaker_common_events,100,$[71].list[2].parameters[0],1,if ($gameScreen.isPointerInnerPicture(i)) return; // どれかに乗っていたら何もしない
T000068,B0001,D:\Dev\Desenvolvimento\Projetos\TradutorDGames\[Kimochi] RJ01696894,www\data\CommonEvents.json,0,.json,utf-8-sig,"cjk,kana",rpgmaker_common_events,100,$[71].list[4].parameters[0],1,$gameScreen.erasePicture(22); // どれにも乗っていなければ削除
T000069,B0001,D:\Dev\Desenvolvimento\Projetos\TradutorDGames\[Kimochi] RJ01696894,www\data\CommonEvents.json,0,.json,utf-8-sig,"cjk,kana",rpgmaker_common_events,100,$[71].name,1,Gal 選択　離す
T000070,B0001,D:\Dev\Desenvolvimento\Projetos\TradutorDGames\[Kimochi] RJ01696894,www\data\CommonEvents.json,0,.json,utf-8-sig,"cjk,kana",rpgmaker_common_events,100,$[72].name,1,Gal タイトル　重ね
T000071,B0001,D:\Dev\Desenvolvimento\Projetos\TradutorDGames\[Kimochi] RJ01696894,www\data\CommonEvents.json,0,.json,utf-8-sig,"cjk,kana",rpgmaker_common_events,100,$[74].name,1,Gal 選択　タイトル戻る
T000072,B0001,D:\Dev\Desenvolvimento\Projetos\TradutorDGames\[Kimochi] RJ01696894,www\data\CommonEvents.json,0,.json,utf-8-sig,"cjk,kana",rpgmaker_common_events,100,$[75].name,1,Gal シーン開始
T000073,B0001,D:\Dev\Desenvolvimento\Projetos\TradutorDGames\[Kimochi] RJ01696894,www\data\CommonEvents.json,0,.json,utf-8-sig,"cjk,kana",rpgmaker_common_events,100,$[76].name,1,Gal シーン終了
T000074,B0001,D:\Dev\Desenvolvimento\Projetos\TradutorDGames\[Kimochi] RJ01696894,www\data\MapInfos.json,0,.json,utf-8-sig,cjk,rpgmaker_map,100,$[11].name,1,路地裏
T000075,B0001,D:\Dev\Desenvolvimento\Projetos\TradutorDGames\[Kimochi] RJ01696894,www\data\MapInfos.json,0,.json,utf-8-sig,cjk,rpgmaker_map,100,$[1].name,1,自室
T000076,B0001,D:\Dev\Desenvolvimento\Projetos\TradutorDGames\[Kimochi] RJ01696894,www\data\MapInfos.json,0,.json,utf-8-sig,cjk,rpgmaker_map,100,$[27].name,1,家廊下
T000077,B0001,D:\Dev\Desenvolvimento\Projetos\TradutorDGames\[Kimochi] RJ01696894,www\data\MapInfos.json,0,.json,utf-8-sig,cjk,rpgmaker_map,100,$[28].name,1,学校玄関
T000078,B0001,D:\Dev\Desenvolvimento\Projetos\TradutorDGames\[Kimochi] RJ01696894,www\data\MapInfos.json,0,.json,utf-8-sig,cjk,rpgmaker_map,100,$[29].name,1,職員室
T000079,B0001,D:\Dev\Desenvolvimento\Projetos\TradutorDGames\[Kimochi] RJ01696894,www\data\MapInfos.json,0,.json,utf-8-sig,kana,rpgmaker_map,100,$[2].name,1,ギャラリー
T000080,B0001,D:\Dev\Desenvolvimento\Projetos\TradutorDGames\[Kimochi] RJ01696894,www\data\MapInfos.json,0,.json,utf-8-sig,cjk,rpgmaker_map,100,$[32].name,1,図書室
T000081,B0001,D:\Dev\Desenvolvimento\Projetos\TradutorDGames\[Kimochi] RJ01696894,www\data\MapInfos.json,0,.json,utf-8-sig,"cjk,kana",rpgmaker_map,100,$[34].name,1,姉の部屋
T000082,B0001,D:\Dev\Desenvolvimento\Projetos\TradutorDGames\[Kimochi] RJ01696894,www\data\MapInfos.json,0,.json,utf-8-sig,cjk,rpgmaker_map,100,$[3].name,1,街路１
T000083,B0001,D:\Dev\Desenvolvimento\Projetos\TradutorDGames\[Kimochi] RJ01696894,www\data\MapInfos.json,0,.json,utf-8-sig,cjk,rpgmaker_map,100,$[4].name,1,酒屋
T000084,B0001,D:\Dev\Desenvolvimento\Projetos\TradutorDGames\[Kimochi] RJ01696894,www\data\MapInfos.json,0,.json,utf-8-sig,cjk,rpgmaker_map,100,$[5].name,1,体育館
T000085,B0001,D:\Dev\Desenvolvimento\Projetos\TradutorDGames\[Kimochi] RJ01696894,www\data\MapInfos.json,0,.json,utf-8-sig,cjk,rpgmaker_map,100,$[7].name,1,街路２ 警官
T000086,B0001,D:\Dev\Desenvolvimento\Projetos\TradutorDGames\[Kimochi] RJ01696894,www\data\MapInfos.json,0,.json,utf-8-sig,cjk,rpgmaker_map,100,$[8].name,1,公園　JC
T000087,B0001,D:\Dev\Desenvolvimento\Projetos\TradutorDGames\[Kimochi] RJ01696894,www\data\MapInfos.json,0,.json,utf-8-sig,kana,rpgmaker_map,100,$[9].name,1,エンディング
T000088,B0001,D:\Dev\Desenvolvimento\Projetos\TradutorDGames\[Kimochi] RJ01696894,www\data\Actors.json,0,.json,utf-8-sig,"cjk,kana",rpgmaker_database,98,$[1].name,1,操作キャラ
T000089,B0001,D:\Dev\Desenvolvimento\Projetos\TradutorDGames\[Kimochi] RJ01696894,www\data\Map001.json,0,.json,utf-8-sig,"cjk,kana",rpgmaker_map,95,$.events[1].pages[0].list[10].parameters[0],1,すると最近与えられた
T000090,B0001,D:\Dev\Desenvolvimento\Projetos\TradutorDGames\[Kimochi] RJ01696894,www\data\Map001.json,0,.json,utf-8-sig,"cjk,kana",rpgmaker_map,95,$.events[1].pages[0].list[11].parameters[0],1,僕のスマホにこんなメールが届く。
T000091,B0001,D:\Dev\Desenvolvimento\Projetos\TradutorDGames\[Kimochi] RJ01696894,www\data\Map001.json,0,.json,utf-8-sig,"cjk,kana",rpgmaker_map,95,$.events[1].pages[0].list[21].parameters[0],1,メールの内容を僕はよく理解できなかった。
T000092,B0001,D:\Dev\Desenvolvimento\Projetos\TradutorDGames\[Kimochi] RJ01696894,www\data\Map001.json,0,.json,utf-8-sig,"cjk,kana",rpgmaker_map,95,$.events[1].pages[0].list[27].parameters[0],1,勝手にアプリがインストールされている……。
T000093,B0001,D:\Dev\Desenvolvimento\Projetos\TradutorDGames\[Kimochi] RJ01696894,www\data\Map001.json,0,.json,utf-8-sig,"cjk,kana",rpgmaker_map,95,$.events[1].pages[0].list[33].parameters[0],1,なんだか面白そうだと思ったので、
T000094,B0001,D:\Dev\Desenvolvimento\Projetos\TradutorDGames\[Kimochi] RJ01696894,www\data\Map001.json,0,.json,utf-8-sig,"cjk,kana",rpgmaker_map,95,$.events[1].pages[0].list[34].parameters[0],1,姉に使ってみることにした。
T000095,B0001,D:\Dev\Desenvolvimento\Projetos\TradutorDGames\[Kimochi] RJ01696894,www\data\Map001.json,0,.json,utf-8-sig,"cjk,kana",rpgmaker_map,95,$.events[1].pages[0].list[6].parameters[0],1,僕は夏休みが始まってからというものの、特にやることはなく、
T000096,B0001,D:\Dev\Desenvolvimento\Projetos\TradutorDGames\[Kimochi] RJ01696894,www\data\Map001.json,0,.json,utf-8-sig,"cjk,kana",rpgmaker_map,95,$.events[1].pages[0].list[7].parameters[0],1,暇を持て余してだらだらと毎日を過ごしていた。
T000097,B0001,D:\Dev\Desenvolvimento\Projetos\TradutorDGames\[Kimochi] RJ01696894,www\data\Map001.json,0,.json,utf-8-sig,"cjk,kana",rpgmaker_map,95,$.events[1].pages[2].list[12].parameters[0],1,とりあえず誰かいるかもしれないし、
T000098,B0001,D:\Dev\Desenvolvimento\Projetos\TradutorDGames\[Kimochi] RJ01696894,www\data\Map001.json,0,.json,utf-8-sig,"cjk,kana",rpgmaker_map,95,$.events[1].pages[2].list[13].parameters[0],1,学校へいってみようかな。
T000099,B0001,D:\Dev\Desenvolvimento\Projetos\TradutorDGames\[Kimochi] RJ01696894,www\data\Map001.json,0,.json,utf-8-sig,"cjk,kana",rpgmaker_map,95,$.events[1].pages[2].list[5].parameters[0],1,なんだかすごい事をしてしまった気がする。
T000100,B0001,D:\Dev\Desenvolvimento\Projetos\TradutorDGames\[Kimochi] RJ01696894,www\data\Map001.json,0,.json,utf-8-sig,"cjk,kana",rpgmaker_map,95,$.events[1].pages[2].list[8].parameters[0],1,ぼくは呆然としつつも、先ほどの快感が頭から離れず、
T000101,B0001,D:\Dev\Desenvolvimento\Projetos\TradutorDGames\[Kimochi] RJ01696894,www\data\Map001.json,0,.json,utf-8-sig,"cjk,kana",rpgmaker_map,95,$.events[1].pages[2].list[9].parameters[0],1,もう次は誰に たねづけ しようかと考えている。
T000102,B0001,D:\Dev\Desenvolvimento\Projetos\TradutorDGames\[Kimochi] RJ01696894,www\data\Map001.json,0,.json,utf-8-sig,"cjk,kana",rpgmaker_map,95,$.events[1].pages[4].list[6].parameters[0],1,僕はしっかり休んで、体力を回復した。
T000103,B0001,D:\Dev\Desenvolvimento\Projetos\TradutorDGames\[Kimochi] RJ01696894,www\data\Map001.json,0,.json,utf-8-sig,"cjk,kana",rpgmaker_map,95,$.events[1].pages[4].list[9].parameters[0],1,今日は街の方に行ってみようかな……。
T000104,B0001,D:\Dev\Desenvolvimento\Projetos\TradutorDGames\[Kimochi] RJ01696894,www\data\Map001.json,0,.json,utf-8-sig,"cjk,kana",rpgmaker_map,95,$.events[1].pages[6].list[12].parameters[0],1,だれか来たようだ。
T000105,B0001,D:\Dev\Desenvolvimento\Projetos\TradutorDGames\[Kimochi] RJ01696894,www\data\Map001.json,0,.json,utf-8-sig,"cjk,kana",rpgmaker_map,95,$.events[1].pages[6].list[6].parameters[0],1,しっかり休んで、体力が回復した僕は
T000106,B0001,D:\Dev\Desenvolvimento\Projetos\TradutorDGames\[Kimochi] RJ01696894,www\data\Map001.json,0,.json,utf-8-sig,"cjk,kana",rpgmaker_map,95,$.events[1].pages[6].list[7].parameters[0],1,今日はどうしようかと考える。
T000107,B0001,D:\Dev\Desenvolvimento\Projetos\TradutorDGames\[Kimochi] RJ01696894,www\data\Map002.json,0,.json,utf-8-sig,"cjk,kana",rpgmaker_map,95,$.events[10].pages[0].list[11].parameters[0],2,玄関へ行くと暑そうなスーツを着た女性が立っていた。
T000108,B0001,D:\Dev\Desenvolvimento\Projetos\TradutorDGames\[Kimochi] RJ01696894,www\data\Map002.json,0,.json,utf-8-sig,"cjk,kana",rpgmaker_map,95,$.events[10].pages[0].list[14].parameters[0],2,「こんにちは～、わたくし生殖促進管理局の
T000109,B0001,D:\Dev\Desenvolvimento\Projetos\TradutorDGames\[Kimochi] RJ01696894,www\data\Map002.json,0,.json,utf-8-sig,"cjk,kana",rpgmaker_map,95,$.events[10].pages[0].list[15].parameters[0],2,小林と申します～」
T000110,B0001,D:\Dev\Desenvolvimento\Projetos\TradutorDGames\[Kimochi] RJ01696894,www\data\Map002.json,0,.json,utf-8-sig,cjk,rpgmaker_map,95,$.events[10].pages[0].list[18].parameters[0],57,小林
T000111,B0001,D:\Dev\Desenvolvimento\Projetos\TradutorDGames\[Kimochi] RJ01696894,www\data\Map002.json,0,.json,utf-8-sig,"cjk,kana",rpgmaker_map,95,$.events[10].pages[0].list[19].parameters[0],2,「お父様かお兄さまはいらっしゃいますか？
T000112,B0001,D:\Dev\Desenvolvimento\Projetos\TradutorDGames\[Kimochi] RJ01696894,www\data\Map002.json,0,.json,utf-8-sig,"cjk,kana",rpgmaker_map,95,$.events[10].pages[0].list[20].parameters[0],2,種付け適任者に選ばれた方の経過を調査しているのですが……」
T000113,B0001,D:\Dev\Desenvolvimento\Projetos\TradutorDGames\[Kimochi] RJ01696894,www\data\Map002.json,0,.json,utf-8-sig,"cjk,kana",rpgmaker_map,95,$.events[10].pages[0].list[24].parameters[0],1,「……？あなたが適任者……？」
T000114,B0001,D:\Dev\Desenvolvimento\Projetos\TradutorDGames\[Kimochi] RJ01696894,www\data\Map002.json,0,.json,utf-8-sig,"cjk,kana",rpgmaker_map,95,$.events[10].pages[0].list[27].parameters[0],2,「え……こんな子が……？」
T000115,B0001,D:\Dev\Desenvolvimento\Projetos\TradutorDGames\[Kimochi] RJ01696894,www\data\Map002.json,0,.json,utf-8-sig,kana,rpgmaker_map,95,$.events[10].pages[0].list[31].parameters[0],2,「あぁいえ、えっと……それじゃあ……
T000116,B0001,D:\Dev\Desenvolvimento\Projetos\TradutorDGames\[Kimochi] RJ01696894,www\data\Map002.json,0,.json,utf-8-sig,"cjk,kana",rpgmaker_map,95,$.events[10].pages[0].list[32].parameters[0],2,活動についていくつかお聞きしたいんですけど……」
T000117,B0001,D:\Dev\Desenvolvimento\Projetos\TradutorDGames\[Kimochi] RJ01696894,www\data\Map002.json,0,.json,utf-8-sig,"cjk,kana",rpgmaker_map,95,$.events[10].pages[0].list[37].parameters[0],2,僕は 小林 にアプリをつかった！
T000118,B0001,D:\Dev\Desenvolvimento\Projetos\TradutorDGames\[Kimochi] RJ01696894,www\data\Map002.json,0,.json,utf-8-sig,kana,rpgmaker_map,95,$.events[10].pages[0].list[43].parameters[0],2,「あの、ちょっと……？」
T000119,B0001,D:\Dev\Desenvolvimento\Projetos\TradutorDGames\[Kimochi] RJ01696894,www\data\Map002.json,0,.json,utf-8-sig,"cjk,kana",rpgmaker_map,95,$.events[10].pages[0].list[49].parameters[0],2,どうやら 小林 には効かないみたいだ……。
T000120,B0001,D:\Dev\Desenvolvimento\Projetos\TradutorDGames\[Kimochi] RJ01696894,www\data\Map002.json,0,.json,utf-8-sig,kana,rpgmaker_map,95,$.events[10].pages[0].list[53].parameters[0],2,「あー……すいません、
T000121,B0001,D:\Dev\Desenvolvimento\Projetos\TradutorDGames\[Kimochi] RJ01696894,www\data\Map002.json,0,.json,utf-8-sig,"cjk,kana",rpgmaker_map,95,$.events[10].pages[0].list[54].parameters[0],2,それ私には効かないんです」
T000122,B0001,D:\Dev\Desenvolvimento\Projetos\TradutorDGames\[Kimochi] RJ01696894,www\data\Map002.json,0,.json,utf-8-sig,"cjk,kana",rpgmaker_map,95,$.events[10].pages[0].list[58].parameters[0],2,「種付けするなら他の女に
T000123,B0001,D:\Dev\Desenvolvimento\Projetos\TradutorDGames\[Kimochi] RJ01696894,www\data\Map002.json,0,.json,utf-8-sig,"cjk,kana",rpgmaker_map,95,$.events[10].pages[0].list[59].parameters[0],2,使ってくださいねー」
T000124,B0001,D:\Dev\Desenvolvimento\Projetos\TradutorDGames\[Kimochi] RJ01696894,www\data\Map002.json,0,.json,utf-8-sig,"cjk,kana",rpgmaker_map,95,$.events[10].pages[0].list[63].parameters[0],2,種付けアプリの様子が……
T000125,B0001,D:\Dev\Desenvolvimento\Projetos\TradutorDGames\[Kimochi] RJ01696894,www\data\Map002.json,0,.json,utf-8-sig,kana,rpgmaker_map,95,$.events[10].pages[0].list[83].parameters[0],2,「ん…………あぇ……？？」
T000126,B0001,D:\Dev\Desenvolvimento\Projetos\TradutorDGames\[Kimochi] RJ01696894,www\data\Map002.json,0,.json,utf-8-sig,"cjk,kana",rpgmaker_map,95,$.events[10].pages[1].list[10].parameters[0],2,種付けを…………？」
T000127,B0001,D:\Dev\Desenvolvimento\Projetos\TradutorDGames\[Kimochi] RJ01696894,www\data\Map002.json,0,.json,utf-8-sig,kana,rpgmaker_map,95,$.events[10].pages[1].list[110].parameters[0],2,「おっ……♥
T000128,B0001,D:\Dev\Desenvolvimento\Projetos\TradutorDGames\[Kimochi] RJ01696894,www\data\Map002.json,0,.json,utf-8-sig,kana,rpgmaker_map,95,$.events[10].pages[1].list[111].parameters[0],2,おぉっ……♥♥」
T000129,B0001,D:\Dev\Desenvolvimento\Projetos\TradutorDGames\[Kimochi] RJ01696894,www\data\Map002.json,0,.json,utf-8-sig,"cjk,kana",rpgmaker_map,95,$.events[10].pages[1].list[115].parameters[0],2,僕は 小林 に種付けした！
T000130,B0001,D:\Dev\Desenvolvimento\Projetos\TradutorDGames\[Kimochi] RJ01696894,www\data\Map002.json,0,.json,utf-8-sig,kana,rpgmaker_map,95,$.events[10].pages[1].list[14].parameters[0],2,「そ、そうだ……
T000131,B0001,D:\Dev\Desenvolvimento\Projetos\TradutorDGames\[Kimochi] RJ01696894,www\data\Map002.json,0,.json,utf-8-sig,"cjk,kana",rpgmaker_map,95,$.events[10].pages[1].list[15].parameters[0],2,実際に私に種付けを行ってもらい
T000132,B0001,D:\Dev\Desenvolvimento\Projetos\TradutorDGames\[Kimochi] RJ01696894,www\data\Map002.json,0,.json,utf-8-sig,"cjk,kana",rpgmaker_map,95,$.events[10].pages[1].list[16].parameters[0],2,様子を確認する必要があるんでした……」
T000133,B0001,D:\Dev\Desenvolvimento\Projetos\TradutorDGames\[Kimochi] RJ01696894,www\data\Map002.json,0,.json,utf-8-sig,kana,rpgmaker_map,95,$.events[10].pages[1].list[29].parameters[0],2,「んっ……おぉっ……♥♥！？」
T000134,B0001,D:\Dev\Desenvolvimento\Projetos\TradutorDGames\[Kimochi] RJ01696894,www\data\Map002.json,0,.json,utf-8-sig,kana,rpgmaker_map,95,$.events[10].pages[1].list[32].parameters[0],2,「あっ……あぁっ……♥♥
T000135,B0001,D:\Dev\Desenvolvimento\Projetos\TradutorDGames\[Kimochi] RJ01696894,www\data\Map002.json,0,.json,utf-8-sig,kana,rpgmaker_map,95,$.events[10].pages[1].list[33].parameters[0],2,これっ……だめっ……♥」
T000136,B0001,D:\Dev\Desenvolvimento\Projetos\TradutorDGames\[Kimochi] RJ01696894,www\data\Map002.json,0,.json,utf-8-sig,"cjk,kana",rpgmaker_map,95,$.events[10].pages[1].list[36].parameters[0],2,「感度っ……♥♥
T000137,B0001,D:\Dev\Desenvolvimento\Projetos\TradutorDGames\[Kimochi] RJ01696894,www\data\Map002.json,0,.json,utf-8-sig,kana,rpgmaker_map,95,$.events[10].pages[1].list[37].parameters[0],2,あげられすぎっ……♥♥」
T000138,B0001,D:\Dev\Desenvolvimento\Projetos\TradutorDGames\[Kimochi] RJ01696894,www\data\Map002.json,0,.json,utf-8-sig,kana,rpgmaker_map,95,$.events[10].pages[1].list[40].parameters[0],2,「いぎぃっ……♥♥
T000139,B0001,D:\Dev\Desenvolvimento\Projetos\TradutorDGames\[Kimochi] RJ01696894,www\data\Map002.json,0,.json,utf-8-sig,kana,rpgmaker_map,95,$.events[10].pages[1].list[41].parameters[0],2,い、いかされっ……♥♥」
T000140,B0001,D:\Dev\Desenvolvimento\Projetos\TradutorDGames\[Kimochi] RJ01696894,www\data\Map002.json,0,.json,utf-8-sig,kana,rpgmaker_map,95,$.events[10].pages[1].list[4].parameters[0],2,「ん…………あれ……？
T000141,B0001,D:\Dev\Desenvolvimento\Projetos\TradutorDGames\[Kimochi] RJ01696894,www\data\Map002.json,0,.json,utf-8-sig,kana,rpgmaker_map,95,$.events[10].pages[1].list[53].parameters[0],2,「んっ……♥♥
T000142,B0001,D:\Dev\Desenvolvimento\Projetos\TradutorDGames\[Kimochi] RJ01696894,www\data\Map002.json,0,.json,utf-8-sig,kana,rpgmaker_map,95,$.events[10].pages[1].list[54].parameters[0],2,おおおぉぉっ……♥♥」
T000143,B0001,D:\Dev\Desenvolvimento\Projetos\TradutorDGames\[Kimochi] RJ01696894,www\data\Map002.json,0,.json,utf-8-sig,kana,rpgmaker_map,95,$.events[10].pages[1].list[5].parameters[0],2,えーと…………」
T000144,B0001,D:\Dev\Desenvolvimento\Projetos\TradutorDGames\[Kimochi] RJ01696894,www\data\Map002.json,0,.json,utf-8-sig,kana,rpgmaker_map,95,$.events[10].pages[1].list[62].parameters[0],2,「あぁっ……♥♥ぁっ……♥♥」
T000145,B0001,D:\Dev\Desenvolvimento\Projetos\TradutorDGames\[Kimochi] RJ01696894,www\data\Map002.json,0,.json,utf-8-sig,kana,rpgmaker_map,95,$.events[10].pages[1].list[65].parameters[0],2,「や、やめっ……♥♥
T000146,B0001,D:\Dev\Desenvolvimento\Projetos\TradutorDGames\[Kimochi] RJ01696894,www\data\Map002.json,0,.json,utf-8-sig,"cjk,kana",rpgmaker_map,95,$.events[10].pages[1].list[66].parameters[0],2,全然奥……♥届いてないのにっ……♥♥」
T000147,B0001,D:\Dev\Desenvolvimento\Projetos\TradutorDGames\[Kimochi] RJ01696894,www\data\Map002.json,0,.json,utf-8-sig,kana,rpgmaker_map,95,$.events[10].pages[1].list[69].parameters[0],2,「き、きもちよすぎっ……♥♥
T000148,B0001,D:\Dev\Desenvolvimento\Projetos\TradutorDGames\[Kimochi] RJ01696894,www\data\Map002.json,0,.json,utf-8-sig,kana,rpgmaker_map,95,$.events[10].pages[1].list[70].parameters[0],2,てっ……♥♥」
T000149,B0001,D:\Dev\Desenvolvimento\Projetos\TradutorDGames\[Kimochi] RJ01696894,www\data\Map002.json,0,.json,utf-8-sig,"cjk,kana",rpgmaker_map,95,$.events[10].pages[1].list[73].parameters[0],2,「頭おかしくなるっ……♥♥」
T000150,B0001,D:\Dev\Desenvolvimento\Projetos\TradutorDGames\[Kimochi] RJ01696894,www\data\Map002.json,0,.json,utf-8-sig,kana,rpgmaker_map,95,$.events[10].pages[1].list[76].parameters[0],2,「んんぁっ……♥♥
T000151,B0001,D:\Dev\Desenvolvimento\Projetos\TradutorDGames\[Kimochi] RJ01696894,www\data\Map002.json,0,.json,utf-8-sig,kana,rpgmaker_map,95,$.events[10].pages[1].list[77].parameters[0],2,も、もう……♥やめっ……♥♥」
T000152,B0001,D:\Dev\Desenvolvimento\Projetos\TradutorDGames\[Kimochi] RJ01696894,www\data\Map002.json,0,.json,utf-8-sig,kana,rpgmaker_map,95,$.events[10].pages[1].list[80].parameters[0],1,「いきころされるぅっ……♥♥」
T000153,B0001,D:\Dev\Desenvolvimento\Projetos\TradutorDGames\[Kimochi] RJ01696894,www\data\Map002.json,0,.json,utf-8-sig,kana,rpgmaker_map,95,$.events[10].pages[1].list[83].parameters[0],2,「あぁっ……♥ま、また……♥♥」
T000154,B0001,D:\Dev\Desenvolvimento\Projetos\TradutorDGames\[Kimochi] RJ01696894,www\data\Map002.json,0,.json,utf-8-sig,kana,rpgmaker_map,95,$.events[10].pages[1].list[86].parameters[0],2,「い、いくっ……♥♥いくいく……♥♥」
T000155,B0001,D:\Dev\Desenvolvimento\Projetos\TradutorDGames\[Kimochi] RJ01696894,www\data\Map002.json,0,.json,utf-8-sig,kana,rpgmaker_map,95,$.events[10].pages[1].list[97].parameters[0],2,「あぁぁっ……♥♥
T000156,B0001,D:\Dev\Desenvolvimento\Projetos\TradutorDGames\[Kimochi] RJ01696894,www\data\Map002.json,0,.json,utf-8-sig,kana,rpgmaker_map,95,$.events[10].pages[1].list[98].parameters[0],2,んんっ……あああぁっ……♥♥♥」
T000157,B0001,D:\Dev\Desenvolvimento\Projetos\TradutorDGames\[Kimochi] RJ01696894,www\data\Map002.json,0,.json,utf-8-sig,kana,rpgmaker_map,95,$.events[10].pages[1].list[9].parameters[0],2,「わ、わたしも……？
T000158,B0001,D:\Dev\Desenvolvimento\Projetos\TradutorDGames\[Kimochi] RJ01696894,www\data\Map002.json,0,.json,utf-8-sig,"cjk,kana",rpgmaker_map,95,$.events[11].pages[0].list[13].parameters[0],1,重ねた時の処理
T000159,B0001,D:\Dev\Desenvolvimento\Projetos\TradutorDGames\[Kimochi] RJ01696894,www\data\Map002.json,0,.json,utf-8-sig,"cjk,kana",rpgmaker_map,95,$.events[11].pages[0].list[17].parameters[0],1,離した時の処理
T000160,B0001,D:\Dev\Desenvolvimento\Projetos\TradutorDGames\[Kimochi] RJ01696894,www\data\Map002.json,0,.json,utf-8-sig,"cjk,kana",rpgmaker_map,95,$.events[11].pages[0].list[21].parameters[0],1,クリックした時、各イベントのスイッチをオン
T000161,B0001,D:\Dev\Desenvolvimento\Projetos\TradutorDGames\[Kimochi] RJ01696894,www\data\Map002.json,0,.json,utf-8-sig,"cjk,kana",rpgmaker_map,95,$.events[1].pages[0].list[11].parameters[0],2,図書室の奥で静かに読書をしている人がいる。
T000162,B0001,D:\Dev\Desenvolvimento\Projetos\TradutorDGames\[Kimochi] RJ01696894,www\data\Map002.json,0,.json,utf-8-sig,"cjk,kana",rpgmaker_map,95,$.events[1].pages[0].list[12].parameters[0],2,僕と同じクラスの モミジ ちゃんだ。
T000163,B0001,D:\Dev\Desenvolvimento\Projetos\TradutorDGames\[Kimochi] RJ01696894,www\data\Map002.json,0,.json,utf-8-sig,kana,rpgmaker_map,95,$.events[1].pages[0].list[15].parameters[0],60,モミジ
T000164,B0001,D:\Dev\Desenvolvimento\Projetos\TradutorDGames\[Kimochi] RJ01696894,www\data\Map002.json,0,.json,utf-8-sig,"cjk,kana",rpgmaker_map,95,$.events[1].pages[0].list[16].parameters[0],2,「あれ？　なんで夏休みなのに学校にいるの？」
T000165,B0001,D:\Dev\Desenvolvimento\Projetos\TradutorDGames\[Kimochi] RJ01696894,www\data\Map002.json,0,.json,utf-8-sig,"cjk,kana",rpgmaker_map,95,$.events[1].pages[0].list[20].parameters[0],2,「私はね、家のクーラーの調子が悪いんだよね
T000166,B0001,D:\Dev\Desenvolvimento\Projetos\TradutorDGames\[Kimochi] RJ01696894,www\data\Map002.json,0,.json,utf-8-sig,"cjk,kana",rpgmaker_map,95,$.events[1].pages[0].list[21].parameters[0],2,ここなら涼しいし」
T000167,B0001,D:\Dev\Desenvolvimento\Projetos\TradutorDGames\[Kimochi] RJ01696894,www\data\Map002.json,0,.json,utf-8-sig,"cjk,kana",rpgmaker_map,95,$.events[1].pages[0].list[25].parameters[0],4,僕は要件を伝える。
T000168,B0001,D:\Dev\Desenvolvimento\Projetos\TradutorDGames\[Kimochi] RJ01696894,www\data\Map002.json,0,.json,utf-8-sig,"cjk,kana",rpgmaker_map,95,$.events[1].pages[0].list[30].parameters[0],2,よくわかんないけど、危ないことじゃないならいいよ？」
T000169,B0001,D:\Dev\Desenvolvimento\Projetos\TradutorDGames\[Kimochi] RJ01696894,www\data\Map002.json,0,.json,utf-8-sig,"cjk,kana",rpgmaker_map,95,$.events[1].pages[0].list[36].parameters[0],2,僕は モミジ にアプリをつかった！
T000170,B0001,D:\Dev\Desenvolvimento\Projetos\TradutorDGames\[Kimochi] RJ01696894,www\data\Map002.json,0,.json,utf-8-sig,kana,rpgmaker_map,95,$.events[1].pages[0].list[44].parameters[0],3,「あ…………」
T000171,B0001,D:\Dev\Desenvolvimento\Projetos\TradutorDGames\[Kimochi] RJ01696894,www\data\Map002.json,0,.json,utf-8-sig,kana,rpgmaker_map,95,$.events[1].pages[0].list[47].parameters[0],2,"モミジは ""にんしきかいへん"" された！"
T000172,B0001,D:\Dev\Desenvolvimento\Projetos\TradutorDGames\[Kimochi] RJ01696894,www\data\Map002.json,0,.json,utf-8-sig,kana,rpgmaker_map,95,$.events[1].pages[1].list[100].parameters[0],2,「んんっ……
T000173,B0001,D:\Dev\Desenvolvimento\Projetos\TradutorDGames\[Kimochi] RJ01696894,www\data\Map002.json,0,.json,utf-8-sig,kana,rpgmaker_map,95,$.events[1].pages[1].list[101].parameters[0],2,あっ……あぁっ……」
T000174,B0001,D:\Dev\Desenvolvimento\Projetos\TradutorDGames\[Kimochi] RJ01696894,www\data\Map002.json,0,.json,utf-8-sig,"cjk,kana",rpgmaker_map,95,$.events[1].pages[1].list[113].parameters[0],2,「な、なんか……すごい気持ちよかった……」
T000175,B0001,D:\Dev\Desenvolvimento\Projetos\TradutorDGames\[Kimochi] RJ01696894,www\data\Map002.json,0,.json,utf-8-sig,kana,rpgmaker_map,95,$.events[1].pages[1].list[117].parameters[0],2,「うぅ……なにこのどろどろ……？
T000176,B0001,D:\Dev\Desenvolvimento\Projetos\TradutorDGames\[Kimochi] RJ01696894,www\data\Map002.json,0,.json,utf-8-sig,kana,rpgmaker_map,95,$.events[1].pages[1].list[118].parameters[0],2,あったかい……」
T000177,B0001,D:\Dev\Desenvolvimento\Projetos\TradutorDGames\[Kimochi] RJ01696894,www\data\Map002.json,0,.json,utf-8-sig,"cjk,kana",rpgmaker_map,95,$.events[1].pages[1].list[121].parameters[0],2,「え？これが赤ちゃんになるの……？」
T000178,B0001,D:\Dev\Desenvolvimento\Projetos\TradutorDGames\[Kimochi] RJ01696894,www\data\Map002.json,0,.json,utf-8-sig,"cjk,kana",rpgmaker_map,95,$.events[1].pages[1].list[124].parameters[0],2,「これで種付け完了なんだ……
T000179,B0001,D:\Dev\Desenvolvimento\Projetos\TradutorDGames\[Kimochi] RJ01696894,www\data\Map002.json,0,.json,utf-8-sig,kana,rpgmaker_map,95,$.events[1].pages[1].list[125].parameters[0],2,へー……」
T000180,B0001,D:\Dev\Desenvolvimento\Projetos\TradutorDGames\[Kimochi] RJ01696894,www\data\Map002.json,0,.json,utf-8-sig,kana,rpgmaker_map,95,$.events[1].pages[1].list[133].parameters[0],2,「……ね、ねえ？
T000181,B0001,D:\Dev\Desenvolvimento\Projetos\TradutorDGames\[Kimochi] RJ01696894,www\data\Map002.json,0,.json,utf-8-sig,"cjk,kana",rpgmaker_map,95,$.events[1].pages[1].list[134].parameters[0],2,また今度これ……やらない？
T000182,B0001,D:\Dev\Desenvolvimento\Projetos\TradutorDGames\[Kimochi] RJ01696894,www\data\Map002.json,0,.json,utf-8-sig,"cjk,kana",rpgmaker_map,95,$.events[1].pages[1].list[135].parameters[0],2,嫌だったらいいけど……」
T000183,B0001,D:\Dev\Desenvolvimento\Projetos\TradutorDGames\[Kimochi] RJ01696894,www\data\Map002.json,0,.json,utf-8-sig,"cjk,kana",rpgmaker_map,95,$.events[1].pages[1].list[139].parameters[0],2,僕は モミジ に種付けした！
T000184,B0001,D:\Dev\Desenvolvimento\Projetos\TradutorDGames\[Kimochi] RJ01696894,www\data\Map002.json,0,.json,utf-8-sig,"cjk,kana",rpgmaker_map,95,$.events[1].pages[1].list[13].parameters[0],2,「私やり方分からないけど大丈夫？」
T000185,B0001,D:\Dev\Desenvolvimento\Projetos\TradutorDGames\[Kimochi] RJ01696894,www\data\Map002.json,0,.json,utf-8-sig,cjk,rpgmaker_map,95,$.events[1].pages[1].list[16].parameters[0],6,PA_INIT 7 12 横 0
T000186,B0001,D:\Dev\Desenvolvimento\Projetos\TradutorDGames\[Kimochi] RJ01696894,www\data\Map002.json,0,.json,utf-8-sig,kana,rpgmaker_map,95,$.events[1].pages[1].list[21].parameters[0],2,「こ、こうしてればいいの……？」
T000187,B0001,D:\Dev\Desenvolvimento\Projetos\TradutorDGames\[Kimochi] RJ01696894,www\data\Map002.json,0,.json,utf-8-sig,kana,rpgmaker_map,95,$.events[1].pages[1].list[24].parameters[0],2,「あ、お、おちんちん……？
T000188,B0001,D:\Dev\Desenvolvimento\Projetos\TradutorDGames\[Kimochi] RJ01696894,www\data\Map002.json,0,.json,utf-8-sig,kana,rpgmaker_map,95,$.events[1].pages[1].list[25].parameters[0],2,ここにいれるの……？」
T000189,B0001,D:\Dev\Desenvolvimento\Projetos\TradutorDGames\[Kimochi] RJ01696894,www\data\Map002.json,0,.json,utf-8-sig,kana,rpgmaker_map,95,$.events[1].pages[1].list[28].parameters[0],2,「こ、これさ……
T000190,B0001,D:\Dev\Desenvolvimento\Projetos\TradutorDGames\[Kimochi] RJ01696894,www\data\Map002.json,0,.json,utf-8-sig,"cjk,kana",rpgmaker_map,95,$.events[1].pages[1].list[29].parameters[0],2,大人の人がやるやつ……じゃない？」
T000191,B0001,D:\Dev\Desenvolvimento\Projetos\TradutorDGames\[Kimochi] RJ01696894,www\data\Map002.json,0,.json,utf-8-sig,kana,rpgmaker_map,95,$.events[1].pages[1].list[32].parameters[0],2,「なんか……
T000192,B0001,D:\Dev\Desenvolvimento\Projetos\TradutorDGames\[Kimochi] RJ01696894,www\data\Map002.json,0,.json,utf-8-sig,"cjk,kana",rpgmaker_map,95,$.events[1].pages[1].list[33].parameters[0],2,やったら、ダメな気が……」
T000193,B0001,D:\Dev\Desenvolvimento\Projetos\TradutorDGames\[Kimochi] RJ01696894,www\data\Map002.json,0,.json,utf-8-sig,kana,rpgmaker_map,95,$.events[1].pages[1].list[39].parameters[0],2,「あっ……いっ……！」
T000194,B0001,D:\Dev\Desenvolvimento\Projetos\TradutorDGames\[Kimochi] RJ01696894,www\data\Map002.json,0,.json,utf-8-sig,"cjk,kana",rpgmaker_map,95,$.events[1].pages[1].list[42].parameters[0],2,「は……入っ……ちゃった……！」
T000195,B0001,D:\Dev\Desenvolvimento\Projetos\TradutorDGames\[Kimochi] RJ01696894,www\data\Map002.json,0,.json,utf-8-sig,"cjk,kana",rpgmaker_map,95,$.events[1].pages[1].list[45].parameters[0],2,「痛くは……無いけど……
T000196,B0001,D:\Dev\Desenvolvimento\Projetos\TradutorDGames\[Kimochi] RJ01696894,www\data\Map002.json,0,.json,utf-8-sig,kana,rpgmaker_map,95,$.events[1].pages[1].list[46].parameters[0],2,なんかへんなかんじ……？」
T000197,B0001,D:\Dev\Desenvolvimento\Projetos\TradutorDGames\[Kimochi] RJ01696894,www\data\Map002.json,0,.json,utf-8-sig,kana,rpgmaker_map,95,$.events[1].pages[1].list[54].parameters[0],2,「なっ……、あっ、あぁっ……」
T000198,B0001,D:\Dev\Desenvolvimento\Projetos\TradutorDGames\[Kimochi] RJ01696894,www\data\Map002.json,0,.json,utf-8-sig,kana,rpgmaker_map,95,$.events[1].pages[1].list[57].parameters[0],2,「なっ……なにこれっ……
T000199,B0001,D:\Dev\Desenvolvimento\Projetos\TradutorDGames\[Kimochi] RJ01696894,www\data\Map002.json,0,.json,utf-8-sig,kana,rpgmaker_map,95,$.events[1].pages[1].list[58].parameters[0],2,なんかっ……これっ……！」
T000200,B0001,D:\Dev\Desenvolvimento\Projetos\TradutorDGames\[Kimochi] RJ01696894,www\data\Map002.json,0,.json,utf-8-sig,"cjk,kana",rpgmaker_map,95,$.events[1].pages[1].list[61].parameters[0],2,「へんなっ……感覚が……
T000201,B0001,D:\Dev\Desenvolvimento\Projetos\TradutorDGames\[Kimochi] RJ01696894,www\data\Map002.json,0,.json,utf-8-sig,kana,rpgmaker_map,95,$.events[1].pages[1].list[62].parameters[0],2,のぼってくるような……」
T000202,B0001,D:\Dev\Desenvolvimento\Projetos\TradutorDGames\[Kimochi] RJ01696894,www\data\Map002.json,0,.json,utf-8-sig,kana,rpgmaker_map,95,$.events[1].pages[1].list[65].parameters[0],2,「いっ……あっ……
T000203,B0001,D:\Dev\Desenvolvimento\Projetos\TradutorDGames\[Kimochi] RJ01696894,www\data\Map002.json,0,.json,utf-8-sig,kana,rpgmaker_map,95,$.events[1].pages[1].list[66].parameters[0],4,あぁっ……」
T000204,B0001,D:\Dev\Desenvolvimento\Projetos\TradutorDGames\[Kimochi] RJ01696894,www\data\Map002.json,0,.json,utf-8-sig,"cjk,kana",rpgmaker_map,95,$.events[1].pages[1].list[69].parameters[0],2,「おなか……押されるの……
T000205,B0001,D:\Dev\Desenvolvimento\Projetos\TradutorDGames\[Kimochi] RJ01696894,www\data\Map002.json,0,.json,utf-8-sig,kana,rpgmaker_map,95,$.events[1].pages[1].list[70].parameters[0],2,きもちいいかも……？」
T000206,B0001,D:\Dev\Desenvolvimento\Projetos\TradutorDGames\[Kimochi] RJ01696894,www\data\Map002.json,0,.json,utf-8-sig,kana,rpgmaker_map,95,$.events[1].pages[1].list[78].parameters[0],2,「なっ……あぁっ……！」
T000207,B0001,D:\Dev\Desenvolvimento\Projetos\TradutorDGames\[Kimochi] RJ01696894,www\data\Map002.json,0,.json,utf-8-sig,kana,rpgmaker_map,95,$.events[1].pages[1].list[81].parameters[0],2,「だ、だめっ……！
T000208,B0001,D:\Dev\Desenvolvimento\Projetos\TradutorDGames\[Kimochi] RJ01696894,www\data\Map002.json,0,.json,utf-8-sig,kana,rpgmaker_map,95,$.events[1].pages[1].list[82].parameters[0],2,なんかこれ……、おかしいっ……！？」
T000209,B0001,D:\Dev\Desenvolvimento\Projetos\TradutorDGames\[Kimochi] RJ01696894,www\data\Map002.json,0,.json,utf-8-sig,kana,rpgmaker_map,95,$.events[1].pages[1].list[85].parameters[0],2,「な、なんか……きちゃう……！
T000210,B0001,D:\Dev\Desenvolvimento\Projetos\TradutorDGames\[Kimochi] RJ01696894,www\data\Map002.json,0,.json,utf-8-sig,kana,rpgmaker_map,95,$.events[1].pages[1].list[86].parameters[0],2,きもちいいのきちゃう……！？」
T000211,B0001,D:\Dev\Desenvolvimento\Projetos\TradutorDGames\[Kimochi] RJ01696894,www\data\Map002.json,0,.json,utf-8-sig,kana,rpgmaker_map,95,$.events[1].pages[1].list[89].parameters[0],2,「あっ……！いぁっ……！？」
T000212,B0001,D:\Dev\Desenvolvimento\Projetos\TradutorDGames\[Kimochi] RJ01696894,www\data\Map002.json,0,.json,utf-8-sig,"cjk,kana",rpgmaker_map,95,$.events[1].pages[1].list[8].parameters[0],2,「えーと、わたしもその種付け……？
T000213,B0001,D:\Dev\Desenvolvimento\Projetos\TradutorDGames\[Kimochi] RJ01696894,www\data\Map002.json,0,.json,utf-8-sig,cjk,rpgmaker_map,95,$.events[1].pages[1].list[91].parameters[0],18,PA_INIT 9 12 横 0
T000214,B0001,D:\Dev\Desenvolvimento\Projetos\TradutorDGames\[Kimochi] RJ01696894,www\data\Map002.json,0,.json,utf-8-sig,"cjk,kana",rpgmaker_map,95,$.events[1].pages[1].list[9].parameters[0],2,に協力しないといけないんだよね？」
T000215,B0001,D:\Dev\Desenvolvimento\Projetos\TradutorDGames\[Kimochi] RJ01696894,www\data\Map002.json,0,.json,utf-8-sig,"cjk,kana",rpgmaker_map,95,$.events[2].pages[0].list[11].parameters[0],2,姉の部屋にいくと部活から
T000216,B0001,D:\Dev\Desenvolvimento\Projetos\TradutorDGames\[Kimochi] RJ01696894,www\data\Map002.json,0,.json,utf-8-sig,"cjk,kana",rpgmaker_map,95,$.events[2].pages[0].list[12].parameters[0],2,帰ってきたばかりの姉がいた。
T000217,B0001,D:\Dev\Desenvolvimento\Projetos\TradutorDGames\[Kimochi] RJ01696894,www\data\Map002.json,0,.json,utf-8-sig,kana,rpgmaker_map,95,$.events[2].pages[0].list[15].parameters[0],70,ナツメ
T000218,B0001,D:\Dev\Desenvolvimento\Projetos\TradutorDGames\[Kimochi] RJ01696894,www\data\Map002.json,0,.json,utf-8-sig,kana,rpgmaker_map,95,$.events[2].pages[0].list[16].parameters[0],2,「んー？なにー？」
T000219,B0001,D:\Dev\Desenvolvimento\Projetos\TradutorDGames\[Kimochi] RJ01696894,www\data\Map002.json,0,.json,utf-8-sig,"cjk,kana",rpgmaker_map,95,$.events[2].pages[0].list[20].parameters[0],2,「アプリ？またへんなもの見つけてきたな……？」
T000220,B0001,D:\Dev\Desenvolvimento\Projetos\TradutorDGames\[Kimochi] RJ01696894,www\data\Map002.json,0,.json,utf-8-sig,kana,rpgmaker_map,95,$.events[2].pages[0].list[24].parameters[0],2,「まあいいけど……」
T000221,B0001,D:\Dev\Desenvolvimento\Projetos\TradutorDGames\[Kimochi] RJ01696894,www\data\Map002.json,0,.json,utf-8-sig,"cjk,kana",rpgmaker_map,95,$.events[2].pages[0].list[29].parameters[0],2,僕は ナツメ にアプリをつかった！
T000222,B0001,D:\Dev\Desenvolvimento\Projetos\TradutorDGames\[Kimochi] RJ01696894,www\data\Map002.json,0,.json,utf-8-sig,kana,rpgmaker_map,95,$.events[2].pages[0].list[40].parameters[0],2,ナツメは にんしきかいへん された！
T000223,B0001,D:\Dev\Desenvolvimento\Projetos\TradutorDGames\[Kimochi] RJ01696894,www\data\Map002.json,0,.json,utf-8-sig,kana,rpgmaker_map,95,$.events[2].pages[1].list[100].parameters[0],2,「こうやっておちんちんを……
T000224,B0001,D:\Dev\Desenvolvimento\Projetos\TradutorDGames\[Kimochi] RJ01696894,www\data\Map002.json,0,.json,utf-8-sig,"cjk,kana",rpgmaker_map,95,$.events[2].pages[1].list[101].parameters[0],2,おまんこに入れて擦るだけだからっ……」
T000225,B0001,D:\Dev\Desenvolvimento\Projetos\TradutorDGames\[Kimochi] RJ01696894,www\data\Map002.json,0,.json,utf-8-sig,"cjk,kana",rpgmaker_map,95,$.events[2].pages[1].list[104].parameters[0],2,「あとは気持ちよくなってっ……
T000226,B0001,D:\Dev\Desenvolvimento\Projetos\TradutorDGames\[Kimochi] RJ01696894,www\data\Map002.json,0,.json,utf-8-sig,kana,rpgmaker_map,95,$.events[2].pages[1].list[105].parameters[0],4,んっ……」
T000227,B0001,D:\Dev\Desenvolvimento\Projetos\TradutorDGames\[Kimochi] RJ01696894,www\data\Map002.json,0,.json,utf-8-sig,"cjk,kana",rpgmaker_map,95,$.events[2].pages[1].list[108].parameters[0],2,「お腹の中に
T000228,B0001,D:\Dev\Desenvolvimento\Projetos\TradutorDGames\[Kimochi] RJ01696894,www\data\Map002.json,0,.json,utf-8-sig,"cjk,kana",rpgmaker_map,95,$.events[2].pages[1].list[109].parameters[0],2,せーしを出すだけだからっ……」
T000229,B0001,D:\Dev\Desenvolvimento\Projetos\TradutorDGames\[Kimochi] RJ01696894,www\data\Map002.json,0,.json,utf-8-sig,kana,rpgmaker_map,95,$.events[2].pages[1].list[117].parameters[0],2,「ど、どう……？でそう……？」
T000230,B0001,D:\Dev\Desenvolvimento\Projetos\TradutorDGames\[Kimochi] RJ01696894,www\data\Map002.json,0,.json,utf-8-sig,kana,rpgmaker_map,95,$.events[2].pages[1].list[120].parameters[0],2,「でそうなら……！
T000231,B0001,D:\Dev\Desenvolvimento\Projetos\TradutorDGames\[Kimochi] RJ01696894,www\data\Map002.json,0,.json,utf-8-sig,"cjk,kana",rpgmaker_map,95,$.events[2].pages[1].list[121].parameters[0],2,そのまま中にだしてっ……」
T000232,B0001,D:\Dev\Desenvolvimento\Projetos\TradutorDGames\[Kimochi] RJ01696894,www\data\Map002.json,0,.json,utf-8-sig,cjk,rpgmaker_map,95,$.events[2].pages[1].list[126].parameters[0],4,PA_INIT 8 12 横 0
T000233,B0001,D:\Dev\Desenvolvimento\Projetos\TradutorDGames\[Kimochi] RJ01696894,www\data\Map002.json,0,.json,utf-8-sig,kana,rpgmaker_map,95,$.events[2].pages[1].list[135].parameters[0],6,「んっ……あぁっ……」
T000234,B0001,D:\Dev\Desenvolvimento\Projetos\TradutorDGames\[Kimochi] RJ01696894,www\data\Map002.json,0,.json,utf-8-sig,"cjk,kana",rpgmaker_map,95,$.events[2].pages[1].list[13].parameters[0],2,「私があんたに ”種付け”
T000235,B0001,D:\Dev\Desenvolvimento\Projetos\TradutorDGames\[Kimochi] RJ01696894,www\data\Map002.json,0,.json,utf-8-sig,kana,rpgmaker_map,95,$.events[2].pages[1].list[147].parameters[0],2,「はぁ……ふぅ……
T000236,B0001,D:\Dev\Desenvolvimento\Projetos\TradutorDGames\[Kimochi] RJ01696894,www\data\Map002.json,0,.json,utf-8-sig,kana,rpgmaker_map,95,$.events[2].pages[1].list[148].parameters[0],2,あっつ…………」
T000237,B0001,D:\Dev\Desenvolvimento\Projetos\TradutorDGames\[Kimochi] RJ01696894,www\data\Map002.json,0,.json,utf-8-sig,kana,rpgmaker_map,95,$.events[2].pages[1].list[14].parameters[0],2,してもらわないといけないんだっけ」
T000238,B0001,D:\Dev\Desenvolvimento\Projetos\TradutorDGames\[Kimochi] RJ01696894,www\data\Map002.json,0,.json,utf-8-sig,"cjk,kana",rpgmaker_map,95,$.events[2].pages[1].list[152].parameters[0],2,「てかすごい出したね……
T000239,B0001,D:\Dev\Desenvolvimento\Projetos\TradutorDGames\[Kimochi] RJ01696894,www\data\Map002.json,0,.json,utf-8-sig,"cjk,kana",rpgmaker_map,95,$.events[2].pages[1].list[153].parameters[0],2,これなら一発で種付けできたんじゃない？」
T000240,B0001,D:\Dev\Desenvolvimento\Projetos\TradutorDGames\[Kimochi] RJ01696894,www\data\Map002.json,0,.json,utf-8-sig,"cjk,kana",rpgmaker_map,95,$.events[2].pages[1].list[157].parameters[0],2,「じゃあ……だいたいこんな感じだから……」
T000241,B0001,D:\Dev\Desenvolvimento\Projetos\TradutorDGames\[Kimochi] RJ01696894,www\data\Map002.json,0,.json,utf-8-sig,"cjk,kana",rpgmaker_map,95,$.events[2].pages[1].list[160].parameters[0],2,「これからも女の子いっぱい
T000242,B0001,D:\Dev\Desenvolvimento\Projetos\TradutorDGames\[Kimochi] RJ01696894,www\data\Map002.json,0,.json,utf-8-sig,"cjk,kana",rpgmaker_map,95,$.events[2].pages[1].list[161].parameters[0],2,孕ませるために
T000243,B0001,D:\Dev\Desenvolvimento\Projetos\TradutorDGames\[Kimochi] RJ01696894,www\data\Map002.json,0,.json,utf-8-sig,"cjk,kana",rpgmaker_map,95,$.events[2].pages[1].list[162].parameters[0],2,種付け頑張ってね……」
T000244,B0001,D:\Dev\Desenvolvimento\Projetos\TradutorDGames\[Kimochi] RJ01696894,www\data\Map002.json,0,.json,utf-8-sig,"cjk,kana",rpgmaker_map,95,$.events[2].pages[1].list[166].parameters[0],2,僕は ナツメ に種付けした！
T000245,B0001,D:\Dev\Desenvolvimento\Projetos\TradutorDGames\[Kimochi] RJ01696894,www\data\Map002.json,0,.json,utf-8-sig,"cjk,kana",rpgmaker_map,95,$.events[2].pages[1].list[18].parameters[0],2,「普通姉弟でとかありえないんだけど……」
T000246,B0001,D:\Dev\Desenvolvimento\Projetos\TradutorDGames\[Kimochi] RJ01696894,www\data\Map002.json,0,.json,utf-8-sig,"cjk,kana",rpgmaker_map,95,$.events[2].pages[1].list[22].parameters[0],2,「そういう決まりになったんだから
T000247,B0001,D:\Dev\Desenvolvimento\Projetos\TradutorDGames\[Kimochi] RJ01696894,www\data\Map002.json,0,.json,utf-8-sig,"cjk,kana",rpgmaker_map,95,$.events[2].pages[1].list[23].parameters[0],2,仕方ないか……」
T000248,B0001,D:\Dev\Desenvolvimento\Projetos\TradutorDGames\[Kimochi] RJ01696894,www\data\Map002.json,0,.json,utf-8-sig,"cjk,kana",rpgmaker_map,95,$.events[2].pages[1].list[27].parameters[0],2,「でもあんたやり方知らないよね？」
T000249,B0001,D:\Dev\Desenvolvimento\Projetos\TradutorDGames\[Kimochi] RJ01696894,www\data\Map002.json,0,.json,utf-8-sig,kana,rpgmaker_map,95,$.events[2].pages[1].list[30].parameters[0],2,「しょうがないなぁ……
T000250,B0001,D:\Dev\Desenvolvimento\Projetos\TradutorDGames\[Kimochi] RJ01696894,www\data\Map002.json,0,.json,utf-8-sig,"cjk,kana",rpgmaker_map,95,$.events[2].pages[1].list[31].parameters[0],2,ちょっと説明するね」
T000251,B0001,D:\Dev\Desenvolvimento\Projetos\TradutorDGames\[Kimochi] RJ01696894,www\data\Map002.json,0,.json,utf-8-sig,cjk,rpgmaker_map,95,$.events[2].pages[1].list[34].parameters[0],2,PA_INIT 4 30 横 0
T000252,B0001,D:\Dev\Desenvolvimento\Projetos\TradutorDGames\[Kimochi] RJ01696894,www\data\Map002.json,0,.json,utf-8-sig,"cjk,kana",rpgmaker_map,95,$.events[2].pages[1].list[40].parameters[0],2,「ほら、見える？女の子はね、
T000253,B0001,D:\Dev\Desenvolvimento\Projetos\TradutorDGames\[Kimochi] RJ01696894,www\data\Map002.json,0,.json,utf-8-sig,"cjk,kana",rpgmaker_map,95,$.events[2].pages[1].list[41].parameters[0],2,ここにおちんちんを入れるための
T000254,B0001,D:\Dev\Desenvolvimento\Projetos\TradutorDGames\[Kimochi] RJ01696894,www\data\Map002.json,0,.json,utf-8-sig,"cjk,kana",rpgmaker_map,95,$.events[2].pages[1].list[42].parameters[0],2,穴が開いてるの」
T000255,B0001,D:\Dev\Desenvolvimento\Projetos\TradutorDGames\[Kimochi] RJ01696894,www\data\Map002.json,0,.json,utf-8-sig,"cjk,kana",rpgmaker_map,95,$.events[2].pages[1].list[45].parameters[0],2,「ここにおちんちんから出る
T000256,B0001,D:\Dev\Desenvolvimento\Projetos\TradutorDGames\[Kimochi] RJ01696894,www\data\Map002.json,0,.json,utf-8-sig,"cjk,kana",rpgmaker_map,95,$.events[2].pages[1].list[46].parameters[0],2,”せーし” をたくさん出したら
T000257,B0001,D:\Dev\Desenvolvimento\Projetos\TradutorDGames\[Kimochi] RJ01696894,www\data\Map002.json,0,.json,utf-8-sig,"cjk,kana",rpgmaker_map,95,$.events[2].pages[1].list[47].parameters[0],2,種付け完了だから……」
T000258,B0001,D:\Dev\Desenvolvimento\Projetos\TradutorDGames\[Kimochi] RJ01696894,www\data\Map002.json,0,.json,utf-8-sig,kana,rpgmaker_map,95,$.events[2].pages[1].list[4].parameters[0],6,「ん……
T000259,B0001,D:\Dev\Desenvolvimento\Projetos\TradutorDGames\[Kimochi] RJ01696894,www\data\Map002.json,0,.json,utf-8-sig,kana,rpgmaker_map,95,$.events[2].pages[1].list[50].parameters[0],2,「とりあえずやってみよっか」
T000260,B0001,D:\Dev\Desenvolvimento\Projetos\TradutorDGames\[Kimochi] RJ01696894,www\data\Map002.json,0,.json,utf-8-sig,"cjk,kana",rpgmaker_map,95,$.events[2].pages[1].list[53].parameters[0],2,「まあ、私も初めてだから
T000261,B0001,D:\Dev\Desenvolvimento\Projetos\TradutorDGames\[Kimochi] RJ01696894,www\data\Map002.json,0,.json,utf-8-sig,"cjk,kana",rpgmaker_map,95,$.events[2].pages[1].list[54].parameters[0],2,上手くできるか分かんないけどね……」
T000262,B0001,D:\Dev\Desenvolvimento\Projetos\TradutorDGames\[Kimochi] RJ01696894,www\data\Map002.json,0,.json,utf-8-sig,"cjk,kana",rpgmaker_map,95,$.events[2].pages[1].list[58].parameters[0],2,僕はよくわからないまま
T000263,B0001,D:\Dev\Desenvolvimento\Projetos\TradutorDGames\[Kimochi] RJ01696894,www\data\Map002.json,0,.json,utf-8-sig,"cjk,kana",rpgmaker_map,95,$.events[2].pages[1].list[59].parameters[0],2,姉にされるがままになった……。
T000264,B0001,D:\Dev\Desenvolvimento\Projetos\TradutorDGames\[Kimochi] RJ01696894,www\data\Map002.json,0,.json,utf-8-sig,"cjk,kana",rpgmaker_map,95,$.events[2].pages[1].list[5].parameters[0],2,あれ……何してたんだっけ？」
T000265,B0001,D:\Dev\Desenvolvimento\Projetos\TradutorDGames\[Kimochi] RJ01696894,www\data\Map002.json,0,.json,utf-8-sig,cjk,rpgmaker_map,95,$.events[2].pages[1].list[60].parameters[0],2,PA_INIT 4 20 横 0
T000266,B0001,D:\Dev\Desenvolvimento\Projetos\TradutorDGames\[Kimochi] RJ01696894,www\data\Map002.json,0,.json,utf-8-sig,kana,rpgmaker_map,95,$.events[2].pages[1].list[66].parameters[0],2,「なんだもうガチガチじゃん、
T000267,B0001,D:\Dev\Desenvolvimento\Projetos\TradutorDGames\[Kimochi] RJ01696894,www\data\Map002.json,0,.json,utf-8-sig,kana,rpgmaker_map,95,$.events[2].pages[1].list[67].parameters[0],2,これならいけそうだね」
T000268,B0001,D:\Dev\Desenvolvimento\Projetos\TradutorDGames\[Kimochi] RJ01696894,www\data\Map002.json,0,.json,utf-8-sig,"cjk,kana",rpgmaker_map,95,$.events[2].pages[1].list[70].parameters[0],2,「じゃ、とりあえず入れてみるね……」
T000269,B0001,D:\Dev\Desenvolvimento\Projetos\TradutorDGames\[Kimochi] RJ01696894,www\data\Map002.json,0,.json,utf-8-sig,cjk,rpgmaker_map,95,$.events[2].pages[1].list[71].parameters[0],2,PA_INIT 5 12 横 0
T000270,B0001,D:\Dev\Desenvolvimento\Projetos\TradutorDGames\[Kimochi] RJ01696894,www\data\Map002.json,0,.json,utf-8-sig,kana,rpgmaker_map,95,$.events[2].pages[1].list[78].parameters[0],4,「んんっ…………」
T000271,B0001,D:\Dev\Desenvolvimento\Projetos\TradutorDGames\[Kimochi] RJ01696894,www\data\Map002.json,0,.json,utf-8-sig,"cjk,kana",rpgmaker_map,95,$.events[2].pages[1].list[81].parameters[0],2,「ほら……入ったでしょ？
T000272,B0001,D:\Dev\Desenvolvimento\Projetos\TradutorDGames\[Kimochi] RJ01696894,www\data\Map002.json,0,.json,utf-8-sig,"cjk,kana",rpgmaker_map,95,$.events[2].pages[1].list[82].parameters[0],2,こんな感じ……」
T000273,B0001,D:\Dev\Desenvolvimento\Projetos\TradutorDGames\[Kimochi] RJ01696894,www\data\Map002.json,0,.json,utf-8-sig,"cjk,kana",rpgmaker_map,95,$.events[2].pages[1].list[85].parameters[0],2,「じゃ、動くから……」
T000274,B0001,D:\Dev\Desenvolvimento\Projetos\TradutorDGames\[Kimochi] RJ01696894,www\data\Map002.json,0,.json,utf-8-sig,kana,rpgmaker_map,95,$.events[2].pages[1].list[93].parameters[0],4,「んっ……んっ……」
T000275,B0001,D:\Dev\Desenvolvimento\Projetos\TradutorDGames\[Kimochi] RJ01696894,www\data\Map002.json,0,.json,utf-8-sig,kana,rpgmaker_map,95,$.events[2].pages[1].list[96].parameters[0],2,「ほ、ほらっ……
T000276,B0001,D:\Dev\Desenvolvimento\Projetos\TradutorDGames\[Kimochi] RJ01696894,www\data\Map002.json,0,.json,utf-8-sig,"cjk,kana",rpgmaker_map,95,$.events[2].pages[1].list[97].parameters[0],2,簡単でしょ……？」
T000277,B0001,D:\Dev\Desenvolvimento\Projetos\TradutorDGames\[Kimochi] RJ01696894,www\data\Map002.json,0,.json,utf-8-sig,kana,rpgmaker_map,95,$.events[2].pages[1].list[9].parameters[0],2,「あ、あーそうだ、たしか……」
T000278,B0001,D:\Dev\Desenvolvimento\Projetos\TradutorDGames\[Kimochi] RJ01696894,www\data\Map002.json,0,.json,utf-8-sig,kana,rpgmaker_map,95,$.events[3].pages[0].list[11].parameters[0],52,リン
T000279,B0001,D:\Dev\Desenvolvimento\Projetos\TradutorDGames\[Kimochi] RJ01696894,www\data\Map002.json,0,.json,utf-8-sig,"cjk,kana",rpgmaker_map,95,$.events[3].pages[0].list[12].parameters[0],2,「おー弟君か」
T000280,B0001,D:\Dev\Desenvolvimento\Projetos\TradutorDGames\[Kimochi] RJ01696894,www\data\Map002.json,0,.json,utf-8-sig,"cjk,kana",rpgmaker_map,95,$.events[3].pages[0].list[16].parameters[0],2,「ナツメなら私との息止め勝負で負けて
T000281,B0001,D:\Dev\Desenvolvimento\Projetos\TradutorDGames\[Kimochi] RJ01696894,www\data\Map002.json,0,.json,utf-8-sig,"cjk,kana",rpgmaker_map,95,$.events[3].pages[0].list[17].parameters[0],2,アイスを買いに行ってるよ」
T000282,B0001,D:\Dev\Desenvolvimento\Projetos\TradutorDGames\[Kimochi] RJ01696894,www\data\Map002.json,0,.json,utf-8-sig,"cjk,kana",rpgmaker_map,95,$.events[3].pages[0].list[21].parameters[0],2,「暇だし何かして遊ぶ？
T000283,B0001,D:\Dev\Desenvolvimento\Projetos\TradutorDGames\[Kimochi] RJ01696894,www\data\Map002.json,0,.json,utf-8-sig,"cjk,kana",rpgmaker_map,95,$.events[3].pages[0].list[22].parameters[0],2,クラクラして起き上がれないけどｗ」
T000284,B0001,D:\Dev\Desenvolvimento\Projetos\TradutorDGames\[Kimochi] RJ01696894,www\data\Map002.json,0,.json,utf-8-sig,kana,rpgmaker_map,95,$.events[3].pages[0].list[26].parameters[0],2,「ん？やりたいことがある？
T000285,B0001,D:\Dev\Desenvolvimento\Projetos\TradutorDGames\[Kimochi] RJ01696894,www\data\Map002.json,0,.json,utf-8-sig,"cjk,kana",rpgmaker_map,95,$.events[3].pages[0].list[27].parameters[0],2,いいよー、お姉さんがなんでもやってあげよう」
T000286,B0001,D:\Dev\Desenvolvimento\Projetos\TradutorDGames\[Kimochi] RJ01696894,www\data\Map002.json,0,.json,utf-8-sig,"cjk,kana",rpgmaker_map,95,$.events[3].pages[0].list[32].parameters[0],2,僕はリンにアプリをつかった！
T000287,B0001,D:\Dev\Desenvolvimento\Projetos\TradutorDGames\[Kimochi] RJ01696894,www\data\Map002.json,0,.json,utf-8-sig,kana,rpgmaker_map,95,$.events[3].pages[0].list[43].parameters[0],2,リンは にんしきかいへん された！
T000288,B0001,D:\Dev\Desenvolvimento\Projetos\TradutorDGames\[Kimochi] RJ01696894,www\data\Map002.json,0,.json,utf-8-sig,kana,rpgmaker_map,95,$.events[3].pages[1].list[100].parameters[0],2,「んんっ……！あぁっ……！」
T000289,B0001,D:\Dev\Desenvolvimento\Projetos\TradutorDGames\[Kimochi] RJ01696894,www\data\Map002.json,0,.json,utf-8-sig,kana,rpgmaker_map,95,$.events[3].pages[1].list[10].parameters[0],2,するってことだよね？」
T000290,B0001,D:\Dev\Desenvolvimento\Projetos\TradutorDGames\[Kimochi] RJ01696894,www\data\Map002.json,0,.json,utf-8-sig,kana,rpgmaker_map,95,$.events[3].pages[1].list[112].parameters[0],2,「あぁっ……あっつ……
T000291,B0001,D:\Dev\Desenvolvimento\Projetos\TradutorDGames\[Kimochi] RJ01696894,www\data\Map002.json,0,.json,utf-8-sig,"cjk,kana",rpgmaker_map,95,$.events[3].pages[1].list[113].parameters[0],2,出しすぎでしょ……」
T000292,B0001,D:\Dev\Desenvolvimento\Projetos\TradutorDGames\[Kimochi] RJ01696894,www\data\Map002.json,0,.json,utf-8-sig,"cjk,kana",rpgmaker_map,95,$.events[3].pages[1].list[116].parameters[0],2,「今日危険日なのに……」
T000293,B0001,D:\Dev\Desenvolvimento\Projetos\TradutorDGames\[Kimochi] RJ01696894,www\data\Map002.json,0,.json,utf-8-sig,kana,rpgmaker_map,95,$.events[3].pages[1].list[120].parameters[0],2,「いや……それでいいのか……？」
T000294,B0001,D:\Dev\Desenvolvimento\Projetos\TradutorDGames\[Kimochi] RJ01696894,www\data\Map002.json,0,.json,utf-8-sig,"cjk,kana",rpgmaker_map,95,$.events[3].pages[1].list[124].parameters[0],2,僕は リン に種付けした！
T000295,B0001,D:\Dev\Desenvolvimento\Projetos\TradutorDGames\[Kimochi] RJ01696894,www\data\Map002.json,0,.json,utf-8-sig,kana,rpgmaker_map,95,$.events[3].pages[1].list[14].parameters[0],2,「いや……いいんだけどさ……
T000296,B0001,D:\Dev\Desenvolvimento\Projetos\TradutorDGames\[Kimochi] RJ01696894,www\data\Map002.json,0,.json,utf-8-sig,"cjk,kana",rpgmaker_map,95,$.events[3].pages[1].list[15].parameters[0],2,なんか違和感があるような……」
T000297,B0001,D:\Dev\Desenvolvimento\Projetos\TradutorDGames\[Kimochi] RJ01696894,www\data\Map002.json,0,.json,utf-8-sig,kana,rpgmaker_map,95,$.events[3].pages[1].list[19].parameters[0],2,「う、うん……
T000298,B0001,D:\Dev\Desenvolvimento\Projetos\TradutorDGames\[Kimochi] RJ01696894,www\data\Map002.json,0,.json,utf-8-sig,"cjk,kana",rpgmaker_map,95,$.events[3].pages[1].list[20].parameters[0],2,種付けは義務……！義務だから……」
T000299,B0001,D:\Dev\Desenvolvimento\Projetos\TradutorDGames\[Kimochi] RJ01696894,www\data\Map002.json,0,.json,utf-8-sig,"cjk,kana",rpgmaker_map,95,$.events[3].pages[1].list[24].parameters[0],2,「仕方ない……か……？」
T000300,B0001,D:\Dev\Desenvolvimento\Projetos\TradutorDGames\[Kimochi] RJ01696894,www\data\Map002.json,0,.json,utf-8-sig,kana,rpgmaker_map,95,$.events[3].pages[1].list[32].parameters[0],2,「え、ちょっとまって……
T000301,B0001,D:\Dev\Desenvolvimento\Projetos\TradutorDGames\[Kimochi] RJ01696894,www\data\Map002.json,0,.json,utf-8-sig,kana,rpgmaker_map,95,$.events[3].pages[1].list[33].parameters[0],2,ほんとうにやるの……？」
T000302,B0001,D:\Dev\Desenvolvimento\Projetos\TradutorDGames\[Kimochi] RJ01696894,www\data\Map002.json,0,.json,utf-8-sig,kana,rpgmaker_map,95,$.events[3].pages[1].list[36].parameters[0],2,「や、やっぱりやめとかない……？」
T000303,B0001,D:\Dev\Desenvolvimento\Projetos\TradutorDGames\[Kimochi] RJ01696894,www\data\Map002.json,0,.json,utf-8-sig,kana,rpgmaker_map,95,$.events[3].pages[1].list[42].parameters[0],2,「んっ………あぁっ……！！」
T000304,B0001,D:\Dev\Desenvolvimento\Projetos\TradutorDGames\[Kimochi] RJ01696894,www\data\Map002.json,0,.json,utf-8-sig,kana,rpgmaker_map,95,$.events[3].pages[1].list[45].parameters[0],2,「あ……え？
T000305,B0001,D:\Dev\Desenvolvimento\Projetos\TradutorDGames\[Kimochi] RJ01696894,www\data\Map002.json,0,.json,utf-8-sig,kana,rpgmaker_map,95,$.events[3].pages[1].list[46].parameters[0],2,はいった……？」
T000306,B0001,D:\Dev\Desenvolvimento\Projetos\TradutorDGames\[Kimochi] RJ01696894,www\data\Map002.json,0,.json,utf-8-sig,"cjk,kana",rpgmaker_map,95,$.events[3].pages[1].list[4].parameters[0],2,「うん、種付けね……
T000307,B0001,D:\Dev\Desenvolvimento\Projetos\TradutorDGames\[Kimochi] RJ01696894,www\data\Map002.json,0,.json,utf-8-sig,kana,rpgmaker_map,95,$.events[3].pages[1].list[54].parameters[0],2,「んっ……あっ……！」
T000308,B0001,D:\Dev\Desenvolvimento\Projetos\TradutorDGames\[Kimochi] RJ01696894,www\data\Map002.json,0,.json,utf-8-sig,kana,rpgmaker_map,95,$.events[3].pages[1].list[57].parameters[0],2,「も、もうちょっとゆっくり……」
T000309,B0001,D:\Dev\Desenvolvimento\Projetos\TradutorDGames\[Kimochi] RJ01696894,www\data\Map002.json,0,.json,utf-8-sig,"cjk,kana",rpgmaker_map,95,$.events[3].pages[1].list[5].parameters[0],2,種付け……？」
T000310,B0001,D:\Dev\Desenvolvimento\Projetos\TradutorDGames\[Kimochi] RJ01696894,www\data\Map002.json,0,.json,utf-8-sig,"cjk,kana",rpgmaker_map,95,$.events[3].pages[1].list[60].parameters[0],2,「痛くないけど……」
T000311,B0001,D:\Dev\Desenvolvimento\Projetos\TradutorDGames\[Kimochi] RJ01696894,www\data\Map002.json,0,.json,utf-8-sig,"cjk,kana",rpgmaker_map,95,$.events[3].pages[1].list[63].parameters[0],2,「なんか……違和感が……」
T000312,B0001,D:\Dev\Desenvolvimento\Projetos\TradutorDGames\[Kimochi] RJ01696894,www\data\Map002.json,0,.json,utf-8-sig,kana,rpgmaker_map,95,$.events[3].pages[1].list[66].parameters[0],2,「あぁっ……」
T000313,B0001,D:\Dev\Desenvolvimento\Projetos\TradutorDGames\[Kimochi] RJ01696894,www\data\Map002.json,0,.json,utf-8-sig,kana,rpgmaker_map,95,$.events[3].pages[1].list[74].parameters[0],2,「あっ……あっ……
T000314,B0001,D:\Dev\Desenvolvimento\Projetos\TradutorDGames\[Kimochi] RJ01696894,www\data\Map002.json,0,.json,utf-8-sig,kana,rpgmaker_map,95,$.events[3].pages[1].list[75].parameters[0],2,ちょ、ちょっときもちいい……？？」
T000315,B0001,D:\Dev\Desenvolvimento\Projetos\TradutorDGames\[Kimochi] RJ01696894,www\data\Map002.json,0,.json,utf-8-sig,kana,rpgmaker_map,95,$.events[3].pages[1].list[78].parameters[0],4,「あっ……
T000316,B0001,D:\Dev\Desenvolvimento\Projetos\TradutorDGames\[Kimochi] RJ01696894,www\data\Map002.json,0,.json,utf-8-sig,"cjk,kana",rpgmaker_map,95,$.events[3].pages[1].list[79].parameters[0],2,こ、これ……中に出すんだよね……？」
T000317,B0001,D:\Dev\Desenvolvimento\Projetos\TradutorDGames\[Kimochi] RJ01696894,www\data\Map002.json,0,.json,utf-8-sig,kana,rpgmaker_map,95,$.events[3].pages[1].list[82].parameters[0],2,「い、いや……いいけど……」
T000318,B0001,D:\Dev\Desenvolvimento\Projetos\TradutorDGames\[Kimochi] RJ01696894,www\data\Map002.json,0,.json,utf-8-sig,"cjk,kana",rpgmaker_map,95,$.events[3].pages[1].list[85].parameters[0],2,「う、うん……大丈夫……！
T000319,B0001,D:\Dev\Desenvolvimento\Projetos\TradutorDGames\[Kimochi] RJ01696894,www\data\Map002.json,0,.json,utf-8-sig,"cjk,kana",rpgmaker_map,95,$.events[3].pages[1].list[86].parameters[0],2,全部中にだして……！」
T000320,B0001,D:\Dev\Desenvolvimento\Projetos\TradutorDGames\[Kimochi] RJ01696894,www\data\Map002.json,0,.json,utf-8-sig,kana,rpgmaker_map,95,$.events[3].pages[1].list[89].parameters[0],2,「いっ……あっ……あぁっ……！」
T000321,B0001,D:\Dev\Desenvolvimento\Projetos\TradutorDGames\[Kimochi] RJ01696894,www\data\Map002.json,0,.json,utf-8-sig,"cjk,kana",rpgmaker_map,95,$.events[3].pages[1].list[9].parameters[0],2,「え？要するに今から私とエッチ
T000322,B0001,D:\Dev\Desenvolvimento\Projetos\TradutorDGames\[Kimochi] RJ01696894,www\data\Map002.json,0,.json,utf-8-sig,"cjk,kana",rpgmaker_map,95,$.events[4].pages[0].list[12].parameters[0],2,この暑さの中、元気に走り回っている女子がいる。
T000323,B0001,D:\Dev\Desenvolvimento\Projetos\TradutorDGames\[Kimochi] RJ01696894,www\data\Map002.json,0,.json,utf-8-sig,kana,rpgmaker_map,95,$.events[4].pages[0].list[14].parameters[0],60,ヒマリ
T000324,B0001,D:\Dev\Desenvolvimento\Projetos\TradutorDGames\[Kimochi] RJ01696894,www\data\Map002.json,0,.json,utf-8-sig,"cjk,kana",rpgmaker_map,95,$.events[4].pages[0].list[15].parameters[0],2,「あれー？ボク君じゃん！」
T000325,B0001,D:\Dev\Desenvolvimento\Projetos\TradutorDGames\[Kimochi] RJ01696894,www\data\Map002.json,0,.json,utf-8-sig,"cjk,kana",rpgmaker_map,95,$.events[4].pages[0].list[18].parameters[0],2,同じクラスの女子のヒマリちゃんが一人で遊んでいた。
T000326,B0001,D:\Dev\Desenvolvimento\Projetos\TradutorDGames\[Kimochi] RJ01696894,www\data\Map002.json,0,.json,utf-8-sig,"cjk,kana",rpgmaker_map,95,$.events[4].pages[0].list[22].parameters[0],2,「ボク君も暇で学校に来たの？
T000327,B0001,D:\Dev\Desenvolvimento\Projetos\TradutorDGames\[Kimochi] RJ01696894,www\data\Map002.json,0,.json,utf-8-sig,"cjk,kana",rpgmaker_map,95,$.events[4].pages[0].list[23].parameters[0],2,じゃあ一緒にあそぼ！」
T000328,B0001,D:\Dev\Desenvolvimento\Projetos\TradutorDGames\[Kimochi] RJ01696894,www\data\Map002.json,0,.json,utf-8-sig,"cjk,kana",rpgmaker_map,95,$.events[4].pages[0].list[26].parameters[0],2,僕はしばらく一緒に遊ぶことにした。
T000329,B0001,D:\Dev\Desenvolvimento\Projetos\TradutorDGames\[Kimochi] RJ01696894,www\data\Map002.json,0,.json,utf-8-sig,kana,rpgmaker_map,95,$.events[4].pages[0].list[32].parameters[0],2,「はぁ……はぁ……
T000330,B0001,D:\Dev\Desenvolvimento\Projetos\TradutorDGames\[Kimochi] RJ01696894,www\data\Map002.json,0,.json,utf-8-sig,"cjk,kana",rpgmaker_map,95,$.events[4].pages[0].list[33].parameters[0],2,汗だくになっちゃったね……！」
T000331,B0001,D:\Dev\Desenvolvimento\Projetos\TradutorDGames\[Kimochi] RJ01696894,www\data\Map002.json,0,.json,utf-8-sig,"cjk,kana",rpgmaker_map,95,$.events[4].pages[0].list[39].parameters[0],2,僕はヒマリちゃんの張り付いた服を見て
T000332,B0001,D:\Dev\Desenvolvimento\Projetos\TradutorDGames\[Kimochi] RJ01696894,www\data\Map002.json,0,.json,utf-8-sig,"cjk,kana",rpgmaker_map,95,$.events[4].pages[0].list[40].parameters[0],2,自分の目的を思い出す。
T000333,B0001,D:\Dev\Desenvolvimento\Projetos\TradutorDGames\[Kimochi] RJ01696894,www\data\Map002.json,0,.json,utf-8-sig,"cjk,kana",rpgmaker_map,95,$.events[4].pages[0].list[44].parameters[0],2,「え？ヒマリに用があったの？
T000334,B0001,D:\Dev\Desenvolvimento\Projetos\TradutorDGames\[Kimochi] RJ01696894,www\data\Map002.json,0,.json,utf-8-sig,kana,rpgmaker_map,95,$.events[4].pages[0].list[45].parameters[0],2,なにー？」
T000335,B0001,D:\Dev\Desenvolvimento\Projetos\TradutorDGames\[Kimochi] RJ01696894,www\data\Map002.json,0,.json,utf-8-sig,kana,rpgmaker_map,95,$.events[4].pages[0].list[49].parameters[0],2,「たねづけ？なにそれ？」
T000336,B0001,D:\Dev\Desenvolvimento\Projetos\TradutorDGames\[Kimochi] RJ01696894,www\data\Map002.json,0,.json,utf-8-sig,kana,rpgmaker_map,95,$.events[4].pages[0].list[53].parameters[0],2,「よくわかんないけどいいよー！」
T000337,B0001,D:\Dev\Desenvolvimento\Projetos\TradutorDGames\[Kimochi] RJ01696894,www\data\Map002.json,0,.json,utf-8-sig,"cjk,kana",rpgmaker_map,95,$.events[4].pages[0].list[59].parameters[0],2,僕は ヒマリ にアプリをつかった！
T000338,B0001,D:\Dev\Desenvolvimento\Projetos\TradutorDGames\[Kimochi] RJ01696894,www\data\Map002.json,0,.json,utf-8-sig,kana,rpgmaker_map,95,$.events[4].pages[0].list[67].parameters[0],2,「んっ…………
T000339,B0001,D:\Dev\Desenvolvimento\Projetos\TradutorDGames\[Kimochi] RJ01696894,www\data\Map002.json,0,.json,utf-8-sig,kana,rpgmaker_map,95,$.events[4].pages[0].list[71].parameters[0],2,"ヒマリは ""にんしきかいへん"" された！"
T000340,B0001,D:\Dev\Desenvolvimento\Projetos\TradutorDGames\[Kimochi] RJ01696894,www\data\Map002.json,0,.json,utf-8-sig,kana,rpgmaker_map,95,$.events[4].pages[1].list[102].parameters[0],2,「あぁっ……あぁ……
T000341,B0001,D:\Dev\Desenvolvimento\Projetos\TradutorDGames\[Kimochi] RJ01696894,www\data\Map002.json,0,.json,utf-8-sig,kana,rpgmaker_map,95,$.events[4].pages[1].list[103].parameters[0],2,いぎぃぃっ…………」
T000342,B0001,D:\Dev\Desenvolvimento\Projetos\TradutorDGames\[Kimochi] RJ01696894,www\data\Map002.json,0,.json,utf-8-sig,kana,rpgmaker_map,95,$.events[4].pages[1].list[114].parameters[0],4,「んっ……あっ……」
T000343,B0001,D:\Dev\Desenvolvimento\Projetos\TradutorDGames\[Kimochi] RJ01696894,www\data\Map002.json,0,.json,utf-8-sig,"cjk,kana",rpgmaker_map,95,$.events[4].pages[1].list[118].parameters[0],2,「な、なんか……ちょっと怖かったけど
T000344,B0001,D:\Dev\Desenvolvimento\Projetos\TradutorDGames\[Kimochi] RJ01696894,www\data\Map002.json,0,.json,utf-8-sig,kana,rpgmaker_map,95,$.events[4].pages[1].list[119].parameters[0],2,きもちよかった……！」
T000345,B0001,D:\Dev\Desenvolvimento\Projetos\TradutorDGames\[Kimochi] RJ01696894,www\data\Map002.json,0,.json,utf-8-sig,kana,rpgmaker_map,95,$.events[4].pages[1].list[123].parameters[0],2,「またやろうね……！」
T000346,B0001,D:\Dev\Desenvolvimento\Projetos\TradutorDGames\[Kimochi] RJ01696894,www\data\Map002.json,0,.json,utf-8-sig,"cjk,kana",rpgmaker_map,95,$.events[4].pages[1].list[127].parameters[0],2,僕は ヒマリ に種付けした！
T000347,B0001,D:\Dev\Desenvolvimento\Projetos\TradutorDGames\[Kimochi] RJ01696894,www\data\Map002.json,0,.json,utf-8-sig,kana,rpgmaker_map,95,$.events[4].pages[1].list[13].parameters[0],2,「たねづけ……？
T000348,B0001,D:\Dev\Desenvolvimento\Projetos\TradutorDGames\[Kimochi] RJ01696894,www\data\Map002.json,0,.json,utf-8-sig,kana,rpgmaker_map,95,$.events[4].pages[1].list[14].parameters[0],2,してもらえばいいんだよね！」
T000349,B0001,D:\Dev\Desenvolvimento\Projetos\TradutorDGames\[Kimochi] RJ01696894,www\data\Map002.json,0,.json,utf-8-sig,"cjk,kana",rpgmaker_map,95,$.events[4].pages[1].list[17].parameters[0],2,「よくわかんないけど、協力するね！」
T000350,B0001,D:\Dev\Desenvolvimento\Projetos\TradutorDGames\[Kimochi] RJ01696894,www\data\Map002.json,0,.json,utf-8-sig,kana,rpgmaker_map,95,$.events[4].pages[1].list[25].parameters[0],2,「え……？
T000351,B0001,D:\Dev\Desenvolvimento\Projetos\TradutorDGames\[Kimochi] RJ01696894,www\data\Map002.json,0,.json,utf-8-sig,"cjk,kana",rpgmaker_map,95,$.events[4].pages[1].list[26].parameters[0],2,こ、ここにおちんちん入れるの？」
T000352,B0001,D:\Dev\Desenvolvimento\Projetos\TradutorDGames\[Kimochi] RJ01696894,www\data\Map002.json,0,.json,utf-8-sig,kana,rpgmaker_map,95,$.events[4].pages[1].list[29].parameters[0],2,「い、いいけど……
T000353,B0001,D:\Dev\Desenvolvimento\Projetos\TradutorDGames\[Kimochi] RJ01696894,www\data\Map002.json,0,.json,utf-8-sig,"cjk,kana",rpgmaker_map,95,$.events[4].pages[1].list[30].parameters[0],2,入るかな……？」
T000354,B0001,D:\Dev\Desenvolvimento\Projetos\TradutorDGames\[Kimochi] RJ01696894,www\data\Map002.json,0,.json,utf-8-sig,kana,rpgmaker_map,95,$.events[4].pages[1].list[36].parameters[0],2,「んっ……！あっ、あぁっ……！」
T000355,B0001,D:\Dev\Desenvolvimento\Projetos\TradutorDGames\[Kimochi] RJ01696894,www\data\Map002.json,0,.json,utf-8-sig,"cjk,kana",rpgmaker_map,95,$.events[4].pages[1].list[39].parameters[0],2,「お、おちんちん入っ……！？
T000356,B0001,D:\Dev\Desenvolvimento\Projetos\TradutorDGames\[Kimochi] RJ01696894,www\data\Map002.json,0,.json,utf-8-sig,kana,rpgmaker_map,95,$.events[4].pages[1].list[40].parameters[0],2,……った！？」
T000357,B0001,D:\Dev\Desenvolvimento\Projetos\TradutorDGames\[Kimochi] RJ01696894,www\data\Map002.json,0,.json,utf-8-sig,kana,rpgmaker_map,95,$.events[4].pages[1].list[43].parameters[0],4,「こ、これっ……
T000358,B0001,D:\Dev\Desenvolvimento\Projetos\TradutorDGames\[Kimochi] RJ01696894,www\data\Map002.json,0,.json,utf-8-sig,kana,rpgmaker_map,95,$.events[4].pages[1].list[44].parameters[0],2,これが たねづけ なの……？？」
T000359,B0001,D:\Dev\Desenvolvimento\Projetos\TradutorDGames\[Kimochi] RJ01696894,www\data\Map002.json,0,.json,utf-8-sig,"cjk,kana",rpgmaker_map,95,$.events[4].pages[1].list[47].parameters[0],2,「ちょっとっ……苦しいかも……」
T000360,B0001,D:\Dev\Desenvolvimento\Projetos\TradutorDGames\[Kimochi] RJ01696894,www\data\Map002.json,0,.json,utf-8-sig,kana,rpgmaker_map,95,$.events[4].pages[1].list[55].parameters[0],4,「あっ……あぁっ……」
T000361,B0001,D:\Dev\Desenvolvimento\Projetos\TradutorDGames\[Kimochi] RJ01696894,www\data\Map002.json,0,.json,utf-8-sig,kana,rpgmaker_map,95,$.events[4].pages[1].list[58].parameters[0],2,「な、なにこれぇっ…
T000362,B0001,D:\Dev\Desenvolvimento\Projetos\TradutorDGames\[Kimochi] RJ01696894,www\data\Map002.json,0,.json,utf-8-sig,"cjk,kana",rpgmaker_map,95,$.events[4].pages[1].list[59].parameters[0],2,なんかっ……声でちゃうっ……」
T000363,B0001,D:\Dev\Desenvolvimento\Projetos\TradutorDGames\[Kimochi] RJ01696894,www\data\Map002.json,0,.json,utf-8-sig,kana,rpgmaker_map,95,$.events[4].pages[1].list[62].parameters[0],2,「こ、このまま……
T000364,B0001,D:\Dev\Desenvolvimento\Projetos\TradutorDGames\[Kimochi] RJ01696894,www\data\Map002.json,0,.json,utf-8-sig,"cjk,kana",rpgmaker_map,95,$.events[4].pages[1].list[63].parameters[0],2,なかにせーし？出したら完了なの……？」
T000365,B0001,D:\Dev\Desenvolvimento\Projetos\TradutorDGames\[Kimochi] RJ01696894,www\data\Map002.json,0,.json,utf-8-sig,kana,rpgmaker_map,95,$.events[4].pages[1].list[66].parameters[0],2,「わ、わかった……！」
T000366,B0001,D:\Dev\Desenvolvimento\Projetos\TradutorDGames\[Kimochi] RJ01696894,www\data\Map002.json,0,.json,utf-8-sig,kana,rpgmaker_map,95,$.events[4].pages[1].list[74].parameters[0],2,「んっ　あっ　あっ……」
T000367,B0001,D:\Dev\Desenvolvimento\Projetos\TradutorDGames\[Kimochi] RJ01696894,www\data\Map002.json,0,.json,utf-8-sig,"cjk,kana",rpgmaker_map,95,$.events[4].pages[1].list[77].parameters[0],2,「な、なんかっ……体っ……？
T000368,B0001,D:\Dev\Desenvolvimento\Projetos\TradutorDGames\[Kimochi] RJ01696894,www\data\Map002.json,0,.json,utf-8-sig,kana,rpgmaker_map,95,$.events[4].pages[1].list[78].parameters[0],2,へんになってきた……」
T000369,B0001,D:\Dev\Desenvolvimento\Projetos\TradutorDGames\[Kimochi] RJ01696894,www\data\Map002.json,0,.json,utf-8-sig,kana,rpgmaker_map,95,$.events[4].pages[1].list[81].parameters[0],2,「あぁっ……
T000370,B0001,D:\Dev\Desenvolvimento\Projetos\TradutorDGames\[Kimochi] RJ01696894,www\data\Map002.json,0,.json,utf-8-sig,kana,rpgmaker_map,95,$.events[4].pages[1].list[82].parameters[0],2,ま、まって……な、なんか
T000371,B0001,D:\Dev\Desenvolvimento\Projetos\TradutorDGames\[Kimochi] RJ01696894,www\data\Map002.json,0,.json,utf-8-sig,kana,rpgmaker_map,95,$.events[4].pages[1].list[83].parameters[0],2,きちゃっ……うっ……」
T000372,B0001,D:\Dev\Desenvolvimento\Projetos\TradutorDGames\[Kimochi] RJ01696894,www\data\Map002.json,0,.json,utf-8-sig,kana,rpgmaker_map,95,$.events[4].pages[1].list[86].parameters[0],2,「だ、だめっ……からだっ……
T000373,B0001,D:\Dev\Desenvolvimento\Projetos\TradutorDGames\[Kimochi] RJ01696894,www\data\Map002.json,0,.json,utf-8-sig,kana,rpgmaker_map,95,$.events[4].pages[1].list[87].parameters[0],2,おかしくなるっ……」
T000374,B0001,D:\Dev\Desenvolvimento\Projetos\TradutorDGames\[Kimochi] RJ01696894,www\data\Map002.json,0,.json,utf-8-sig,kana,rpgmaker_map,95,$.events[4].pages[1].list[8].parameters[0],2,「あー、えーっと？
T000375,B0001,D:\Dev\Desenvolvimento\Projetos\TradutorDGames\[Kimochi] RJ01696894,www\data\Map002.json,0,.json,utf-8-sig,kana,rpgmaker_map,95,$.events[4].pages[1].list[90].parameters[0],2,「いっ、いぎっ……
T000376,B0001,D:\Dev\Desenvolvimento\Projetos\TradutorDGames\[Kimochi] RJ01696894,www\data\Map002.json,0,.json,utf-8-sig,kana,rpgmaker_map,95,$.events[4].pages[1].list[91].parameters[0],2,あぁっ……あっ……！？」
T000377,B0001,D:\Dev\Desenvolvimento\Projetos\TradutorDGames\[Kimochi] RJ01696894,www\data\Map002.json,0,.json,utf-8-sig,"cjk,kana",rpgmaker_map,95,$.events[4].pages[1].list[9].parameters[0],2,ヒマリがボク君に……」
T000378,B0001,D:\Dev\Desenvolvimento\Projetos\TradutorDGames\[Kimochi] RJ01696894,www\data\Map002.json,0,.json,utf-8-sig,kana,rpgmaker_map,95,$.events[5].pages[0].list[10].parameters[0],58,サツキ
T000379,B0001,D:\Dev\Desenvolvimento\Projetos\TradutorDGames\[Kimochi] RJ01696894,www\data\Map002.json,0,.json,utf-8-sig,kana,rpgmaker_map,95,$.events[5].pages[0].list[11].parameters[0],2,「おー！きたのか！」
T000380,B0001,D:\Dev\Desenvolvimento\Projetos\TradutorDGames\[Kimochi] RJ01696894,www\data\Map002.json,0,.json,utf-8-sig,"cjk,kana",rpgmaker_map,95,$.events[5].pages[0].list[14].parameters[0],2,僕の担任の 吉宮先生 だ。
T000381,B0001,D:\Dev\Desenvolvimento\Projetos\TradutorDGames\[Kimochi] RJ01696894,www\data\Map002.json,0,.json,utf-8-sig,"cjk,kana",rpgmaker_map,95,$.events[5].pages[0].list[18].parameters[0],2,「ちょうどよかった、いまから倉庫の
T000382,B0001,D:\Dev\Desenvolvimento\Projetos\TradutorDGames\[Kimochi] RJ01696894,www\data\Map002.json,0,.json,utf-8-sig,"cjk,kana",rpgmaker_map,95,$.events[5].pages[0].list[19].parameters[0],2,整理するから手伝ってくれ！」
T000383,B0001,D:\Dev\Desenvolvimento\Projetos\TradutorDGames\[Kimochi] RJ01696894,www\data\Map002.json,0,.json,utf-8-sig,"cjk,kana",rpgmaker_map,95,$.events[5].pages[0].list[22].parameters[0],2,「暑くて全くやる気が出なかったんだ！」
T000384,B0001,D:\Dev\Desenvolvimento\Projetos\TradutorDGames\[Kimochi] RJ01696894,www\data\Map002.json,0,.json,utf-8-sig,"cjk,kana",rpgmaker_map,95,$.events[5].pages[0].list[25].parameters[0],2,どうやらタイミングが悪かったようだ……。
T000385,B0001,D:\Dev\Desenvolvimento\Projetos\TradutorDGames\[Kimochi] RJ01696894,www\data\Map002.json,0,.json,utf-8-sig,"cjk,kana",rpgmaker_map,95,$.events[5].pages[0].list[32].parameters[0],2,僕は蒸し暑い倉庫の中で、だらだと汗を流しせっせと働いた。
T000386,B0001,D:\Dev\Desenvolvimento\Projetos\TradutorDGames\[Kimochi] RJ01696894,www\data\Map002.json,0,.json,utf-8-sig,"cjk,kana",rpgmaker_map,95,$.events[5].pages[0].list[36].parameters[0],2,「ふぅ……いやぁ本当に助かった！一人だと倒れてたかもな！
T000387,B0001,D:\Dev\Desenvolvimento\Projetos\TradutorDGames\[Kimochi] RJ01696894,www\data\Map002.json,0,.json,utf-8-sig,kana,rpgmaker_map,95,$.events[5].pages[0].list[37].parameters[0],2,ありがとう！！」
T000388,B0001,D:\Dev\Desenvolvimento\Projetos\TradutorDGames\[Kimochi] RJ01696894,www\data\Map002.json,0,.json,utf-8-sig,"cjk,kana",rpgmaker_map,95,$.events[5].pages[0].list[41].parameters[0],2,「ところで何か用事があって学校へ来たんじゃないのか？」
T000389,B0001,D:\Dev\Desenvolvimento\Projetos\TradutorDGames\[Kimochi] RJ01696894,www\data\Map002.json,0,.json,utf-8-sig,"cjk,kana",rpgmaker_map,95,$.events[5].pages[0].list[44].parameters[0],2,完全に忘れていた……。
T000390,B0001,D:\Dev\Desenvolvimento\Projetos\TradutorDGames\[Kimochi] RJ01696894,www\data\Map002.json,0,.json,utf-8-sig,"cjk,kana",rpgmaker_map,95,$.events[5].pages[0].list[45].parameters[0],2,僕はスマホを先生に向ける。
T000391,B0001,D:\Dev\Desenvolvimento\Projetos\TradutorDGames\[Kimochi] RJ01696894,www\data\Map002.json,0,.json,utf-8-sig,"cjk,kana",rpgmaker_map,95,$.events[5].pages[0].list[49].parameters[0],2,「ん、写真か？記念に撮っておくか
T000392,B0001,D:\Dev\Desenvolvimento\Projetos\TradutorDGames\[Kimochi] RJ01696894,www\data\Map002.json,0,.json,utf-8-sig,"cjk,kana",rpgmaker_map,95,$.events[5].pages[0].list[50].parameters[0],2,撮るなら綺麗に撮ってくれな」
T000393,B0001,D:\Dev\Desenvolvimento\Projetos\TradutorDGames\[Kimochi] RJ01696894,www\data\Map002.json,0,.json,utf-8-sig,"cjk,kana",rpgmaker_map,95,$.events[5].pages[0].list[55].parameters[0],2,僕は サツキ にアプリをつかった！
T000394,B0001,D:\Dev\Desenvolvimento\Projetos\TradutorDGames\[Kimochi] RJ01696894,www\data\Map002.json,0,.json,utf-8-sig,kana,rpgmaker_map,95,$.events[5].pages[0].list[63].parameters[0],2,「う……、んん……？」
T000395,B0001,D:\Dev\Desenvolvimento\Projetos\TradutorDGames\[Kimochi] RJ01696894,www\data\Map002.json,0,.json,utf-8-sig,kana,rpgmaker_map,95,$.events[5].pages[0].list[66].parameters[0],2,"サツキは ""にんしきかいへん"" された！"
T000396,B0001,D:\Dev\Desenvolvimento\Projetos\TradutorDGames\[Kimochi] RJ01696894,www\data\Map002.json,0,.json,utf-8-sig,kana,rpgmaker_map,95,$.events[5].pages[1].list[102].parameters[0],2,「あっ……ぁあっ……」
T000397,B0001,D:\Dev\Desenvolvimento\Projetos\TradutorDGames\[Kimochi] RJ01696894,www\data\Map002.json,0,.json,utf-8-sig,kana,rpgmaker_map,95,$.events[5].pages[1].list[113].parameters[0],2,「ふぅ……おつかれ……
T000398,B0001,D:\Dev\Desenvolvimento\Projetos\TradutorDGames\[Kimochi] RJ01696894,www\data\Map002.json,0,.json,utf-8-sig,"cjk,kana",rpgmaker_map,95,$.events[5].pages[1].list[114].parameters[0],2,いっぱい出せたな……！」
T000399,B0001,D:\Dev\Desenvolvimento\Projetos\TradutorDGames\[Kimochi] RJ01696894,www\data\Map002.json,0,.json,utf-8-sig,"cjk,kana",rpgmaker_map,95,$.events[5].pages[1].list[118].parameters[0],2,「これだけ出したら
T000400,B0001,D:\Dev\Desenvolvimento\Projetos\TradutorDGames\[Kimochi] RJ01696894,www\data\Map002.json,0,.json,utf-8-sig,"cjk,kana",rpgmaker_map,95,$.events[5].pages[1].list[119].parameters[0],2,妊娠は確実だろうな……」
T000401,B0001,D:\Dev\Desenvolvimento\Projetos\TradutorDGames\[Kimochi] RJ01696894,www\data\Map002.json,0,.json,utf-8-sig,"cjk,kana",rpgmaker_map,95,$.events[5].pages[1].list[123].parameters[0],2,僕は サツキ に種付けした！
T000402,B0001,D:\Dev\Desenvolvimento\Projetos\TradutorDGames\[Kimochi] RJ01696894,www\data\Map002.json,0,.json,utf-8-sig,kana,rpgmaker_map,95,$.events[5].pages[1].list[13].parameters[0],2,「あぁそうか……！
T000403,B0001,D:\Dev\Desenvolvimento\Projetos\TradutorDGames\[Kimochi] RJ01696894,www\data\Map002.json,0,.json,utf-8-sig,"cjk,kana",rpgmaker_map,95,$.events[5].pages[1].list[14].parameters[0],2,種付けしてもらうんだったな！」
T000404,B0001,D:\Dev\Desenvolvimento\Projetos\TradutorDGames\[Kimochi] RJ01696894,www\data\Map002.json,0,.json,utf-8-sig,"cjk,kana",rpgmaker_map,95,$.events[5].pages[1].list[18].parameters[0],2,「でも私、汗かいてて匂うかも……？
T000405,B0001,D:\Dev\Desenvolvimento\Projetos\TradutorDGames\[Kimochi] RJ01696894,www\data\Map002.json,0,.json,utf-8-sig,"cjk,kana",rpgmaker_map,95,$.events[5].pages[1].list[19].parameters[0],2,今のままで大丈夫か？また今度でも……」
T000406,B0001,D:\Dev\Desenvolvimento\Projetos\TradutorDGames\[Kimochi] RJ01696894,www\data\Map002.json,0,.json,utf-8-sig,kana,rpgmaker_map,95,$.events[5].pages[1].list[31].parameters[0],2,「んっ……
T000407,B0001,D:\Dev\Desenvolvimento\Projetos\TradutorDGames\[Kimochi] RJ01696894,www\data\Map002.json,0,.json,utf-8-sig,kana,rpgmaker_map,95,$.events[5].pages[1].list[32].parameters[0],2,お……おぉっ…………」
T000408,B0001,D:\Dev\Desenvolvimento\Projetos\TradutorDGames\[Kimochi] RJ01696894,www\data\Map002.json,0,.json,utf-8-sig,"cjk,kana",rpgmaker_map,95,$.events[5].pages[1].list[35].parameters[0],2,「は、入っちゃったな……」
T000409,B0001,D:\Dev\Desenvolvimento\Projetos\TradutorDGames\[Kimochi] RJ01696894,www\data\Map002.json,0,.json,utf-8-sig,"cjk,kana",rpgmaker_map,95,$.events[5].pages[1].list[46].parameters[0],2,「まさか自分の教え子に
T000410,B0001,D:\Dev\Desenvolvimento\Projetos\TradutorDGames\[Kimochi] RJ01696894,www\data\Map002.json,0,.json,utf-8-sig,"cjk,kana",rpgmaker_map,95,$.events[5].pages[1].list[47].parameters[0],2,種付けされる日が来るとはな……」
T000411,B0001,D:\Dev\Desenvolvimento\Projetos\TradutorDGames\[Kimochi] RJ01696894,www\data\Map002.json,0,.json,utf-8-sig,kana,rpgmaker_map,95,$.events[5].pages[1].list[4].parameters[0],6,「ん……？
T000412,B0001,D:\Dev\Desenvolvimento\Projetos\TradutorDGames\[Kimochi] RJ01696894,www\data\Map002.json,0,.json,utf-8-sig,"cjk,kana",rpgmaker_map,95,$.events[5].pages[1].list[50].parameters[0],2,「私の汗かかってないか……？
T000413,B0001,D:\Dev\Desenvolvimento\Projetos\TradutorDGames\[Kimochi] RJ01696894,www\data\Map002.json,0,.json,utf-8-sig,"cjk,kana",rpgmaker_map,95,$.events[5].pages[1].list[51].parameters[0],2,暑かったら無理しなくていいからな……？」
T000414,B0001,D:\Dev\Desenvolvimento\Projetos\TradutorDGames\[Kimochi] RJ01696894,www\data\Map002.json,0,.json,utf-8-sig,kana,rpgmaker_map,95,$.events[5].pages[1].list[54].parameters[0],2,「んっ…………ふぅ…………」
T000415,B0001,D:\Dev\Desenvolvimento\Projetos\TradutorDGames\[Kimochi] RJ01696894,www\data\Map002.json,0,.json,utf-8-sig,"cjk,kana",rpgmaker_map,95,$.events[5].pages[1].list[57].parameters[0],2,「そうそう、その調子……！」
T000416,B0001,D:\Dev\Desenvolvimento\Projetos\TradutorDGames\[Kimochi] RJ01696894,www\data\Map002.json,0,.json,utf-8-sig,"cjk,kana",rpgmaker_map,95,$.events[5].pages[1].list[5].parameters[0],2,あれ？私ぼーっとしてたか……？」
T000417,B0001,D:\Dev\Desenvolvimento\Projetos\TradutorDGames\[Kimochi] RJ01696894,www\data\Map002.json,0,.json,utf-8-sig,"cjk,kana",rpgmaker_map,95,$.events[5].pages[1].list[60].parameters[0],2,「なかなか上手いじゃないか？
T000418,B0001,D:\Dev\Desenvolvimento\Projetos\TradutorDGames\[Kimochi] RJ01696894,www\data\Map002.json,0,.json,utf-8-sig,"cjk,kana",rpgmaker_map,95,$.events[5].pages[1].list[61].parameters[0],2,他にも誰かに種付けしたのか？」
T000419,B0001,D:\Dev\Desenvolvimento\Projetos\TradutorDGames\[Kimochi] RJ01696894,www\data\Map002.json,0,.json,utf-8-sig,"cjk,kana",rpgmaker_map,95,$.events[5].pages[1].list[64].parameters[0],2,「お姉ちゃんと……？
T000420,B0001,D:\Dev\Desenvolvimento\Projetos\TradutorDGames\[Kimochi] RJ01696894,www\data\Map002.json,0,.json,utf-8-sig,kana,rpgmaker_map,95,$.events[5].pages[1].list[65].parameters[0],2,そ、そうか、それは…………」
T000421,B0001,D:\Dev\Desenvolvimento\Projetos\TradutorDGames\[Kimochi] RJ01696894,www\data\Map002.json,0,.json,utf-8-sig,kana,rpgmaker_map,95,$.events[5].pages[1].list[68].parameters[0],2,「……え、えらいな！」
T000422,B0001,D:\Dev\Desenvolvimento\Projetos\TradutorDGames\[Kimochi] RJ01696894,www\data\Map002.json,0,.json,utf-8-sig,"cjk,kana",rpgmaker_map,95,$.events[5].pages[1].list[71].parameters[0],2,「その調子で私にも種付け頑張ってくれ……」
T000423,B0001,D:\Dev\Desenvolvimento\Projetos\TradutorDGames\[Kimochi] RJ01696894,www\data\Map002.json,0,.json,utf-8-sig,kana,rpgmaker_map,95,$.events[5].pages[1].list[79].parameters[0],2,「んっ、んっ……
T000424,B0001,D:\Dev\Desenvolvimento\Projetos\TradutorDGames\[Kimochi] RJ01696894,www\data\Map002.json,0,.json,utf-8-sig,kana,rpgmaker_map,95,$.events[5].pages[1].list[80].parameters[0],2,い、いいぞ……がんばれがんばれ……！」
T000425,B0001,D:\Dev\Desenvolvimento\Projetos\TradutorDGames\[Kimochi] RJ01696894,www\data\Map002.json,0,.json,utf-8-sig,"cjk,kana",rpgmaker_map,95,$.events[5].pages[1].list[84].parameters[0],2,そろそろ出そうか……？」
T000426,B0001,D:\Dev\Desenvolvimento\Projetos\TradutorDGames\[Kimochi] RJ01696894,www\data\Map002.json,0,.json,utf-8-sig,"cjk,kana",rpgmaker_map,95,$.events[5].pages[1].list[87].parameters[0],2,「いつでも出していいからな……！」
T000427,B0001,D:\Dev\Desenvolvimento\Projetos\TradutorDGames\[Kimochi] RJ01696894,www\data\Map002.json,0,.json,utf-8-sig,kana,rpgmaker_map,95,$.events[5].pages[1].list[8].parameters[0],2,「えーと
T000428,B0001,D:\Dev\Desenvolvimento\Projetos\TradutorDGames\[Kimochi] RJ01696894,www\data\Map002.json,0,.json,utf-8-sig,"cjk,kana",rpgmaker_map,95,$.events[5].pages[1].list[90].parameters[0],2,「たくさん射精してっ……！
T000429,B0001,D:\Dev\Desenvolvimento\Projetos\TradutorDGames\[Kimochi] RJ01696894,www\data\Map002.json,0,.json,utf-8-sig,"cjk,kana",rpgmaker_map,95,$.events[5].pages[1].list[91].parameters[0],2,しっかり先生を孕ませてくれ……！」
T000430,B0001,D:\Dev\Desenvolvimento\Projetos\TradutorDGames\[Kimochi] RJ01696894,www\data\Map002.json,0,.json,utf-8-sig,"cjk,kana",rpgmaker_map,95,$.events[5].pages[1].list[9].parameters[0],2,何の話してたっけ……」
T000431,B0001,D:\Dev\Desenvolvimento\Projetos\TradutorDGames\[Kimochi] RJ01696894,www\data\Map002.json,0,.json,utf-8-sig,"cjk,kana",rpgmaker_map,95,$.events[6].pages[0].list[11].parameters[0],2,日陰の涼しそうな場所でたばこを
T000432,B0001,D:\Dev\Desenvolvimento\Projetos\TradutorDGames\[Kimochi] RJ01696894,www\data\Map002.json,0,.json,utf-8-sig,"cjk,kana",rpgmaker_map,95,$.events[6].pages[0].list[12].parameters[0],2,吸っているお姉さんがいる。
T000433,B0001,D:\Dev\Desenvolvimento\Projetos\TradutorDGames\[Kimochi] RJ01696894,www\data\Map002.json,0,.json,utf-8-sig,"cjk,kana",rpgmaker_map,95,$.events[6].pages[0].list[15].parameters[0],12,お姉さん
T000434,B0001,D:\Dev\Desenvolvimento\Projetos\TradutorDGames\[Kimochi] RJ01696894,www\data\Map002.json,0,.json,utf-8-sig,"cjk,kana",rpgmaker_map,95,$.events[6].pages[0].list[16].parameters[0],2,「ん……なんか用？」
T000435,B0001,D:\Dev\Desenvolvimento\Projetos\TradutorDGames\[Kimochi] RJ01696894,www\data\Map002.json,0,.json,utf-8-sig,"cjk,kana",rpgmaker_map,95,$.events[6].pages[0].list[20].parameters[0],2,「ここは私が占領してるから、暑いなら家に帰りなー？」
T000436,B0001,D:\Dev\Desenvolvimento\Projetos\TradutorDGames\[Kimochi] RJ01696894,www\data\Map002.json,0,.json,utf-8-sig,"cjk,kana",rpgmaker_map,95,$.events[6].pages[0].list[23].parameters[0],2,僕はお姉さんに近づいていく。
T000437,B0001,D:\Dev\Desenvolvimento\Projetos\TradutorDGames\[Kimochi] RJ01696894,www\data\Map002.json,0,.json,utf-8-sig,"cjk,kana",rpgmaker_map,95,$.events[6].pages[0].list[27].parameters[0],2,「なんだよ……夏休みで暇なのか？
T000438,B0001,D:\Dev\Desenvolvimento\Projetos\TradutorDGames\[Kimochi] RJ01696894,www\data\Map002.json,0,.json,utf-8-sig,"cjk,kana",rpgmaker_map,95,$.events[6].pages[0].list[28].parameters[0],2,ここに面白い物なんてないぞ？」
T000439,B0001,D:\Dev\Desenvolvimento\Projetos\TradutorDGames\[Kimochi] RJ01696894,www\data\Map002.json,0,.json,utf-8-sig,"cjk,kana",rpgmaker_map,95,$.events[6].pages[0].list[31].parameters[0],2,お姉さんは拒絶しながらも、僕が近づくとたばこをやめる。
T000440,B0001,D:\Dev\Desenvolvimento\Projetos\TradutorDGames\[Kimochi] RJ01696894,www\data\Map002.json,0,.json,utf-8-sig,"cjk,kana",rpgmaker_map,95,$.events[6].pages[0].list[35].parameters[0],2,「まぁ少しくらいなら、涼んでいってもいいけど」
T000441,B0001,D:\Dev\Desenvolvimento\Projetos\TradutorDGames\[Kimochi] RJ01696894,www\data\Map002.json,0,.json,utf-8-sig,kana,rpgmaker_map,95,$.events[6].pages[0].list[42].parameters[0],2,「んん？アプリがなに……？
T000442,B0001,D:\Dev\Desenvolvimento\Projetos\TradutorDGames\[Kimochi] RJ01696894,www\data\Map002.json,0,.json,utf-8-sig,"cjk,kana",rpgmaker_map,95,$.events[6].pages[0].list[43].parameters[0],2,最近流行ってるゲームとか？」
T000443,B0001,D:\Dev\Desenvolvimento\Projetos\TradutorDGames\[Kimochi] RJ01696894,www\data\Map002.json,0,.json,utf-8-sig,"cjk,kana",rpgmaker_map,95,$.events[6].pages[0].list[47].parameters[0],2,「まあいいよ、暑くてまいってたから
T000444,B0001,D:\Dev\Desenvolvimento\Projetos\TradutorDGames\[Kimochi] RJ01696894,www\data\Map002.json,0,.json,utf-8-sig,"cjk,kana",rpgmaker_map,95,$.events[6].pages[0].list[48].parameters[0],2,気がまぎれるかもだし」
T000445,B0001,D:\Dev\Desenvolvimento\Projetos\TradutorDGames\[Kimochi] RJ01696894,www\data\Map002.json,0,.json,utf-8-sig,"cjk,kana",rpgmaker_map,95,$.events[6].pages[0].list[53].parameters[0],2,僕は サヤ にアプリをつかった！
T000446,B0001,D:\Dev\Desenvolvimento\Projetos\TradutorDGames\[Kimochi] RJ01696894,www\data\Map002.json,0,.json,utf-8-sig,kana,rpgmaker_map,95,$.events[6].pages[0].list[61].parameters[0],58,サヤ
T000447,B0001,D:\Dev\Desenvolvimento\Projetos\TradutorDGames\[Kimochi] RJ01696894,www\data\Map002.json,0,.json,utf-8-sig,kana,rpgmaker_map,95,$.events[6].pages[0].list[65].parameters[0],2,"サヤは ""にんしきかいへん"" された！"
T000448,B0001,D:\Dev\Desenvolvimento\Projetos\TradutorDGames\[Kimochi] RJ01696894,www\data\Map002.json,0,.json,utf-8-sig,kana,rpgmaker_map,95,$.events[6].pages[1].list[100].parameters[0],2,「あ……あぁ……
T000449,B0001,D:\Dev\Desenvolvimento\Projetos\TradutorDGames\[Kimochi] RJ01696894,www\data\Map002.json,0,.json,utf-8-sig,kana,rpgmaker_map,95,$.events[6].pages[1].list[101].parameters[0],2,またいく……っ♥♥」
T000450,B0001,D:\Dev\Desenvolvimento\Projetos\TradutorDGames\[Kimochi] RJ01696894,www\data\Map002.json,0,.json,utf-8-sig,kana,rpgmaker_map,95,$.events[6].pages[1].list[106].parameters[0],2,「いっ……ぎぃぃぃ♥♥♥」
T000451,B0001,D:\Dev\Desenvolvimento\Projetos\TradutorDGames\[Kimochi] RJ01696894,www\data\Map002.json,0,.json,utf-8-sig,kana,rpgmaker_map,95,$.events[6].pages[1].list[109].parameters[0],2,「あぁ……♥♥
T000452,B0001,D:\Dev\Desenvolvimento\Projetos\TradutorDGames\[Kimochi] RJ01696894,www\data\Map002.json,0,.json,utf-8-sig,"cjk,kana",rpgmaker_map,95,$.events[6].pages[1].list[110].parameters[0],2,ちんぽ♥♥ちんぽ気持ちいい♥♥」
T000453,B0001,D:\Dev\Desenvolvimento\Projetos\TradutorDGames\[Kimochi] RJ01696894,www\data\Map002.json,0,.json,utf-8-sig,kana,rpgmaker_map,95,$.events[6].pages[1].list[113].parameters[0],2,「とまんない……♥
T000454,B0001,D:\Dev\Desenvolvimento\Projetos\TradutorDGames\[Kimochi] RJ01696894,www\data\Map002.json,0,.json,utf-8-sig,kana,rpgmaker_map,95,$.events[6].pages[1].list[114].parameters[0],2,いくのとまんない……♥♥」
T000455,B0001,D:\Dev\Desenvolvimento\Projetos\TradutorDGames\[Kimochi] RJ01696894,www\data\Map002.json,0,.json,utf-8-sig,kana,rpgmaker_map,95,$.events[6].pages[1].list[117].parameters[0],2,「あたまバカになっちゃう……♥♥」
T000456,B0001,D:\Dev\Desenvolvimento\Projetos\TradutorDGames\[Kimochi] RJ01696894,www\data\Map002.json,0,.json,utf-8-sig,"cjk,kana",rpgmaker_map,95,$.events[6].pages[1].list[11].parameters[0],2,「なんか……ここも暑くなってきた？」
T000457,B0001,D:\Dev\Desenvolvimento\Projetos\TradutorDGames\[Kimochi] RJ01696894,www\data\Map002.json,0,.json,utf-8-sig,kana,rpgmaker_map,95,$.events[6].pages[1].list[120].parameters[0],2,「あぁこれ……♥またくる……♥♥」
T000458,B0001,D:\Dev\Desenvolvimento\Projetos\TradutorDGames\[Kimochi] RJ01696894,www\data\Map002.json,0,.json,utf-8-sig,kana,rpgmaker_map,95,$.events[6].pages[1].list[123].parameters[0],2,「い、いくっ…………
T000459,B0001,D:\Dev\Desenvolvimento\Projetos\TradutorDGames\[Kimochi] RJ01696894,www\data\Map002.json,0,.json,utf-8-sig,kana,rpgmaker_map,95,$.events[6].pages[1].list[124].parameters[0],2,いくいくっ……！！」
T000460,B0001,D:\Dev\Desenvolvimento\Projetos\TradutorDGames\[Kimochi] RJ01696894,www\data\Map002.json,0,.json,utf-8-sig,kana,rpgmaker_map,95,$.events[6].pages[1].list[127].parameters[0],2,「いっ……♥
T000461,B0001,D:\Dev\Desenvolvimento\Projetos\TradutorDGames\[Kimochi] RJ01696894,www\data\Map002.json,0,.json,utf-8-sig,kana,rpgmaker_map,95,$.events[6].pages[1].list[128].parameters[0],2,あっ……あぁっ……♥♥」
T000462,B0001,D:\Dev\Desenvolvimento\Projetos\TradutorDGames\[Kimochi] RJ01696894,www\data\Map002.json,0,.json,utf-8-sig,kana,rpgmaker_map,95,$.events[6].pages[1].list[139].parameters[0],2,「んんっ……♥♥
T000463,B0001,D:\Dev\Desenvolvimento\Projetos\TradutorDGames\[Kimochi] RJ01696894,www\data\Map002.json,0,.json,utf-8-sig,kana,rpgmaker_map,95,$.events[6].pages[1].list[140].parameters[0],2,いっ……♥ぐぅ……！？！？♥♥」
T000464,B0001,D:\Dev\Desenvolvimento\Projetos\TradutorDGames\[Kimochi] RJ01696894,www\data\Map002.json,0,.json,utf-8-sig,cjk,rpgmaker_map,95,$.events[6].pages[1].list[145].parameters[0],2,PA_INIT 12 24 横 0
T000465,B0001,D:\Dev\Desenvolvimento\Projetos\TradutorDGames\[Kimochi] RJ01696894,www\data\Map002.json,0,.json,utf-8-sig,kana,rpgmaker_map,95,$.events[6].pages[1].list[153].parameters[0],2,「おっ……♥いぎっ……っ♥」
T000466,B0001,D:\Dev\Desenvolvimento\Projetos\TradutorDGames\[Kimochi] RJ01696894,www\data\Map002.json,0,.json,utf-8-sig,"cjk,kana",rpgmaker_map,95,$.events[6].pages[1].list[157].parameters[0],2,僕は サヤ に種付けした！
T000467,B0001,D:\Dev\Desenvolvimento\Projetos\TradutorDGames\[Kimochi] RJ01696894,www\data\Map002.json,0,.json,utf-8-sig,"cjk,kana",rpgmaker_map,95,$.events[6].pages[1].list[16].parameters[0],2,た、種付け……するんだよね……？」
T000468,B0001,D:\Dev\Desenvolvimento\Projetos\TradutorDGames\[Kimochi] RJ01696894,www\data\Map002.json,0,.json,utf-8-sig,kana,rpgmaker_map,95,$.events[6].pages[1].list[20].parameters[0],2,「あれ……？
T000469,B0001,D:\Dev\Desenvolvimento\Projetos\TradutorDGames\[Kimochi] RJ01696894,www\data\Map002.json,0,.json,utf-8-sig,kana,rpgmaker_map,95,$.events[6].pages[1].list[21].parameters[0],2,こんないきなりするもんだっけ？」
T000470,B0001,D:\Dev\Desenvolvimento\Projetos\TradutorDGames\[Kimochi] RJ01696894,www\data\Map002.json,0,.json,utf-8-sig,kana,rpgmaker_map,95,$.events[6].pages[1].list[25].parameters[0],2,「まあいいか……
T000471,B0001,D:\Dev\Desenvolvimento\Projetos\TradutorDGames\[Kimochi] RJ01696894,www\data\Map002.json,0,.json,utf-8-sig,"cjk,kana",rpgmaker_map,95,$.events[6].pages[1].list[26].parameters[0],2,でも私じゃ、あんま楽しめないと思うよ？」
T000472,B0001,D:\Dev\Desenvolvimento\Projetos\TradutorDGames\[Kimochi] RJ01696894,www\data\Map002.json,0,.json,utf-8-sig,kana,rpgmaker_map,95,$.events[6].pages[1].list[30].parameters[0],2,「セックスでいったことないんだよね……」
T000473,B0001,D:\Dev\Desenvolvimento\Projetos\TradutorDGames\[Kimochi] RJ01696894,www\data\Map002.json,0,.json,utf-8-sig,kana,rpgmaker_map,95,$.events[6].pages[1].list[43].parameters[0],2,「……んおぉっ！？！？♥♥」
T000474,B0001,D:\Dev\Desenvolvimento\Projetos\TradutorDGames\[Kimochi] RJ01696894,www\data\Map002.json,0,.json,utf-8-sig,kana,rpgmaker_map,95,$.events[6].pages[1].list[46].parameters[0],2,「あっ……あっ……！？
T000475,B0001,D:\Dev\Desenvolvimento\Projetos\TradutorDGames\[Kimochi] RJ01696894,www\data\Map002.json,0,.json,utf-8-sig,kana,rpgmaker_map,95,$.events[6].pages[1].list[47].parameters[0],2,ま、まって……
T000476,B0001,D:\Dev\Desenvolvimento\Projetos\TradutorDGames\[Kimochi] RJ01696894,www\data\Map002.json,0,.json,utf-8-sig,kana,rpgmaker_map,95,$.events[6].pages[1].list[48].parameters[0],2,なんかおかしい……！！」
T000477,B0001,D:\Dev\Desenvolvimento\Projetos\TradutorDGames\[Kimochi] RJ01696894,www\data\Map002.json,0,.json,utf-8-sig,kana,rpgmaker_map,95,$.events[6].pages[1].list[56].parameters[0],2,「んおおぉぉっ……？♥？♥」
T000478,B0001,D:\Dev\Desenvolvimento\Projetos\TradutorDGames\[Kimochi] RJ01696894,www\data\Map002.json,0,.json,utf-8-sig,kana,rpgmaker_map,95,$.events[6].pages[1].list[59].parameters[0],2,「あぁっ……ま、まって
T000479,B0001,D:\Dev\Desenvolvimento\Projetos\TradutorDGames\[Kimochi] RJ01696894,www\data\Map002.json,0,.json,utf-8-sig,"cjk,kana",rpgmaker_map,95,$.events[6].pages[1].list[60].parameters[0],2,いったん止まって……♥」
T000480,B0001,D:\Dev\Desenvolvimento\Projetos\TradutorDGames\[Kimochi] RJ01696894,www\data\Map002.json,0,.json,utf-8-sig,kana,rpgmaker_map,95,$.events[6].pages[1].list[63].parameters[0],2,「な、なにこれ……！？
T000481,B0001,D:\Dev\Desenvolvimento\Projetos\TradutorDGames\[Kimochi] RJ01696894,www\data\Map002.json,0,.json,utf-8-sig,kana,rpgmaker_map,95,$.events[6].pages[1].list[64].parameters[0],2,しらないっ……！？！？」
T000482,B0001,D:\Dev\Desenvolvimento\Projetos\TradutorDGames\[Kimochi] RJ01696894,www\data\Map002.json,0,.json,utf-8-sig,kana,rpgmaker_map,95,$.events[6].pages[1].list[68].parameters[0],2,こんなぁっ…………♥♥」
T000483,B0001,D:\Dev\Desenvolvimento\Projetos\TradutorDGames\[Kimochi] RJ01696894,www\data\Map002.json,0,.json,utf-8-sig,kana,rpgmaker_map,95,$.events[6].pages[1].list[6].parameters[0],2,「ん……ふぅっ……♥
T000484,B0001,D:\Dev\Desenvolvimento\Projetos\TradutorDGames\[Kimochi] RJ01696894,www\data\Map002.json,0,.json,utf-8-sig,kana,rpgmaker_map,95,$.events[6].pages[1].list[71].parameters[0],2,「あっ……あぁっ♥♥
T000485,B0001,D:\Dev\Desenvolvimento\Projetos\TradutorDGames\[Kimochi] RJ01696894,www\data\Map002.json,0,.json,utf-8-sig,kana,rpgmaker_map,95,$.events[6].pages[1].list[72].parameters[0],2,うそっ……！？♥♥」
T000486,B0001,D:\Dev\Desenvolvimento\Projetos\TradutorDGames\[Kimochi] RJ01696894,www\data\Map002.json,0,.json,utf-8-sig,kana,rpgmaker_map,95,$.events[6].pages[1].list[75].parameters[0],2,「い、いくっっ……！？♥♥」
T000487,B0001,D:\Dev\Desenvolvimento\Projetos\TradutorDGames\[Kimochi] RJ01696894,www\data\Map002.json,0,.json,utf-8-sig,"cjk,kana",rpgmaker_map,95,$.events[6].pages[1].list[7].parameters[0],2,あれ？意識が飛んでたような……」
T000488,B0001,D:\Dev\Desenvolvimento\Projetos\TradutorDGames\[Kimochi] RJ01696894,www\data\Map002.json,0,.json,utf-8-sig,kana,rpgmaker_map,95,$.events[6].pages[1].list[80].parameters[0],2,「あぁっ♥♥あっ……♥
T000489,B0001,D:\Dev\Desenvolvimento\Projetos\TradutorDGames\[Kimochi] RJ01696894,www\data\Map002.json,0,.json,utf-8-sig,kana,rpgmaker_map,95,$.events[6].pages[1].list[81].parameters[0],2,ひぎっ……♥♥」
T000490,B0001,D:\Dev\Desenvolvimento\Projetos\TradutorDGames\[Kimochi] RJ01696894,www\data\Map002.json,0,.json,utf-8-sig,kana,rpgmaker_map,95,$.events[6].pages[1].list[89].parameters[0],2,「だ、だめっ……♥もうむりっ……♥」
T000491,B0001,D:\Dev\Desenvolvimento\Projetos\TradutorDGames\[Kimochi] RJ01696894,www\data\Map002.json,0,.json,utf-8-sig,kana,rpgmaker_map,95,$.events[6].pages[1].list[92].parameters[0],2,「い、いきたくない……♥
T000492,B0001,D:\Dev\Desenvolvimento\Projetos\TradutorDGames\[Kimochi] RJ01696894,www\data\Map002.json,0,.json,utf-8-sig,kana,rpgmaker_map,95,$.events[6].pages[1].list[93].parameters[0],2,これだめっ……♥♥」
T000493,B0001,D:\Dev\Desenvolvimento\Projetos\TradutorDGames\[Kimochi] RJ01696894,www\data\Map002.json,0,.json,utf-8-sig,kana,rpgmaker_map,95,$.events[6].pages[1].list[96].parameters[0],2,「か、からだ……♥♥
T000494,B0001,D:\Dev\Desenvolvimento\Projetos\TradutorDGames\[Kimochi] RJ01696894,www\data\Map002.json,0,.json,utf-8-sig,kana,rpgmaker_map,95,$.events[6].pages[1].list[97].parameters[0],2,もどれなくなる……♥♥♥」
T000495,B0001,D:\Dev\Desenvolvimento\Projetos\TradutorDGames\[Kimochi] RJ01696894,www\data\Map002.json,0,.json,utf-8-sig,"cjk,kana",rpgmaker_map,95,$.events[7].pages[0].list[11].parameters[0],2,ここはヒマリちゃんの家の酒屋だ。
T000496,B0001,D:\Dev\Desenvolvimento\Projetos\TradutorDGames\[Kimochi] RJ01696894,www\data\Map002.json,0,.json,utf-8-sig,"cjk,kana",rpgmaker_map,95,$.events[7].pages[0].list[12].parameters[0],2,母のエリさんが店の準備をしている。
T000497,B0001,D:\Dev\Desenvolvimento\Projetos\TradutorDGames\[Kimochi] RJ01696894,www\data\Map002.json,0,.json,utf-8-sig,kana,rpgmaker_map,95,$.events[7].pages[0].list[15].parameters[0],42,エリ
T000498,B0001,D:\Dev\Desenvolvimento\Projetos\TradutorDGames\[Kimochi] RJ01696894,www\data\Map002.json,0,.json,utf-8-sig,kana,rpgmaker_map,95,$.events[7].pages[0].list[16].parameters[0],2,「あら～ヒマリならどこかにいっちゃったわよー？」
T000499,B0001,D:\Dev\Desenvolvimento\Projetos\TradutorDGames\[Kimochi] RJ01696894,www\data\Map002.json,0,.json,utf-8-sig,"cjk,kana",rpgmaker_map,95,$.events[7].pages[0].list[19].parameters[0],2,僕はスマホを取り出して要件を伝える。
T000500,B0001,D:\Dev\Desenvolvimento\Projetos\TradutorDGames\[Kimochi] RJ01696894,www\data\Map002.json,0,.json,utf-8-sig,kana,rpgmaker_map,95,$.events[7].pages[0].list[23].parameters[0],2,「んん～？
T000501,B0002,D:\Dev\Desenvolvimento\Projetos\TradutorDGames\[Kimochi] RJ01696894,www\data\Map002.json,0,.json,utf-8-sig,kana,rpgmaker_map,95,$.events[7].pages[0].list[24].parameters[0],2,おばさん、そういうのはよくわからないんだけど……」
T000502,B0002,D:\Dev\Desenvolvimento\Projetos\TradutorDGames\[Kimochi] RJ01696894,www\data\Map002.json,0,.json,utf-8-sig,"cjk,kana",rpgmaker_map,95,$.events[7].pages[0].list[28].parameters[0],2,「ちょっと時間あるし、すこしだけならいいわよ～」
T000503,B0002,D:\Dev\Desenvolvimento\Projetos\TradutorDGames\[Kimochi] RJ01696894,www\data\Map002.json,0,.json,utf-8-sig,"cjk,kana",rpgmaker_map,95,$.events[7].pages[0].list[33].parameters[0],2,僕は エリ にアプリをつかった！
T000504,B0002,D:\Dev\Desenvolvimento\Projetos\TradutorDGames\[Kimochi] RJ01696894,www\data\Map002.json,0,.json,utf-8-sig,kana,rpgmaker_map,95,$.events[7].pages[0].list[42].parameters[0],2,「ん……………」
T000505,B0002,D:\Dev\Desenvolvimento\Projetos\TradutorDGames\[Kimochi] RJ01696894,www\data\Map002.json,0,.json,utf-8-sig,kana,rpgmaker_map,95,$.events[7].pages[0].list[45].parameters[0],2,"エリは ""にんしきかいへん"" された！"
T000506,B0002,D:\Dev\Desenvolvimento\Projetos\TradutorDGames\[Kimochi] RJ01696894,www\data\Map002.json,0,.json,utf-8-sig,"cjk,kana",rpgmaker_map,95,$.events[7].pages[1].list[103].parameters[0],2,「ボク君ありがとね……♥
T000507,B0002,D:\Dev\Desenvolvimento\Projetos\TradutorDGames\[Kimochi] RJ01696894,www\data\Map002.json,0,.json,utf-8-sig,"cjk,kana",rpgmaker_map,95,$.events[7].pages[1].list[104].parameters[0],2,また気が向いたらよろしくね……♥」
T000508,B0002,D:\Dev\Desenvolvimento\Projetos\TradutorDGames\[Kimochi] RJ01696894,www\data\Map002.json,0,.json,utf-8-sig,"cjk,kana",rpgmaker_map,95,$.events[7].pages[1].list[108].parameters[0],2,僕は エリ に種付けした！
T000509,B0002,D:\Dev\Desenvolvimento\Projetos\TradutorDGames\[Kimochi] RJ01696894,www\data\Map002.json,0,.json,utf-8-sig,"cjk,kana",rpgmaker_map,95,$.events[7].pages[1].list[13].parameters[0],2,「偉いわねぇ……
T000510,B0002,D:\Dev\Desenvolvimento\Projetos\TradutorDGames\[Kimochi] RJ01696894,www\data\Map002.json,0,.json,utf-8-sig,kana,rpgmaker_map,95,$.events[7].pages[1].list[14].parameters[0],2,こんなおばさんだけど、
T000511,B0002,D:\Dev\Desenvolvimento\Projetos\TradutorDGames\[Kimochi] RJ01696894,www\data\Map002.json,0,.json,utf-8-sig,kana,rpgmaker_map,95,$.events[7].pages[1].list[15].parameters[0],2,ほんとにいいの？」
T000512,B0002,D:\Dev\Desenvolvimento\Projetos\TradutorDGames\[Kimochi] RJ01696894,www\data\Map002.json,0,.json,utf-8-sig,kana,rpgmaker_map,95,$.events[7].pages[1].list[23].parameters[0],2,「どう？はいりそー？
T000513,B0002,D:\Dev\Desenvolvimento\Projetos\TradutorDGames\[Kimochi] RJ01696894,www\data\Map002.json,0,.json,utf-8-sig,kana,rpgmaker_map,95,$.events[7].pages[1].list[24].parameters[0],2,ゆっくりでいいからね～」
T000514,B0002,D:\Dev\Desenvolvimento\Projetos\TradutorDGames\[Kimochi] RJ01696894,www\data\Map002.json,0,.json,utf-8-sig,kana,rpgmaker_map,95,$.events[7].pages[1].list[30].parameters[0],2,「そう、そこそこっ……
T000515,B0002,D:\Dev\Desenvolvimento\Projetos\TradutorDGames\[Kimochi] RJ01696894,www\data\Map002.json,0,.json,utf-8-sig,"cjk,kana",rpgmaker_map,95,$.events[7].pages[1].list[42].parameters[0],2,「で、出そうになったら……
T000516,B0002,D:\Dev\Desenvolvimento\Projetos\TradutorDGames\[Kimochi] RJ01696894,www\data\Map002.json,0,.json,utf-8-sig,"cjk,kana",rpgmaker_map,95,$.events[7].pages[1].list[43].parameters[0],2,すぐに出していいからね……」
T000517,B0002,D:\Dev\Desenvolvimento\Projetos\TradutorDGames\[Kimochi] RJ01696894,www\data\Map002.json,0,.json,utf-8-sig,"cjk,kana",rpgmaker_map,95,$.events[7].pages[1].list[49].parameters[0],2,「久しぶりだからかしらっ……
T000518,B0002,D:\Dev\Desenvolvimento\Projetos\TradutorDGames\[Kimochi] RJ01696894,www\data\Map002.json,0,.json,utf-8-sig,kana,rpgmaker_map,95,$.events[7].pages[1].list[50].parameters[0],2,すごくきもちいいわ……♥」
T000519,B0002,D:\Dev\Desenvolvimento\Projetos\TradutorDGames\[Kimochi] RJ01696894,www\data\Map002.json,0,.json,utf-8-sig,"cjk,kana",rpgmaker_map,95,$.events[7].pages[1].list[53].parameters[0],2,「ボク君も私に構わず好きなだけ
T000520,B0002,D:\Dev\Desenvolvimento\Projetos\TradutorDGames\[Kimochi] RJ01696894,www\data\Map002.json,0,.json,utf-8-sig,"cjk,kana",rpgmaker_map,95,$.events[7].pages[1].list[54].parameters[0],2,気持ちよくなってね……♥」
T000521,B0002,D:\Dev\Desenvolvimento\Projetos\TradutorDGames\[Kimochi] RJ01696894,www\data\Map002.json,0,.json,utf-8-sig,kana,rpgmaker_map,95,$.events[7].pages[1].list[62].parameters[0],2,「あっあっ……！
T000522,B0002,D:\Dev\Desenvolvimento\Projetos\TradutorDGames\[Kimochi] RJ01696894,www\data\Map002.json,0,.json,utf-8-sig,kana,rpgmaker_map,95,$.events[7].pages[1].list[63].parameters[0],2,きもちいい……」
T000523,B0002,D:\Dev\Desenvolvimento\Projetos\TradutorDGames\[Kimochi] RJ01696894,www\data\Map002.json,0,.json,utf-8-sig,kana,rpgmaker_map,95,$.events[7].pages[1].list[66].parameters[0],2,「そ、そこっ……いいところ……
T000524,B0002,D:\Dev\Desenvolvimento\Projetos\TradutorDGames\[Kimochi] RJ01696894,www\data\Map002.json,0,.json,utf-8-sig,"cjk,kana",rpgmaker_map,95,$.events[7].pages[1].list[67].parameters[0],2,当たってる……
T000525,B0002,D:\Dev\Desenvolvimento\Projetos\TradutorDGames\[Kimochi] RJ01696894,www\data\Map002.json,0,.json,utf-8-sig,kana,rpgmaker_map,95,$.events[7].pages[1].list[71].parameters[0],2,「う、うそ……
T000526,B0002,D:\Dev\Desenvolvimento\Projetos\TradutorDGames\[Kimochi] RJ01696894,www\data\Map002.json,0,.json,utf-8-sig,kana,rpgmaker_map,95,$.events[7].pages[1].list[72].parameters[0],2,いっちゃうかも……♥」
T000527,B0002,D:\Dev\Desenvolvimento\Projetos\TradutorDGames\[Kimochi] RJ01696894,www\data\Map002.json,0,.json,utf-8-sig,kana,rpgmaker_map,95,$.events[7].pages[1].list[75].parameters[0],2,「いっ……！
T000528,B0002,D:\Dev\Desenvolvimento\Projetos\TradutorDGames\[Kimochi] RJ01696894,www\data\Map002.json,0,.json,utf-8-sig,kana,rpgmaker_map,95,$.events[7].pages[1].list[76].parameters[0],2,ああぁっ……♥♥」
T000529,B0002,D:\Dev\Desenvolvimento\Projetos\TradutorDGames\[Kimochi] RJ01696894,www\data\Map002.json,0,.json,utf-8-sig,kana,rpgmaker_map,95,$.events[7].pages[1].list[87].parameters[0],2,「あぁぁっ……♥♥♥」
T000530,B0002,D:\Dev\Desenvolvimento\Projetos\TradutorDGames\[Kimochi] RJ01696894,www\data\Map002.json,0,.json,utf-8-sig,kana,rpgmaker_map,95,$.events[7].pages[1].list[8].parameters[0],2,「あーなるほど！
T000531,B0002,D:\Dev\Desenvolvimento\Projetos\TradutorDGames\[Kimochi] RJ01696894,www\data\Map002.json,0,.json,utf-8-sig,"cjk,kana",rpgmaker_map,95,$.events[7].pages[1].list[98].parameters[0],2,「あっ……♥すごい量……
T000532,B0002,D:\Dev\Desenvolvimento\Projetos\TradutorDGames\[Kimochi] RJ01696894,www\data\Map002.json,0,.json,utf-8-sig,kana,rpgmaker_map,95,$.events[7].pages[1].list[99].parameters[0],2,こぼれちゃう……」
T000533,B0002,D:\Dev\Desenvolvimento\Projetos\TradutorDGames\[Kimochi] RJ01696894,www\data\Map002.json,0,.json,utf-8-sig,"cjk,kana",rpgmaker_map,95,$.events[7].pages[1].list[9].parameters[0],2,ボク君種付けしてくれるのね？」
T000534,B0002,D:\Dev\Desenvolvimento\Projetos\TradutorDGames\[Kimochi] RJ01696894,www\data\Map002.json,0,.json,utf-8-sig,"cjk,kana",rpgmaker_map,95,$.events[8].pages[0].list[11].parameters[0],2,日陰でおまわりさんが休憩している様だ。
T000535,B0002,D:\Dev\Desenvolvimento\Projetos\TradutorDGames\[Kimochi] RJ01696894,www\data\Map002.json,0,.json,utf-8-sig,kana,rpgmaker_map,95,$.events[8].pages[0].list[14].parameters[0],56,おまわりさん
T000536,B0002,D:\Dev\Desenvolvimento\Projetos\TradutorDGames\[Kimochi] RJ01696894,www\data\Map002.json,0,.json,utf-8-sig,"cjk,kana",rpgmaker_map,95,$.events[8].pages[0].list[15].parameters[0],2,「やあ、今日も暑いねぇ
T000537,B0002,D:\Dev\Desenvolvimento\Projetos\TradutorDGames\[Kimochi] RJ01696894,www\data\Map002.json,0,.json,utf-8-sig,"cjk,kana",rpgmaker_map,95,$.events[8].pages[0].list[16].parameters[0],2,熱中症に気を付けてね……」
T000538,B0002,D:\Dev\Desenvolvimento\Projetos\TradutorDGames\[Kimochi] RJ01696894,www\data\Map002.json,0,.json,utf-8-sig,"cjk,kana",rpgmaker_map,95,$.events[8].pages[0].list[20].parameters[0],2,「しかしこの日差しの中、外で遊んでるの？
T000539,B0002,D:\Dev\Desenvolvimento\Projetos\TradutorDGames\[Kimochi] RJ01696894,www\data\Map002.json,0,.json,utf-8-sig,"cjk,kana",rpgmaker_map,95,$.events[8].pages[0].list[21].parameters[0],2,元気だね……」
T000540,B0002,D:\Dev\Desenvolvimento\Projetos\TradutorDGames\[Kimochi] RJ01696894,www\data\Map002.json,0,.json,utf-8-sig,"cjk,kana",rpgmaker_map,95,$.events[8].pages[0].list[24].parameters[0],2,僕は汗を拭いながら要件を伝える。
T000541,B0002,D:\Dev\Desenvolvimento\Projetos\TradutorDGames\[Kimochi] RJ01696894,www\data\Map002.json,0,.json,utf-8-sig,kana,rpgmaker_map,95,$.events[8].pages[0].list[28].parameters[0],2,「ん？アプリ……？」
T000542,B0002,D:\Dev\Desenvolvimento\Projetos\TradutorDGames\[Kimochi] RJ01696894,www\data\Map002.json,0,.json,utf-8-sig,"cjk,kana",rpgmaker_map,95,$.events[8].pages[0].list[32].parameters[0],2,「うーん、一応仕事中なんだけどな……
T000543,B0002,D:\Dev\Desenvolvimento\Projetos\TradutorDGames\[Kimochi] RJ01696894,www\data\Map002.json,0,.json,utf-8-sig,kana,rpgmaker_map,95,$.events[8].pages[0].list[33].parameters[0],2,ちょっとだけね？」
T000544,B0002,D:\Dev\Desenvolvimento\Projetos\TradutorDGames\[Kimochi] RJ01696894,www\data\Map002.json,0,.json,utf-8-sig,"cjk,kana",rpgmaker_map,95,$.events[8].pages[0].list[38].parameters[0],2,僕は シオリ にアプリをつかった！
T000545,B0002,D:\Dev\Desenvolvimento\Projetos\TradutorDGames\[Kimochi] RJ01696894,www\data\Map002.json,0,.json,utf-8-sig,kana,rpgmaker_map,95,$.events[8].pages[0].list[50].parameters[0],2,"シオリは ""にんしきかいへん"" された！"
T000546,B0002,D:\Dev\Desenvolvimento\Projetos\TradutorDGames\[Kimochi] RJ01696894,www\data\Map002.json,0,.json,utf-8-sig,kana,rpgmaker_map,95,$.events[8].pages[1].list[107].parameters[0],2,「ん……ふぅ…………」
T000547,B0002,D:\Dev\Desenvolvimento\Projetos\TradutorDGames\[Kimochi] RJ01696894,www\data\Map002.json,0,.json,utf-8-sig,kana,rpgmaker_map,95,$.events[8].pages[1].list[10].parameters[0],2,あぁなるほど……」
T000548,B0002,D:\Dev\Desenvolvimento\Projetos\TradutorDGames\[Kimochi] RJ01696894,www\data\Map002.json,0,.json,utf-8-sig,"cjk,kana",rpgmaker_map,95,$.events[8].pages[1].list[110].parameters[0],2,「う、うん……いっぱい出せて偉いね♥」
T000549,B0002,D:\Dev\Desenvolvimento\Projetos\TradutorDGames\[Kimochi] RJ01696894,www\data\Map002.json,0,.json,utf-8-sig,"cjk,kana",rpgmaker_map,95,$.events[8].pages[1].list[114].parameters[0],2,「これなら絶対に妊娠しちゃうだろうね♥」
T000550,B0002,D:\Dev\Desenvolvimento\Projetos\TradutorDGames\[Kimochi] RJ01696894,www\data\Map002.json,0,.json,utf-8-sig,"cjk,kana",rpgmaker_map,95,$.events[8].pages[1].list[118].parameters[0],2,僕は シオリ に種付けした！
T000551,B0002,D:\Dev\Desenvolvimento\Projetos\TradutorDGames\[Kimochi] RJ01696894,www\data\Map002.json,0,.json,utf-8-sig,"cjk,kana",rpgmaker_map,95,$.events[8].pages[1].list[14].parameters[0],2,「私に種付けしたいのね？」
T000552,B0002,D:\Dev\Desenvolvimento\Projetos\TradutorDGames\[Kimochi] RJ01696894,www\data\Map002.json,0,.json,utf-8-sig,"cjk,kana",rpgmaker_map,95,$.events[8].pages[1].list[18].parameters[0],2,「いいよ、ちょっと待ってね」
T000553,B0002,D:\Dev\Desenvolvimento\Projetos\TradutorDGames\[Kimochi] RJ01696894,www\data\Map002.json,0,.json,utf-8-sig,kana,rpgmaker_map,95,$.events[8].pages[1].list[26].parameters[0],2,「これでどう……？いれられそう？」
T000554,B0002,D:\Dev\Desenvolvimento\Projetos\TradutorDGames\[Kimochi] RJ01696894,www\data\Map002.json,0,.json,utf-8-sig,kana,rpgmaker_map,95,$.events[8].pages[1].list[32].parameters[0],2,「あっ……」
T000555,B0002,D:\Dev\Desenvolvimento\Projetos\TradutorDGames\[Kimochi] RJ01696894,www\data\Map002.json,0,.json,utf-8-sig,kana,rpgmaker_map,95,$.events[8].pages[1].list[35].parameters[0],2,「んっ……はいったね……」
T000556,B0002,D:\Dev\Desenvolvimento\Projetos\TradutorDGames\[Kimochi] RJ01696894,www\data\Map002.json,0,.json,utf-8-sig,kana,rpgmaker_map,95,$.events[8].pages[1].list[46].parameters[0],2,「どう？きもちいい？」
T000557,B0002,D:\Dev\Desenvolvimento\Projetos\TradutorDGames\[Kimochi] RJ01696894,www\data\Map002.json,0,.json,utf-8-sig,kana,rpgmaker_map,95,$.events[8].pages[1].list[49].parameters[0],2,「ちんぽ……ガチガチだね……」
T000558,B0002,D:\Dev\Desenvolvimento\Projetos\TradutorDGames\[Kimochi] RJ01696894,www\data\Map002.json,0,.json,utf-8-sig,"cjk,kana",rpgmaker_map,95,$.events[8].pages[1].list[53].parameters[0],2,もっと激しくしてもいいよ……？」
T000559,B0002,D:\Dev\Desenvolvimento\Projetos\TradutorDGames\[Kimochi] RJ01696894,www\data\Map002.json,0,.json,utf-8-sig,"cjk,kana",rpgmaker_map,95,$.events[8].pages[1].list[56].parameters[0],2,「いっぱい射精できるように
T000560,B0002,D:\Dev\Desenvolvimento\Projetos\TradutorDGames\[Kimochi] RJ01696894,www\data\Map002.json,0,.json,utf-8-sig,"cjk,kana",rpgmaker_map,95,$.events[8].pages[1].list[57].parameters[0],2,好きなように使っていいからね……！」
T000561,B0002,D:\Dev\Desenvolvimento\Projetos\TradutorDGames\[Kimochi] RJ01696894,www\data\Map002.json,0,.json,utf-8-sig,"cjk,kana",rpgmaker_map,95,$.events[8].pages[1].list[5].parameters[0],2,えーとそれで何してほしいんだっけ？」
T000562,B0002,D:\Dev\Desenvolvimento\Projetos\TradutorDGames\[Kimochi] RJ01696894,www\data\Map002.json,0,.json,utf-8-sig,kana,rpgmaker_map,95,$.events[8].pages[1].list[65].parameters[0],2,「あっ……うっ……」
T000563,B0002,D:\Dev\Desenvolvimento\Projetos\TradutorDGames\[Kimochi] RJ01696894,www\data\Map002.json,0,.json,utf-8-sig,kana,rpgmaker_map,95,$.events[8].pages[1].list[68].parameters[0],2,「い、いいかんじ……♥」
T000564,B0002,D:\Dev\Desenvolvimento\Projetos\TradutorDGames\[Kimochi] RJ01696894,www\data\Map002.json,0,.json,utf-8-sig,kana,rpgmaker_map,95,$.events[8].pages[1].list[71].parameters[0],2,「ど、どう……？きもちいい……？」
T000565,B0002,D:\Dev\Desenvolvimento\Projetos\TradutorDGames\[Kimochi] RJ01696894,www\data\Map002.json,0,.json,utf-8-sig,kana,rpgmaker_map,95,$.events[8].pages[1].list[74].parameters[0],2,「んんっ…………♥」
T000566,B0002,D:\Dev\Desenvolvimento\Projetos\TradutorDGames\[Kimochi] RJ01696894,www\data\Map002.json,0,.json,utf-8-sig,"cjk,kana",rpgmaker_map,95,$.events[8].pages[1].list[77].parameters[0],1,「い、いつでも出していいからね……」
T000567,B0002,D:\Dev\Desenvolvimento\Projetos\TradutorDGames\[Kimochi] RJ01696894,www\data\Map002.json,0,.json,utf-8-sig,"cjk,kana",rpgmaker_map,95,$.events[8].pages[1].list[80].parameters[0],2,「いっぱい出して……♥
T000568,B0002,D:\Dev\Desenvolvimento\Projetos\TradutorDGames\[Kimochi] RJ01696894,www\data\Map002.json,0,.json,utf-8-sig,"cjk,kana",rpgmaker_map,95,$.events[8].pages[1].list[81].parameters[0],2,無責任中出しでしっかり孕ませて……♥」
T000569,B0002,D:\Dev\Desenvolvimento\Projetos\TradutorDGames\[Kimochi] RJ01696894,www\data\Map002.json,0,.json,utf-8-sig,kana,rpgmaker_map,95,$.events[8].pages[1].list[84].parameters[0],2,「んんっ…………あぁっ……♥」
T000570,B0002,D:\Dev\Desenvolvimento\Projetos\TradutorDGames\[Kimochi] RJ01696894,www\data\Map002.json,0,.json,utf-8-sig,kana,rpgmaker_map,95,$.events[8].pages[1].list[95].parameters[0],2,「あっ……ん…………♥」
T000571,B0002,D:\Dev\Desenvolvimento\Projetos\TradutorDGames\[Kimochi] RJ01696894,www\data\Map002.json,0,.json,utf-8-sig,"cjk,kana",rpgmaker_map,95,$.events[9].pages[0].list[11].parameters[0],2,見覚えのある人がいる。
T000572,B0002,D:\Dev\Desenvolvimento\Projetos\TradutorDGames\[Kimochi] RJ01696894,www\data\Map002.json,0,.json,utf-8-sig,kana,rpgmaker_map,95,$.events[9].pages[0].list[14].parameters[0],50,コト
T000573,B0002,D:\Dev\Desenvolvimento\Projetos\TradutorDGames\[Kimochi] RJ01696894,www\data\Map002.json,0,.json,utf-8-sig,"cjk,kana",rpgmaker_map,95,$.events[9].pages[0].list[15].parameters[0],2,「んーー？あれボク君？」
T000574,B0002,D:\Dev\Desenvolvimento\Projetos\TradutorDGames\[Kimochi] RJ01696894,www\data\Map002.json,0,.json,utf-8-sig,"cjk,kana",rpgmaker_map,95,$.events[9].pages[0].list[18].parameters[0],2,家も近くて卒業するまで良く面倒を見てくれてた
T000575,B0002,D:\Dev\Desenvolvimento\Projetos\TradutorDGames\[Kimochi] RJ01696894,www\data\Map002.json,0,.json,utf-8-sig,kana,rpgmaker_map,95,$.events[9].pages[0].list[19].parameters[0],2,コトちゃんだ。
T000576,B0002,D:\Dev\Desenvolvimento\Projetos\TradutorDGames\[Kimochi] RJ01696894,www\data\Map002.json,0,.json,utf-8-sig,"cjk,kana",rpgmaker_map,95,$.events[9].pages[0].list[23].parameters[0],2,「久しぶりだね？ここらへんで遊んでるの？
T000577,B0002,D:\Dev\Desenvolvimento\Projetos\TradutorDGames\[Kimochi] RJ01696894,www\data\Map002.json,0,.json,utf-8-sig,"cjk,kana",rpgmaker_map,95,$.events[9].pages[0].list[24].parameters[0],2,私は部活帰りだよ」
T000578,B0002,D:\Dev\Desenvolvimento\Projetos\TradutorDGames\[Kimochi] RJ01696894,www\data\Map002.json,0,.json,utf-8-sig,"cjk,kana",rpgmaker_map,95,$.events[9].pages[0].list[28].parameters[0],2,「種付けしてる……？
T000579,B0002,D:\Dev\Desenvolvimento\Projetos\TradutorDGames\[Kimochi] RJ01696894,www\data\Map002.json,0,.json,utf-8-sig,"cjk,kana",rpgmaker_map,95,$.events[9].pages[0].list[29].parameters[0],2,何？自由研究とか？私も手伝おうか？」
T000580,B0002,D:\Dev\Desenvolvimento\Projetos\TradutorDGames\[Kimochi] RJ01696894,www\data\Map002.json,0,.json,utf-8-sig,"cjk,kana",rpgmaker_map,95,$.events[9].pages[0].list[34].parameters[0],2,僕は コト にアプリをつかった！
T000581,B0002,D:\Dev\Desenvolvimento\Projetos\TradutorDGames\[Kimochi] RJ01696894,www\data\Map002.json,0,.json,utf-8-sig,kana,rpgmaker_map,95,$.events[9].pages[0].list[46].parameters[0],2,"コトは ""にんしきかいへん"" された！"
T000582,B0002,D:\Dev\Desenvolvimento\Projetos\TradutorDGames\[Kimochi] RJ01696894,www\data\Map002.json,0,.json,utf-8-sig,kana,rpgmaker_map,95,$.events[9].pages[1].list[100].parameters[0],2,「お、おつかれ……
T000583,B0002,D:\Dev\Desenvolvimento\Projetos\TradutorDGames\[Kimochi] RJ01696894,www\data\Map002.json,0,.json,utf-8-sig,"cjk,kana",rpgmaker_map,95,$.events[9].pages[1].list[101].parameters[0],2,たくさん出たね……」
T000584,B0002,D:\Dev\Desenvolvimento\Projetos\TradutorDGames\[Kimochi] RJ01696894,www\data\Map002.json,0,.json,utf-8-sig,cjk,rpgmaker_map,95,$.events[9].pages[1].list[105].parameters[0],2,「私……
T000585,B0002,D:\Dev\Desenvolvimento\Projetos\TradutorDGames\[Kimochi] RJ01696894,www\data\Map002.json,0,.json,utf-8-sig,"cjk,kana",rpgmaker_map,95,$.events[9].pages[1].list[106].parameters[0],2,これで本当に孕んじゃったのかな？」
T000586,B0002,D:\Dev\Desenvolvimento\Projetos\TradutorDGames\[Kimochi] RJ01696894,www\data\Map002.json,0,.json,utf-8-sig,"cjk,kana",rpgmaker_map,95,$.events[9].pages[1].list[109].parameters[0],2,「まぁ、一発で必ず出来るとも
T000587,B0002,D:\Dev\Desenvolvimento\Projetos\TradutorDGames\[Kimochi] RJ01696894,www\data\Map002.json,0,.json,utf-8-sig,"cjk,kana",rpgmaker_map,95,$.events[9].pages[1].list[10].parameters[0],2,手伝うよー何すればいい？」
T000588,B0002,D:\Dev\Desenvolvimento\Projetos\TradutorDGames\[Kimochi] RJ01696894,www\data\Map002.json,0,.json,utf-8-sig,"cjk,kana",rpgmaker_map,95,$.events[9].pages[1].list[110].parameters[0],2,限らないか……」
T000589,B0002,D:\Dev\Desenvolvimento\Projetos\TradutorDGames\[Kimochi] RJ01696894,www\data\Map002.json,0,.json,utf-8-sig,"cjk,kana",rpgmaker_map,95,$.events[9].pages[1].list[114].parameters[0],2,僕は コト に種付けした！
T000590,B0002,D:\Dev\Desenvolvimento\Projetos\TradutorDGames\[Kimochi] RJ01696894,www\data\Map002.json,0,.json,utf-8-sig,kana,rpgmaker_map,95,$.events[9].pages[1].list[21].parameters[0],2,「いぃっ…………あっ……」
T000591,B0002,D:\Dev\Desenvolvimento\Projetos\TradutorDGames\[Kimochi] RJ01696894,www\data\Map002.json,0,.json,utf-8-sig,"cjk,kana",rpgmaker_map,95,$.events[9].pages[1].list[29].parameters[0],2,「あっ……、た、種付けって
T000592,B0002,D:\Dev\Desenvolvimento\Projetos\TradutorDGames\[Kimochi] RJ01696894,www\data\Map002.json,0,.json,utf-8-sig,"cjk,kana",rpgmaker_map,95,$.events[9].pages[1].list[30].parameters[0],2,エッチの事だったのね……」
T000593,B0002,D:\Dev\Desenvolvimento\Projetos\TradutorDGames\[Kimochi] RJ01696894,www\data\Map002.json,0,.json,utf-8-sig,"cjk,kana",rpgmaker_map,95,$.events[9].pages[1].list[33].parameters[0],2,「大丈夫……痛くは……ないけどっ……」
T000594,B0002,D:\Dev\Desenvolvimento\Projetos\TradutorDGames\[Kimochi] RJ01696894,www\data\Map002.json,0,.json,utf-8-sig,"cjk,kana",rpgmaker_map,95,$.events[9].pages[1].list[36].parameters[0],2,「は、初めては……
T000595,B0002,D:\Dev\Desenvolvimento\Projetos\TradutorDGames\[Kimochi] RJ01696894,www\data\Map002.json,0,.json,utf-8-sig,"cjk,kana",rpgmaker_map,95,$.events[9].pages[1].list[37].parameters[0],2,好きな人としたかったかな……」
T000596,B0002,D:\Dev\Desenvolvimento\Projetos\TradutorDGames\[Kimochi] RJ01696894,www\data\Map002.json,0,.json,utf-8-sig,kana,rpgmaker_map,95,$.events[9].pages[1].list[40].parameters[0],2,「まあ、しょうがないよねっ……！
T000597,B0002,D:\Dev\Desenvolvimento\Projetos\TradutorDGames\[Kimochi] RJ01696894,www\data\Map002.json,0,.json,utf-8-sig,"cjk,kana",rpgmaker_map,95,$.events[9].pages[1].list[41].parameters[0],2,そういう決まりだし……！」
T000598,B0002,D:\Dev\Desenvolvimento\Projetos\TradutorDGames\[Kimochi] RJ01696894,www\data\Map002.json,0,.json,utf-8-sig,"cjk,kana",rpgmaker_map,95,$.events[9].pages[1].list[44].parameters[0],2,「ボク君となら、まぁ……
T000599,B0002,D:\Dev\Desenvolvimento\Projetos\TradutorDGames\[Kimochi] RJ01696894,www\data\Map002.json,0,.json,utf-8-sig,kana,rpgmaker_map,95,$.events[9].pages[1].list[45].parameters[0],2,いいかな……？」
T000600,B0002,D:\Dev\Desenvolvimento\Projetos\TradutorDGames\[Kimochi] RJ01696894,www\data\Map002.json,0,.json,utf-8-sig,kana,rpgmaker_map,95,$.events[9].pages[1].list[48].parameters[0],2,「んっ…………」
T000601,B0002,D:\Dev\Desenvolvimento\Projetos\TradutorDGames\[Kimochi] RJ01696894,www\data\Map002.json,0,.json,utf-8-sig,kana,rpgmaker_map,95,$.events[9].pages[1].list[4].parameters[0],2,「うん……？
T000602,B0002,D:\Dev\Desenvolvimento\Projetos\TradutorDGames\[Kimochi] RJ01696894,www\data\Map002.json,0,.json,utf-8-sig,"cjk,kana",rpgmaker_map,95,$.events[9].pages[1].list[51].parameters[0],2,「た、たくさん中に出してね……」
T000603,B0002,D:\Dev\Desenvolvimento\Projetos\TradutorDGames\[Kimochi] RJ01696894,www\data\Map002.json,0,.json,utf-8-sig,kana,rpgmaker_map,95,$.events[9].pages[1].list[5].parameters[0],2,なんかぼーっとしてたような……」
T000604,B0002,D:\Dev\Desenvolvimento\Projetos\TradutorDGames\[Kimochi] RJ01696894,www\data\Map002.json,0,.json,utf-8-sig,kana,rpgmaker_map,95,$.events[9].pages[1].list[62].parameters[0],2,「そ、そろそろでそう……？」
T000605,B0002,D:\Dev\Desenvolvimento\Projetos\TradutorDGames\[Kimochi] RJ01696894,www\data\Map002.json,0,.json,utf-8-sig,kana,rpgmaker_map,95,$.events[9].pages[1].list[65].parameters[0],2,「あっ……んんっ……」
T000606,B0002,D:\Dev\Desenvolvimento\Projetos\TradutorDGames\[Kimochi] RJ01696894,www\data\Map002.json,0,.json,utf-8-sig,kana,rpgmaker_map,95,$.events[9].pages[1].list[68].parameters[0],2,「こ、これ……
T000607,B0002,D:\Dev\Desenvolvimento\Projetos\TradutorDGames\[Kimochi] RJ01696894,www\data\Map002.json,0,.json,utf-8-sig,kana,rpgmaker_map,95,$.events[9].pages[1].list[69].parameters[0],2,いっちゃうかも……」
T000608,B0002,D:\Dev\Desenvolvimento\Projetos\TradutorDGames\[Kimochi] RJ01696894,www\data\Map002.json,0,.json,utf-8-sig,kana,rpgmaker_map,95,$.events[9].pages[1].list[72].parameters[0],2,「いっ……あっ……だめ……！」
T000609,B0002,D:\Dev\Desenvolvimento\Projetos\TradutorDGames\[Kimochi] RJ01696894,www\data\Map002.json,0,.json,utf-8-sig,kana,rpgmaker_map,95,$.events[9].pages[1].list[75].parameters[0],2,「いっ……く…………！」
T000610,B0002,D:\Dev\Desenvolvimento\Projetos\TradutorDGames\[Kimochi] RJ01696894,www\data\Map002.json,0,.json,utf-8-sig,kana,rpgmaker_map,95,$.events[9].pages[1].list[86].parameters[0],2,「んっ……あぁっ……！」
T000611,B0002,D:\Dev\Desenvolvimento\Projetos\TradutorDGames\[Kimochi] RJ01696894,www\data\Map002.json,0,.json,utf-8-sig,kana,rpgmaker_map,95,$.events[9].pages[1].list[97].parameters[0],2,「うぅっ…………」
T000612,B0002,D:\Dev\Desenvolvimento\Projetos\TradutorDGames\[Kimochi] RJ01696894,www\data\Map002.json,0,.json,utf-8-sig,"cjk,kana",rpgmaker_map,95,$.events[9].pages[1].list[9].parameters[0],2,「あぁえっと、種付けだっけ？
T000613,B0002,D:\Dev\Desenvolvimento\Projetos\TradutorDGames\[Kimochi] RJ01696894,www\data\Map003.json,0,.json,utf-8-sig,"cjk,kana",rpgmaker_map,95,$.events[1].pages[0].list[0].parameters[0],2,ピクチャ番号　5　14
T000614,B0002,D:\Dev\Desenvolvimento\Projetos\TradutorDGames\[Kimochi] RJ01696894,www\data\Map003.json,0,.json,utf-8-sig,cjk,rpgmaker_map,95,$.events[2].pages[0].list[8].parameters[0],1,D_TEXT  酒屋 24
T000615,B0002,D:\Dev\Desenvolvimento\Projetos\TradutorDGames\[Kimochi] RJ01696894,www\data\Map003.json,0,.json,utf-8-sig,cjk,rpgmaker_map,95,$.events[5].pages[0].list[8].parameters[0],1,D_TEXT  路地裏 24
T000616,B0002,D:\Dev\Desenvolvimento\Projetos\TradutorDGames\[Kimochi] RJ01696894,www\data\Map007.json,0,.json,utf-8-sig,"cjk,kana",rpgmaker_map,95,$.events[5].pages[1].list[77].parameters[0],1,「い、いつでも出していいからね……！」
T000617,B0002,D:\Dev\Desenvolvimento\Projetos\TradutorDGames\[Kimochi] RJ01696894,www\data\Map009.json,0,.json,utf-8-sig,"cjk,kana",rpgmaker_map,95,$.events[1].pages[0].list[10].parameters[0],1,極めて順調で続々と成果を発揮しています」
T000618,B0002,D:\Dev\Desenvolvimento\Projetos\TradutorDGames\[Kimochi] RJ01696894,www\data\Map009.json,0,.json,utf-8-sig,cjk,rpgmaker_map,95,$.events[1].pages[0].list[12].parameters[0],9,局長
T000619,B0002,D:\Dev\Desenvolvimento\Projetos\TradutorDGames\[Kimochi] RJ01696894,www\data\Map009.json,0,.json,utf-8-sig,"cjk,kana",rpgmaker_map,95,$.events[1].pages[0].list[13].parameters[0],1,「そうかそうか……実に素晴らしい……！
T000620,B0002,D:\Dev\Desenvolvimento\Projetos\TradutorDGames\[Kimochi] RJ01696894,www\data\Map009.json,0,.json,utf-8-sig,"cjk,kana",rpgmaker_map,95,$.events[1].pages[0].list[14].parameters[0],1,この調子でどんどん人口を増やしてもらおう……」
T000621,B0002,D:\Dev\Desenvolvimento\Projetos\TradutorDGames\[Kimochi] RJ01696894,www\data\Map009.json,0,.json,utf-8-sig,"cjk,kana",rpgmaker_map,95,$.events[1].pages[0].list[17].parameters[0],1,「特に例の町の適任者ですが……
T000622,B0002,D:\Dev\Desenvolvimento\Projetos\TradutorDGames\[Kimochi] RJ01696894,www\data\Map009.json,0,.json,utf-8-sig,"cjk,kana",rpgmaker_map,95,$.events[1].pages[0].list[18].parameters[0],1,これまでに２００件以上の成果を上げています」
T000623,B0002,D:\Dev\Desenvolvimento\Projetos\TradutorDGames\[Kimochi] RJ01696894,www\data\Map009.json,0,.json,utf-8-sig,cjk,rpgmaker_map,95,$.events[1].pages[0].list[21].parameters[0],1,「２００件以上……？
T000624,B0002,D:\Dev\Desenvolvimento\Projetos\TradutorDGames\[Kimochi] RJ01696894,www\data\Map009.json,0,.json,utf-8-sig,kana,rpgmaker_map,95,$.events[1].pages[0].list[22].parameters[0],1,とんだミラクルおちんぽボーイだな……」
T000625,B0002,D:\Dev\Desenvolvimento\Projetos\TradutorDGames\[Kimochi] RJ01696894,www\data\Map009.json,0,.json,utf-8-sig,kana,rpgmaker_map,95,$.events[1].pages[0].list[25].parameters[0],1,「ミラクル……？」
T000626,B0002,D:\Dev\Desenvolvimento\Projetos\TradutorDGames\[Kimochi] RJ01696894,www\data\Map009.json,0,.json,utf-8-sig,kana,rpgmaker_map,95,$.events[1].pages[0].list[28].parameters[0],1,「あぁいやなんでもない……
T000627,B0002,D:\Dev\Desenvolvimento\Projetos\TradutorDGames\[Kimochi] RJ01696894,www\data\Map009.json,0,.json,utf-8-sig,"cjk,kana",rpgmaker_map,95,$.events[1].pages[0].list[29].parameters[0],1,引き続き計画を進めてくれ」
T000628,B0002,D:\Dev\Desenvolvimento\Projetos\TradutorDGames\[Kimochi] RJ01696894,www\data\Map009.json,0,.json,utf-8-sig,"cjk,kana",rpgmaker_map,95,$.events[1].pages[0].list[32].parameters[0],1,「我々には愚民どもには理解できない責務があるのだからな」
T000629,B0002,D:\Dev\Desenvolvimento\Projetos\TradutorDGames\[Kimochi] RJ01696894,www\data\Map009.json,0,.json,utf-8-sig,"cjk,kana",rpgmaker_map,95,$.events[1].pages[0].list[35].parameters[0],1,「承知しました」
T000630,B0002,D:\Dev\Desenvolvimento\Projetos\TradutorDGames\[Kimochi] RJ01696894,www\data\Map009.json,0,.json,utf-8-sig,"cjk,kana",rpgmaker_map,95,$.events[1].pages[0].list[38].parameters[0],1,「ところで……君のお腹なんだが……」
T000631,B0002,D:\Dev\Desenvolvimento\Projetos\TradutorDGames\[Kimochi] RJ01696894,www\data\Map009.json,0,.json,utf-8-sig,"cjk,kana",rpgmaker_map,95,$.events[1].pages[0].list[41].parameters[0],1,「あぁこれですか？私も計画の一助となるため
T000632,B0002,D:\Dev\Desenvolvimento\Projetos\TradutorDGames\[Kimochi] RJ01696894,www\data\Map009.json,0,.json,utf-8-sig,"cjk,kana",rpgmaker_map,95,$.events[1].pages[0].list[42].parameters[0],1,このとおり種付けしてもらいました」
T000633,B0002,D:\Dev\Desenvolvimento\Projetos\TradutorDGames\[Kimochi] RJ01696894,www\data\Map009.json,0,.json,utf-8-sig,kana,rpgmaker_map,95,$.events[1].pages[0].list[54].parameters[0],1,「あぁ……そうか……そうだな…………」
T000634,B0002,D:\Dev\Desenvolvimento\Projetos\TradutorDGames\[Kimochi] RJ01696894,www\data\Map009.json,0,.json,utf-8-sig,"cjk,kana",rpgmaker_map,95,$.events[1].pages[0].list[57].parameters[0],1,「私も計画のために……
T000635,B0002,D:\Dev\Desenvolvimento\Projetos\TradutorDGames\[Kimochi] RJ01696894,www\data\Map009.json,0,.json,utf-8-sig,"cjk,kana",rpgmaker_map,95,$.events[1].pages[0].list[58].parameters[0],1,種付けしてもらわないとな……」
T000636,B0002,D:\Dev\Desenvolvimento\Projetos\TradutorDGames\[Kimochi] RJ01696894,www\data\Map009.json,0,.json,utf-8-sig,"cjk,kana",rpgmaker_map,95,$.events[1].pages[0].list[65].parameters[0],1,ここまでプレイして頂きありがとうございました！
T000637,B0002,D:\Dev\Desenvolvimento\Projetos\TradutorDGames\[Kimochi] RJ01696894,www\data\Map009.json,0,.json,utf-8-sig,"cjk,kana",rpgmaker_map,95,$.events[1].pages[0].list[68].parameters[0],1,タイトル画面にギャラリーが追加されました！
T000638,B0002,D:\Dev\Desenvolvimento\Projetos\TradutorDGames\[Kimochi] RJ01696894,www\data\Map009.json,0,.json,utf-8-sig,"cjk,kana",rpgmaker_map,95,$.events[1].pages[0].list[9].parameters[0],1,「えー例の計画ですが、
T000639,B0002,D:\Dev\Desenvolvimento\Projetos\TradutorDGames\[Kimochi] RJ01696894,www\data\Map027.json,0,.json,utf-8-sig,"cjk,kana",rpgmaker_map,95,$.events[1].pages[0].list[8].parameters[0],1,D_TEXT  自分の部屋 24
T000640,B0002,D:\Dev\Desenvolvimento\Projetos\TradutorDGames\[Kimochi] RJ01696894,www\data\Map027.json,0,.json,utf-8-sig,"cjk,kana",rpgmaker_map,95,$.events[2].pages[0].list[8].parameters[0],1,D_TEXT  姉の部屋 24
T000641,B0002,D:\Dev\Desenvolvimento\Projetos\TradutorDGames\[Kimochi] RJ01696894,www\data\Map027.json,0,.json,utf-8-sig,"cjk,kana",rpgmaker_map,95,$.events[3].pages[0].list[15].parameters[0],1,D_TEXT  学校へ 24
T000642,B0002,D:\Dev\Desenvolvimento\Projetos\TradutorDGames\[Kimochi] RJ01696894,www\data\Map027.json,0,.json,utf-8-sig,"cjk,kana",rpgmaker_map,95,$.events[3].pages[0].list[1].parameters[0],2,移動アイコン表示しない
T000643,B0002,D:\Dev\Desenvolvimento\Projetos\TradutorDGames\[Kimochi] RJ01696894,www\data\Map027.json,0,.json,utf-8-sig,"cjk,kana",rpgmaker_map,95,$.events[3].pages[0].list[34].parameters[0],1,D_TEXT  街へ 24
T000644,B0002,D:\Dev\Desenvolvimento\Projetos\TradutorDGames\[Kimochi] RJ01696894,www\data\Map027.json,0,.json,utf-8-sig,"cjk,kana",rpgmaker_map,95,$.events[3].pages[0].list[40].parameters[0],1,！マーク表示　メインシナリオ4以上の時
T000645,B0002,D:\Dev\Desenvolvimento\Projetos\TradutorDGames\[Kimochi] RJ01696894,www\data\Map027.json,0,.json,utf-8-sig,"cjk,kana",rpgmaker_map,95,$.events[3].pages[0].list[6].parameters[0],1,移動アイコン表示
T000646,B0002,D:\Dev\Desenvolvimento\Projetos\TradutorDGames\[Kimochi] RJ01696894,www\data\Map027.json,0,.json,utf-8-sig,"cjk,kana",rpgmaker_map,95,$.events[4].pages[0].list[22].parameters[0],1,あなたが適任者……？」
T000647,B0002,D:\Dev\Desenvolvimento\Projetos\TradutorDGames\[Kimochi] RJ01696894,www\data\Map027.json,0,.json,utf-8-sig,"cjk,kana",rpgmaker_map,95,$.events[4].pages[1].list[124].parameters[0],1,僕はその後、この町の女子にとどまらず
T000648,B0002,D:\Dev\Desenvolvimento\Projetos\TradutorDGames\[Kimochi] RJ01696894,www\data\Map027.json,0,.json,utf-8-sig,"cjk,kana",rpgmaker_map,95,$.events[4].pages[1].list[125].parameters[0],1,時には隣町へ赴き、”たねづけ” を行い続けた。
T000649,B0002,D:\Dev\Desenvolvimento\Projetos\TradutorDGames\[Kimochi] RJ01696894,www\data\Map027.json,0,.json,utf-8-sig,"cjk,kana",rpgmaker_map,95,$.events[4].pages[1].list[128].parameters[0],1,みんな ”たねづけ” を行うと喜んで褒めてくれるので、
T000650,B0002,D:\Dev\Desenvolvimento\Projetos\TradutorDGames\[Kimochi] RJ01696894,www\data\Map027.json,0,.json,utf-8-sig,"cjk,kana",rpgmaker_map,95,$.events[4].pages[1].list[129].parameters[0],1,とてもやりがいのある仕事だ。
T000651,B0002,D:\Dev\Desenvolvimento\Projetos\TradutorDGames\[Kimochi] RJ01696894,www\data\Map027.json,0,.json,utf-8-sig,kana,rpgmaker_map,95,$.events[4].pages[1].list[80].parameters[0],1,「しんじゃうぅっ……♥♥」
T000652,B0002,D:\Dev\Desenvolvimento\Projetos\TradutorDGames\[Kimochi] RJ01696894,www\data\Map028.json,0,.json,utf-8-sig,"cjk,kana",rpgmaker_map,95,$.events[1].pages[0].list[5].parameters[0],1,ここは田舎の学校というのもあるが、いつものような騒がしさは無く
T000653,B0002,D:\Dev\Desenvolvimento\Projetos\TradutorDGames\[Kimochi] RJ01696894,www\data\Map028.json,0,.json,utf-8-sig,"cjk,kana",rpgmaker_map,95,$.events[1].pages[0].list[6].parameters[0],1,静まり返っていた。
T000654,B0002,D:\Dev\Desenvolvimento\Projetos\TradutorDGames\[Kimochi] RJ01696894,www\data\Map028.json,0,.json,utf-8-sig,"cjk,kana",rpgmaker_map,95,$.events[1].pages[0].list[9].parameters[0],1,やはり夏休み中に学校へ来る人なんていないのだろうか。
T000655,B0002,D:\Dev\Desenvolvimento\Projetos\TradutorDGames\[Kimochi] RJ01696894,www\data\Map028.json,0,.json,utf-8-sig,"cjk,kana",rpgmaker_map,95,$.events[2].pages[0].list[8].parameters[0],1,D_TEXT  職員室へ 24
T000656,B0002,D:\Dev\Desenvolvimento\Projetos\TradutorDGames\[Kimochi] RJ01696894,www\data\Map028.json,0,.json,utf-8-sig,"cjk,kana",rpgmaker_map,95,$.events[4].pages[0].list[8].parameters[0],1,D_TEXT  図書室へ 24
T000657,B0002,D:\Dev\Desenvolvimento\Projetos\TradutorDGames\[Kimochi] RJ01696894,www\data\Map028.json,0,.json,utf-8-sig,"cjk,kana",rpgmaker_map,95,$.events[5].pages[0].list[9].parameters[0],1,D_TEXT  体育館へ 24
T000658,B0002,D:\Dev\Desenvolvimento\Projetos\TradutorDGames\[Kimochi] RJ01696894,www\data\System.json,0,.json,utf-8-sig,"cjk,kana",rpgmaker_system,93,$.gameTitle,1,種付けアプリ
T000659,B0002,D:\Dev\Desenvolvimento\Projetos\TradutorDGames\[Kimochi] RJ01696894,www\data\Tilesets.json,0,.json,utf-8-sig,kana,rpgmaker_data,88,$[1].name,1,エリア
T000660,B0002,D:\Dev\Desenvolvimento\Projetos\TradutorDGames\[Kimochi] RJ01696894,www\data\System.json,0,.json,utf-8-sig,"cjk,kana",rpgmaker_system,65,$.switches[12],1,メッセージ表示中
T000661,B0002,D:\Dev\Desenvolvimento\Projetos\TradutorDGames\[Kimochi] RJ01696894,www\data\System.json,0,.json,utf-8-sig,"cjk,kana",rpgmaker_system,65,$.switches[13],1,オート動作(プラグイン)
T000662,B0002,D:\Dev\Desenvolvimento\Projetos\TradutorDGames\[Kimochi] RJ01696894,www\data\System.json,0,.json,utf-8-sig,"cjk,kana",rpgmaker_system,65,$.switches[14],1,オート解除しない（プラグ）
T000663,B0002,D:\Dev\Desenvolvimento\Projetos\TradutorDGames\[Kimochi] RJ01696894,www\data\System.json,0,.json,utf-8-sig,"cjk,kana",rpgmaker_system,65,$.switches[15],1,オートアニメ開始/停止
T000664,B0002,D:\Dev\Desenvolvimento\Projetos\TradutorDGames\[Kimochi] RJ01696894,www\data\System.json,0,.json,utf-8-sig,cjk,rpgmaker_system,65,$.switches[16],1,msgWin 全体
T000665,B0002,D:\Dev\Desenvolvimento\Projetos\TradutorDGames\[Kimochi] RJ01696894,www\data\System.json,0,.json,utf-8-sig,cjk,rpgmaker_system,65,$.switches[17],1,msgWin 小
T000666,B0002,D:\Dev\Desenvolvimento\Projetos\TradutorDGames\[Kimochi] RJ01696894,www\data\System.json,0,.json,utf-8-sig,"cjk,kana",rpgmaker_system,65,$.switches[22],1,教師完了立ち絵削除
T000667,B0002,D:\Dev\Desenvolvimento\Projetos\TradutorDGames\[Kimochi] RJ01696894,www\data\System.json,0,.json,utf-8-sig,"cjk,kana",rpgmaker_system,65,$.switches[23],1,モミジ完了立ち絵削除
T000668,B0002,D:\Dev\Desenvolvimento\Projetos\TradutorDGames\[Kimochi] RJ01696894,www\data\System.json,0,.json,utf-8-sig,"cjk,kana",rpgmaker_system,65,$.switches[24],1,ヒマリ完了立ち絵削除
T000669,B0002,D:\Dev\Desenvolvimento\Projetos\TradutorDGames\[Kimochi] RJ01696894,www\data\System.json,0,.json,utf-8-sig,"cjk,kana",rpgmaker_system,65,$.switches[25],1,姉友人完了立ち絵削除
T000670,B0002,D:\Dev\Desenvolvimento\Projetos\TradutorDGames\[Kimochi] RJ01696894,www\data\System.json,0,.json,utf-8-sig,"cjk,kana",rpgmaker_system,65,$.switches[26],1,路地裏完了立ち絵削除
T000671,B0002,D:\Dev\Desenvolvimento\Projetos\TradutorDGames\[Kimochi] RJ01696894,www\data\System.json,0,.json,utf-8-sig,"cjk,kana",rpgmaker_system,65,$.switches[27],1,酒屋完了立ち絵削除
T000672,B0002,D:\Dev\Desenvolvimento\Projetos\TradutorDGames\[Kimochi] RJ01696894,www\data\System.json,0,.json,utf-8-sig,"cjk,kana",rpgmaker_system,65,$.switches[28],1,警官完了立ち絵削除
T000673,B0002,D:\Dev\Desenvolvimento\Projetos\TradutorDGames\[Kimochi] RJ01696894,www\data\System.json,0,.json,utf-8-sig,"cjk,kana",rpgmaker_system,65,$.switches[29],1,JC完了立ち絵削除
T000674,B0002,D:\Dev\Desenvolvimento\Projetos\TradutorDGames\[Kimochi] RJ01696894,www\data\System.json,0,.json,utf-8-sig,"cjk,kana",rpgmaker_system,65,$.switches[2],1,メッセージスキップ無効
T000675,B0002,D:\Dev\Desenvolvimento\Projetos\TradutorDGames\[Kimochi] RJ01696894,www\data\System.json,0,.json,utf-8-sig,kana,rpgmaker_system,65,$.switches[35],1,tgameクリア
T000676,B0002,D:\Dev\Desenvolvimento\Projetos\TradutorDGames\[Kimochi] RJ01696894,www\data\System.json,0,.json,utf-8-sig,"cjk,kana",rpgmaker_system,65,$.switches[41],1,立ち絵　クリック動作
T000677,B0002,D:\Dev\Desenvolvimento\Projetos\TradutorDGames\[Kimochi] RJ01696894,www\data\System.json,0,.json,utf-8-sig,"cjk,kana",rpgmaker_system,65,$.switches[42],1,立ち絵　表示完了
T000678,B0002,D:\Dev\Desenvolvimento\Projetos\TradutorDGames\[Kimochi] RJ01696894,www\data\System.json,0,.json,utf-8-sig,"cjk,kana",rpgmaker_system,65,$.switches[46],1,イベント開始
T000679,B0002,D:\Dev\Desenvolvimento\Projetos\TradutorDGames\[Kimochi] RJ01696894,www\data\System.json,0,.json,utf-8-sig,"cjk,kana",rpgmaker_system,65,$.switches[50],1,Movicon クリック動作
T000680,B0002,D:\Dev\Desenvolvimento\Projetos\TradutorDGames\[Kimochi] RJ01696894,www\data\System.json,0,.json,utf-8-sig,"cjk,kana",rpgmaker_system,65,$.switches[51],1,移動アイコン1表示
T000681,B0002,D:\Dev\Desenvolvimento\Projetos\TradutorDGames\[Kimochi] RJ01696894,www\data\System.json,0,.json,utf-8-sig,"cjk,kana",rpgmaker_system,65,$.switches[52],1,移動アイコン2表示
T000682,B0002,D:\Dev\Desenvolvimento\Projetos\TradutorDGames\[Kimochi] RJ01696894,www\data\System.json,0,.json,utf-8-sig,"cjk,kana",rpgmaker_system,65,$.switches[53],1,移動アイコン3表示
T000683,B0002,D:\Dev\Desenvolvimento\Projetos\TradutorDGames\[Kimochi] RJ01696894,www\data\System.json,0,.json,utf-8-sig,"cjk,kana",rpgmaker_system,65,$.switches[54],1,移動アイコン4表示
T000684,B0002,D:\Dev\Desenvolvimento\Projetos\TradutorDGames\[Kimochi] RJ01696894,www\data\System.json,0,.json,utf-8-sig,"cjk,kana",rpgmaker_system,65,$.switches[55],1,移動アイコン5表示
T000685,B0002,D:\Dev\Desenvolvimento\Projetos\TradutorDGames\[Kimochi] RJ01696894,www\data\System.json,0,.json,utf-8-sig,"cjk,kana",rpgmaker_system,65,$.switches[5],1,aキー入力判定開始
T000686,B0002,D:\Dev\Desenvolvimento\Projetos\TradutorDGames\[Kimochi] RJ01696894,www\data\System.json,0,.json,utf-8-sig,"cjk,kana",rpgmaker_system,65,$.switches[61],1,Gal キャラ表示完了
T000687,B0002,D:\Dev\Desenvolvimento\Projetos\TradutorDGames\[Kimochi] RJ01696894,www\data\System.json,0,.json,utf-8-sig,cjk,rpgmaker_system,65,$.switches[62],1,Gal 姉
T000688,B0002,D:\Dev\Desenvolvimento\Projetos\TradutorDGames\[Kimochi] RJ01696894,www\data\System.json,0,.json,utf-8-sig,cjk,rpgmaker_system,65,$.switches[63],1,Gal 教師
T000689,B0002,D:\Dev\Desenvolvimento\Projetos\TradutorDGames\[Kimochi] RJ01696894,www\data\System.json,0,.json,utf-8-sig,kana,rpgmaker_system,65,$.switches[64],1,Gal モミジ
T000690,B0002,D:\Dev\Desenvolvimento\Projetos\TradutorDGames\[Kimochi] RJ01696894,www\data\System.json,0,.json,utf-8-sig,kana,rpgmaker_system,65,$.switches[65],1,Gal ヒマリ
T000691,B0002,D:\Dev\Desenvolvimento\Projetos\TradutorDGames\[Kimochi] RJ01696894,www\data\System.json,0,.json,utf-8-sig,cjk,rpgmaker_system,65,$.switches[66],1,Gal 姉友人
T000692,B0002,D:\Dev\Desenvolvimento\Projetos\TradutorDGames\[Kimochi] RJ01696894,www\data\System.json,0,.json,utf-8-sig,cjk,rpgmaker_system,65,$.switches[67],1,Gal 酒屋
T000693,B0002,D:\Dev\Desenvolvimento\Projetos\TradutorDGames\[Kimochi] RJ01696894,www\data\System.json,0,.json,utf-8-sig,cjk,rpgmaker_system,65,$.switches[68],1,Gal 路地裏
T000694,B0002,D:\Dev\Desenvolvimento\Projetos\TradutorDGames\[Kimochi] RJ01696894,www\data\System.json,0,.json,utf-8-sig,cjk,rpgmaker_system,65,$.switches[69],1,Gal 警官
T000695,B0002,D:\Dev\Desenvolvimento\Projetos\TradutorDGames\[Kimochi] RJ01696894,www\data\System.json,0,.json,utf-8-sig,cjk,rpgmaker_system,65,$.switches[71],1,Gal 局員
T000696,B0002,D:\Dev\Desenvolvimento\Projetos\TradutorDGames\[Kimochi] RJ01696894,www\data\System.json,0,.json,utf-8-sig,kana,rpgmaker_system,65,$.terms.basic[0],1,レベル
T000697,B0002,D:\Dev\Desenvolvimento\Projetos\TradutorDGames\[Kimochi] RJ01696894,www\data\System.json,0,.json,utf-8-sig,cjk,rpgmaker_system,65,$.terms.basic[8],1,経験値
T000698,B0002,D:\Dev\Desenvolvimento\Projetos\TradutorDGames\[Kimochi] RJ01696894,www\data\System.json,0,.json,utf-8-sig,"cjk,kana",rpgmaker_system,65,$.terms.commands[0],1,戦う
T000699,B0002,D:\Dev\Desenvolvimento\Projetos\TradutorDGames\[Kimochi] RJ01696894,www\data\System.json,0,.json,utf-8-sig,"cjk,kana",rpgmaker_system,65,$.terms.commands[10],1,ゲーム終了
T000700,B0002,D:\Dev\Desenvolvimento\Projetos\TradutorDGames\[Kimochi] RJ01696894,www\data\System.json,0,.json,utf-8-sig,kana,rpgmaker_system,65,$.terms.commands[11],1,オプション
T000701,B0002,D:\Dev\Desenvolvimento\Projetos\TradutorDGames\[Kimochi] RJ01696894,www\data\System.json,0,.json,utf-8-sig,cjk,rpgmaker_system,65,$.terms.commands[12],1,武器
T000702,B0002,D:\Dev\Desenvolvimento\Projetos\TradutorDGames\[Kimochi] RJ01696894,www\data\System.json,0,.json,utf-8-sig,cjk,rpgmaker_system,65,$.terms.commands[13],1,防具
T000703,B0002,D:\Dev\Desenvolvimento\Projetos\TradutorDGames\[Kimochi] RJ01696894,www\data\System.json,0,.json,utf-8-sig,"cjk,kana",rpgmaker_system,65,$.terms.commands[14],1,大事なもの
T000704,B0002,D:\Dev\Desenvolvimento\Projetos\TradutorDGames\[Kimochi] RJ01696894,www\data\System.json,0,.json,utf-8-sig,cjk,rpgmaker_system,65,$.terms.commands[16],1,最強装備
T000705,B0002,D:\Dev\Desenvolvimento\Projetos\TradutorDGames\[Kimochi] RJ01696894,www\data\System.json,0,.json,utf-8-sig,"cjk,kana",rpgmaker_system,65,$.terms.commands[17],1,全て外す
T000706,B0002,D:\Dev\Desenvolvimento\Projetos\TradutorDGames\[Kimochi] RJ01696894,www\data\System.json,0,.json,utf-8-sig,kana,rpgmaker_system,65,$.terms.commands[18],1,ニューゲーム
T000707,B0002,D:\Dev\Desenvolvimento\Projetos\TradutorDGames\[Kimochi] RJ01696894,www\data\System.json,0,.json,utf-8-sig,kana,rpgmaker_system,65,$.terms.commands[19],1,コンティニュー
T000708,B0002,D:\Dev\Desenvolvimento\Projetos\TradutorDGames\[Kimochi] RJ01696894,www\data\System.json,0,.json,utf-8-sig,"cjk,kana",rpgmaker_system,65,$.terms.commands[1],1,逃げる
T000709,B0002,D:\Dev\Desenvolvimento\Projetos\TradutorDGames\[Kimochi] RJ01696894,www\data\System.json,0,.json,utf-8-sig,kana,rpgmaker_system,65,$.terms.commands[21],1,タイトルへ
T000710,B0002,D:\Dev\Desenvolvimento\Projetos\TradutorDGames\[Kimochi] RJ01696894,www\data\System.json,0,.json,utf-8-sig,kana,rpgmaker_system,65,$.terms.commands[22],1,やめる
T000711,B0002,D:\Dev\Desenvolvimento\Projetos\TradutorDGames\[Kimochi] RJ01696894,www\data\System.json,0,.json,utf-8-sig,"cjk,kana",rpgmaker_system,65,$.terms.commands[24],1,購入する
T000712,B0002,D:\Dev\Desenvolvimento\Projetos\TradutorDGames\[Kimochi] RJ01696894,www\data\System.json,0,.json,utf-8-sig,"cjk,kana",rpgmaker_system,65,$.terms.commands[25],1,売却する
T000713,B0002,D:\Dev\Desenvolvimento\Projetos\TradutorDGames\[Kimochi] RJ01696894,www\data\System.json,0,.json,utf-8-sig,cjk,rpgmaker_system,65,$.terms.commands[2],1,攻撃
T000714,B0002,D:\Dev\Desenvolvimento\Projetos\TradutorDGames\[Kimochi] RJ01696894,www\data\System.json,0,.json,utf-8-sig,cjk,rpgmaker_system,65,$.terms.commands[3],1,防御
T000715,B0002,D:\Dev\Desenvolvimento\Projetos\TradutorDGames\[Kimochi] RJ01696894,www\data\System.json,0,.json,utf-8-sig,kana,rpgmaker_system,65,$.terms.commands[4],1,アイテム
T000716,B0002,D:\Dev\Desenvolvimento\Projetos\TradutorDGames\[Kimochi] RJ01696894,www\data\System.json,0,.json,utf-8-sig,kana,rpgmaker_system,65,$.terms.commands[5],1,スキル
T000717,B0002,D:\Dev\Desenvolvimento\Projetos\TradutorDGames\[Kimochi] RJ01696894,www\data\System.json,0,.json,utf-8-sig,cjk,rpgmaker_system,65,$.terms.commands[6],2,装備
T000718,B0002,D:\Dev\Desenvolvimento\Projetos\TradutorDGames\[Kimochi] RJ01696894,www\data\System.json,0,.json,utf-8-sig,kana,rpgmaker_system,65,$.terms.commands[7],1,ステータス
T000719,B0002,D:\Dev\Desenvolvimento\Projetos\TradutorDGames\[Kimochi] RJ01696894,www\data\System.json,0,.json,utf-8-sig,"cjk,kana",rpgmaker_system,65,$.terms.commands[8],1,並び替え
T000720,B0002,D:\Dev\Desenvolvimento\Projetos\TradutorDGames\[Kimochi] RJ01696894,www\data\System.json,0,.json,utf-8-sig,kana,rpgmaker_system,65,$.terms.commands[9],1,セーブ
T000721,B0002,D:\Dev\Desenvolvimento\Projetos\TradutorDGames\[Kimochi] RJ01696894,www\data\System.json,0,.json,utf-8-sig,"cjk,kana",rpgmaker_system,65,$.terms.messages.actionFailure,1,%1には効かなかった！
T000722,B0002,D:\Dev\Desenvolvimento\Projetos\TradutorDGames\[Kimochi] RJ01696894,www\data\System.json,0,.json,utf-8-sig,"cjk,kana",rpgmaker_system,65,$.terms.messages.actorDamage,1,%1は %2 のダメージを受けた！
T000723,B0002,D:\Dev\Desenvolvimento\Projetos\TradutorDGames\[Kimochi] RJ01696894,www\data\System.json,0,.json,utf-8-sig,"cjk,kana",rpgmaker_system,65,$.terms.messages.actorDrain,1,%1は%2を %3 奪われた！
T000724,B0002,D:\Dev\Desenvolvimento\Projetos\TradutorDGames\[Kimochi] RJ01696894,www\data\System.json,0,.json,utf-8-sig,"cjk,kana",rpgmaker_system,65,$.terms.messages.actorGain,2,%1の%2が %3 増えた！
T000725,B0002,D:\Dev\Desenvolvimento\Projetos\TradutorDGames\[Kimochi] RJ01696894,www\data\System.json,0,.json,utf-8-sig,"cjk,kana",rpgmaker_system,65,$.terms.messages.actorLoss,2,%1の%2が %3 減った！
T000726,B0002,D:\Dev\Desenvolvimento\Projetos\TradutorDGames\[Kimochi] RJ01696894,www\data\System.json,0,.json,utf-8-sig,"cjk,kana",rpgmaker_system,65,$.terms.messages.actorNoDamage,1,%1はダメージを受けていない！
T000727,B0002,D:\Dev\Desenvolvimento\Projetos\TradutorDGames\[Kimochi] RJ01696894,www\data\System.json,0,.json,utf-8-sig,"cjk,kana",rpgmaker_system,65,$.terms.messages.actorNoHit,1,ミス！　%1はダメージを受けていない！
T000728,B0002,D:\Dev\Desenvolvimento\Projetos\TradutorDGames\[Kimochi] RJ01696894,www\data\System.json,0,.json,utf-8-sig,"cjk,kana",rpgmaker_system,65,$.terms.messages.actorRecovery,2,%1の%2が %3 回復した！
T000729,B0002,D:\Dev\Desenvolvimento\Projetos\TradutorDGames\[Kimochi] RJ01696894,www\data\System.json,0,.json,utf-8-sig,"cjk,kana",rpgmaker_system,65,$.terms.messages.alwaysDash,2,常時ダッシュ
T000730,B0002,D:\Dev\Desenvolvimento\Projetos\TradutorDGames\[Kimochi] RJ01696894,www\data\System.json,0,.json,utf-8-sig,cjk,rpgmaker_system,65,$.terms.messages.bgmVolume,1,BGM 音量
T000731,B0002,D:\Dev\Desenvolvimento\Projetos\TradutorDGames\[Kimochi] RJ01696894,www\data\System.json,0,.json,utf-8-sig,cjk,rpgmaker_system,65,$.terms.messages.bgsVolume,1,BGS 音量
T000732,B0002,D:\Dev\Desenvolvimento\Projetos\TradutorDGames\[Kimochi] RJ01696894,www\data\System.json,0,.json,utf-8-sig,"cjk,kana",rpgmaker_system,65,$.terms.messages.buffAdd,1,%1の%2が上がった！
T000733,B0002,D:\Dev\Desenvolvimento\Projetos\TradutorDGames\[Kimochi] RJ01696894,www\data\System.json,0,.json,utf-8-sig,"cjk,kana",rpgmaker_system,65,$.terms.messages.buffRemove,1,%1の%2が元に戻った！
T000734,B0002,D:\Dev\Desenvolvimento\Projetos\TradutorDGames\[Kimochi] RJ01696894,www\data\System.json,0,.json,utf-8-sig,"cjk,kana",rpgmaker_system,65,$.terms.messages.commandRemember,2,コマンド記憶
T000735,B0002,D:\Dev\Desenvolvimento\Projetos\TradutorDGames\[Kimochi] RJ01696894,www\data\System.json,0,.json,utf-8-sig,"cjk,kana",rpgmaker_system,65,$.terms.messages.counterAttack,1,%1の反撃！
T000736,B0002,D:\Dev\Desenvolvimento\Projetos\TradutorDGames\[Kimochi] RJ01696894,www\data\System.json,0,.json,utf-8-sig,"cjk,kana",rpgmaker_system,65,$.terms.messages.criticalToActor,1,痛恨の一撃！！
T000737,B0002,D:\Dev\Desenvolvimento\Projetos\TradutorDGames\[Kimochi] RJ01696894,www\data\System.json,0,.json,utf-8-sig,"cjk,kana",rpgmaker_system,65,$.terms.messages.criticalToEnemy,1,会心の一撃！！
T000738,B0002,D:\Dev\Desenvolvimento\Projetos\TradutorDGames\[Kimochi] RJ01696894,www\data\System.json,0,.json,utf-8-sig,"cjk,kana",rpgmaker_system,65,$.terms.messages.debuffAdd,1,%1の%2が下がった！
T000739,B0002,D:\Dev\Desenvolvimento\Projetos\TradutorDGames\[Kimochi] RJ01696894,www\data\System.json,0,.json,utf-8-sig,"cjk,kana",rpgmaker_system,65,$.terms.messages.defeat,1,%1は戦いに敗れた。
T000740,B0002,D:\Dev\Desenvolvimento\Projetos\TradutorDGames\[Kimochi] RJ01696894,www\data\System.json,0,.json,utf-8-sig,"cjk,kana",rpgmaker_system,65,$.terms.messages.emerge,1,%1が出現！
T000741,B0002,D:\Dev\Desenvolvimento\Projetos\TradutorDGames\[Kimochi] RJ01696894,www\data\System.json,0,.json,utf-8-sig,"cjk,kana",rpgmaker_system,65,$.terms.messages.enemyDamage,1,%1に %2 のダメージを与えた！
T000742,B0002,D:\Dev\Desenvolvimento\Projetos\TradutorDGames\[Kimochi] RJ01696894,www\data\System.json,0,.json,utf-8-sig,"cjk,kana",rpgmaker_system,65,$.terms.messages.enemyDrain,1,%1の%2を %3 奪った！
T000743,B0002,D:\Dev\Desenvolvimento\Projetos\TradutorDGames\[Kimochi] RJ01696894,www\data\System.json,0,.json,utf-8-sig,"cjk,kana",rpgmaker_system,65,$.terms.messages.enemyNoDamage,1,%1にダメージを与えられない！
T000744,B0002,D:\Dev\Desenvolvimento\Projetos\TradutorDGames\[Kimochi] RJ01696894,www\data\System.json,0,.json,utf-8-sig,"cjk,kana",rpgmaker_system,65,$.terms.messages.enemyNoHit,1,ミス！　%1にダメージを与えられない！
T000745,B0002,D:\Dev\Desenvolvimento\Projetos\TradutorDGames\[Kimochi] RJ01696894,www\data\System.json,0,.json,utf-8-sig,"cjk,kana",rpgmaker_system,65,$.terms.messages.escapeFailure,1,しかし逃げることはできなかった！
T000746,B0002,D:\Dev\Desenvolvimento\Projetos\TradutorDGames\[Kimochi] RJ01696894,www\data\System.json,0,.json,utf-8-sig,"cjk,kana",rpgmaker_system,65,$.terms.messages.escapeStart,1,%1は逃げ出した！
T000747,B0002,D:\Dev\Desenvolvimento\Projetos\TradutorDGames\[Kimochi] RJ01696894,www\data\System.json,0,.json,utf-8-sig,"cjk,kana",rpgmaker_system,65,$.terms.messages.evasion,1,%1は攻撃をかわした！
T000748,B0002,D:\Dev\Desenvolvimento\Projetos\TradutorDGames\[Kimochi] RJ01696894,www\data\System.json,0,.json,utf-8-sig,"cjk,kana",rpgmaker_system,65,$.terms.messages.expNext,1,次の%1まで
T000749,B0002,D:\Dev\Desenvolvimento\Projetos\TradutorDGames\[Kimochi] RJ01696894,www\data\System.json,0,.json,utf-8-sig,"cjk,kana",rpgmaker_system,65,$.terms.messages.expTotal,1,現在の%1
T000750,B0002,D:\Dev\Desenvolvimento\Projetos\TradutorDGames\[Kimochi] RJ01696894,www\data\System.json,0,.json,utf-8-sig,kana,rpgmaker_system,65,$.terms.messages.file,1,ファイル
T000751,B0002,D:\Dev\Desenvolvimento\Projetos\TradutorDGames\[Kimochi] RJ01696894,www\data\System.json,0,.json,utf-8-sig,"cjk,kana",rpgmaker_system,65,$.terms.messages.levelUp,1,%1は%2 %3 に上がった！
T000752,B0002,D:\Dev\Desenvolvimento\Projetos\TradutorDGames\[Kimochi] RJ01696894,www\data\System.json,0,.json,utf-8-sig,kana,rpgmaker_system,65,$.terms.messages.loadMessage,1,どのファイルをロードしますか？
T000753,B0002,D:\Dev\Desenvolvimento\Projetos\TradutorDGames\[Kimochi] RJ01696894,www\data\System.json,0,.json,utf-8-sig,"cjk,kana",rpgmaker_system,65,$.terms.messages.magicEvasion,1,%1は魔法を打ち消した！
T000754,B0002,D:\Dev\Desenvolvimento\Projetos\TradutorDGames\[Kimochi] RJ01696894,www\data\System.json,0,.json,utf-8-sig,"cjk,kana",rpgmaker_system,65,$.terms.messages.magicReflection,1,%1は魔法を跳ね返した！
T000755,B0002,D:\Dev\Desenvolvimento\Projetos\TradutorDGames\[Kimochi] RJ01696894,www\data\System.json,0,.json,utf-8-sig,cjk,rpgmaker_system,65,$.terms.messages.meVolume,1,ME 音量
T000756,B0002,D:\Dev\Desenvolvimento\Projetos\TradutorDGames\[Kimochi] RJ01696894,www\data\System.json,0,.json,utf-8-sig,"cjk,kana",rpgmaker_system,65,$.terms.messages.obtainExp,1,%1 の%2を獲得！
T000757,B0002,D:\Dev\Desenvolvimento\Projetos\TradutorDGames\[Kimochi] RJ01696894,www\data\System.json,0,.json,utf-8-sig,"cjk,kana",rpgmaker_system,65,$.terms.messages.obtainGold,1,お金を %1\G 手に入れた！
T000758,B0002,D:\Dev\Desenvolvimento\Projetos\TradutorDGames\[Kimochi] RJ01696894,www\data\System.json,0,.json,utf-8-sig,"cjk,kana",rpgmaker_system,65,$.terms.messages.obtainItem,1,%1を手に入れた！
T000759,B0002,D:\Dev\Desenvolvimento\Projetos\TradutorDGames\[Kimochi] RJ01696894,www\data\System.json,0,.json,utf-8-sig,"cjk,kana",rpgmaker_system,65,$.terms.messages.obtainSkill,1,%1を覚えた！
T000760,B0002,D:\Dev\Desenvolvimento\Projetos\TradutorDGames\[Kimochi] RJ01696894,www\data\System.json,0,.json,utf-8-sig,"cjk,kana",rpgmaker_system,65,$.terms.messages.possession,1,持っている数
T000761,B0002,D:\Dev\Desenvolvimento\Projetos\TradutorDGames\[Kimochi] RJ01696894,www\data\System.json,0,.json,utf-8-sig,"cjk,kana",rpgmaker_system,65,$.terms.messages.preemptive,1,%1は先手を取った！
T000762,B0002,D:\Dev\Desenvolvimento\Projetos\TradutorDGames\[Kimochi] RJ01696894,www\data\System.json,0,.json,utf-8-sig,kana,rpgmaker_system,65,$.terms.messages.saveMessage,1,どのファイルにセーブしますか？
T000763,B0002,D:\Dev\Desenvolvimento\Projetos\TradutorDGames\[Kimochi] RJ01696894,www\data\System.json,0,.json,utf-8-sig,cjk,rpgmaker_system,65,$.terms.messages.seVolume,1,SE 音量
T000764,B0002,D:\Dev\Desenvolvimento\Projetos\TradutorDGames\[Kimochi] RJ01696894,www\data\System.json,0,.json,utf-8-sig,kana,rpgmaker_system,65,$.terms.messages.substitute,1,%1が%2をかばった！
T000765,B0002,D:\Dev\Desenvolvimento\Projetos\TradutorDGames\[Kimochi] RJ01696894,www\data\System.json,0,.json,utf-8-sig,"cjk,kana",rpgmaker_system,65,$.terms.messages.surprise,1,%1は不意をつかれた！
T000766,B0002,D:\Dev\Desenvolvimento\Projetos\TradutorDGames\[Kimochi] RJ01696894,www\data\System.json,0,.json,utf-8-sig,"cjk,kana",rpgmaker_system,65,$.terms.messages.useItem,1,%1は%2を使った！
T000767,B0002,D:\Dev\Desenvolvimento\Projetos\TradutorDGames\[Kimochi] RJ01696894,www\data\System.json,0,.json,utf-8-sig,"cjk,kana",rpgmaker_system,65,$.terms.messages.victory,1,%1の勝利！
T000768,B0002,D:\Dev\Desenvolvimento\Projetos\TradutorDGames\[Kimochi] RJ01696894,www\data\System.json,0,.json,utf-8-sig,cjk,rpgmaker_system,65,$.terms.params[0],1,最大ＨＰ
T000769,B0002,D:\Dev\Desenvolvimento\Projetos\TradutorDGames\[Kimochi] RJ01696894,www\data\System.json,0,.json,utf-8-sig,cjk,rpgmaker_system,65,$.terms.params[1],1,最大ＭＰ
T000770,B0002,D:\Dev\Desenvolvimento\Projetos\TradutorDGames\[Kimochi] RJ01696894,www\data\System.json,0,.json,utf-8-sig,cjk,rpgmaker_system,65,$.terms.params[2],1,攻撃力
T000771,B0002,D:\Dev\Desenvolvimento\Projetos\TradutorDGames\[Kimochi] RJ01696894,www\data\System.json,0,.json,utf-8-sig,cjk,rpgmaker_system,65,$.terms.params[3],1,防御力
T000772,B0002,D:\Dev\Desenvolvimento\Projetos\TradutorDGames\[Kimochi] RJ01696894,www\data\System.json,0,.json,utf-8-sig,cjk,rpgmaker_system,65,$.terms.params[4],1,魔法力
T000773,B0002,D:\Dev\Desenvolvimento\Projetos\TradutorDGames\[Kimochi] RJ01696894,www\data\System.json,0,.json,utf-8-sig,cjk,rpgmaker_system,65,$.terms.params[5],1,魔法防御
T000774,B0002,D:\Dev\Desenvolvimento\Projetos\TradutorDGames\[Kimochi] RJ01696894,www\data\System.json,0,.json,utf-8-sig,cjk,rpgmaker_system,65,$.terms.params[6],1,敏捷性
T000775,B0002,D:\Dev\Desenvolvimento\Projetos\TradutorDGames\[Kimochi] RJ01696894,www\data\System.json,0,.json,utf-8-sig,cjk,rpgmaker_system,65,$.terms.params[8],1,命中率
T000776,B0002,D:\Dev\Desenvolvimento\Projetos\TradutorDGames\[Kimochi] RJ01696894,www\data\System.json,0,.json,utf-8-sig,cjk,rpgmaker_system,65,$.terms.params[9],1,回避率
T000777,B0002,D:\Dev\Desenvolvimento\Projetos\TradutorDGames\[Kimochi] RJ01696894,www\data\System.json,0,.json,utf-8-sig,"cjk,kana",rpgmaker_system,65,$.variables[10],1,移動アイコン x座標 2
T000778,B0002,D:\Dev\Desenvolvimento\Projetos\TradutorDGames\[Kimochi] RJ01696894,www\data\System.json,0,.json,utf-8-sig,"cjk,kana",rpgmaker_system,65,$.variables[11],1,移動アイコン y座標 2
T000779,B0002,D:\Dev\Desenvolvimento\Projetos\TradutorDGames\[Kimochi] RJ01696894,www\data\System.json,0,.json,utf-8-sig,"cjk,kana",rpgmaker_system,65,$.variables[12],1,移動アイコン x座標 3
T000780,B0002,D:\Dev\Desenvolvimento\Projetos\TradutorDGames\[Kimochi] RJ01696894,www\data\System.json,0,.json,utf-8-sig,"cjk,kana",rpgmaker_system,65,$.variables[13],1,移動アイコン y座標 3
T000781,B0002,D:\Dev\Desenvolvimento\Projetos\TradutorDGames\[Kimochi] RJ01696894,www\data\System.json,0,.json,utf-8-sig,cjk,rpgmaker_system,65,$.variables[14],1,移動Dtext x座標1
T000782,B0002,D:\Dev\Desenvolvimento\Projetos\TradutorDGames\[Kimochi] RJ01696894,www\data\System.json,0,.json,utf-8-sig,cjk,rpgmaker_system,65,$.variables[15],1,移動Dtext y座標1
T000783,B0002,D:\Dev\Desenvolvimento\Projetos\TradutorDGames\[Kimochi] RJ01696894,www\data\System.json,0,.json,utf-8-sig,cjk,rpgmaker_system,65,$.variables[16],1,移動Dtext x座標2
T000784,B0002,D:\Dev\Desenvolvimento\Projetos\TradutorDGames\[Kimochi] RJ01696894,www\data\System.json,0,.json,utf-8-sig,cjk,rpgmaker_system,65,$.variables[17],1,移動Dtext y座標2
T000785,B0002,D:\Dev\Desenvolvimento\Projetos\TradutorDGames\[Kimochi] RJ01696894,www\data\System.json,0,.json,utf-8-sig,cjk,rpgmaker_system,65,$.variables[18],1,移動Dtext x座標3
T000786,B0002,D:\Dev\Desenvolvimento\Projetos\TradutorDGames\[Kimochi] RJ01696894,www\data\System.json,0,.json,utf-8-sig,cjk,rpgmaker_system,65,$.variables[19],1,移動Dtext y座標3
T000787,B0002,D:\Dev\Desenvolvimento\Projetos\TradutorDGames\[Kimochi] RJ01696894,www\data\System.json,0,.json,utf-8-sig,"cjk,kana",rpgmaker_system,65,$.variables[1],1,プレイヤーX座標
T000788,B0002,D:\Dev\Desenvolvimento\Projetos\TradutorDGames\[Kimochi] RJ01696894,www\data\System.json,0,.json,utf-8-sig,"cjk,kana",rpgmaker_system,65,$.variables[21],1,テキストオート速度
T000789,B0002,D:\Dev\Desenvolvimento\Projetos\TradutorDGames\[Kimochi] RJ01696894,www\data\System.json,0,.json,utf-8-sig,"cjk,kana",rpgmaker_system,65,$.variables[23],1,キャラ変数
T000790,B0002,D:\Dev\Desenvolvimento\Projetos\TradutorDGames\[Kimochi] RJ01696894,www\data\System.json,0,.json,utf-8-sig,"cjk,kana",rpgmaker_system,65,$.variables[24],1,スマホ表示変数
T000791,B0002,D:\Dev\Desenvolvimento\Projetos\TradutorDGames\[Kimochi] RJ01696894,www\data\System.json,0,.json,utf-8-sig,"cjk,kana",rpgmaker_system,65,$.variables[27],1,タッチピクチャ取得
T000792,B0002,D:\Dev\Desenvolvimento\Projetos\TradutorDGames\[Kimochi] RJ01696894,www\data\System.json,0,.json,utf-8-sig,"cjk,kana",rpgmaker_system,65,$.variables[29],1,tgameクリア数
T000793,B0002,D:\Dev\Desenvolvimento\Projetos\TradutorDGames\[Kimochi] RJ01696894,www\data\System.json,0,.json,utf-8-sig,"cjk,kana",rpgmaker_system,65,$.variables[2],1,プレイヤーY座標
T000794,B0002,D:\Dev\Desenvolvimento\Projetos\TradutorDGames\[Kimochi] RJ01696894,www\data\System.json,0,.json,utf-8-sig,"cjk,kana",rpgmaker_system,65,$.variables[3],1,イベント位置
T000795,B0002,D:\Dev\Desenvolvimento\Projetos\TradutorDGames\[Kimochi] RJ01696894,www\data\System.json,0,.json,utf-8-sig,"cjk,kana",rpgmaker_system,65,$.variables[41],1,メインシナリオ進行
T000796,B0002,D:\Dev\Desenvolvimento\Projetos\TradutorDGames\[Kimochi] RJ01696894,www\data\System.json,0,.json,utf-8-sig,"cjk,kana",rpgmaker_system,65,$.variables[53],1,移動アイコン x座標 4
T000797,B0002,D:\Dev\Desenvolvimento\Projetos\TradutorDGames\[Kimochi] RJ01696894,www\data\System.json,0,.json,utf-8-sig,"cjk,kana",rpgmaker_system,65,$.variables[54],1,移動アイコン y座標 4
T000798,B0002,D:\Dev\Desenvolvimento\Projetos\TradutorDGames\[Kimochi] RJ01696894,www\data\System.json,0,.json,utf-8-sig,cjk,rpgmaker_system,65,$.variables[55],1,移動Dtext x座標4
T000799,B0002,D:\Dev\Desenvolvimento\Projetos\TradutorDGames\[Kimochi] RJ01696894,www\data\System.json,0,.json,utf-8-sig,cjk,rpgmaker_system,65,$.variables[56],1,移動Dtext y座標4
T000800,B0002,D:\Dev\Desenvolvimento\Projetos\TradutorDGames\[Kimochi] RJ01696894,www\data\System.json,0,.json,utf-8-sig,"cjk,kana",rpgmaker_system,65,$.variables[5],1,メッセージウィンドウ種類
T000801,B0002,D:\Dev\Desenvolvimento\Projetos\TradutorDGames\[Kimochi] RJ01696894,www\data\System.json,0,.json,utf-8-sig,"cjk,kana",rpgmaker_system,65,$.variables[61],1,学校パート進行
T000802,B0002,D:\Dev\Desenvolvimento\Projetos\TradutorDGames\[Kimochi] RJ01696894,www\data\System.json,0,.json,utf-8-sig,"cjk,kana",rpgmaker_system,65,$.variables[62],1,街パート進行
T000803,B0002,D:\Dev\Desenvolvimento\Projetos\TradutorDGames\[Kimochi] RJ01696894,www\data\System.json,0,.json,utf-8-sig,"cjk,kana",rpgmaker_system,65,$.variables[65],1,シーンイベントA進行
T000804,B0002,D:\Dev\Desenvolvimento\Projetos\TradutorDGames\[Kimochi] RJ01696894,www\data\System.json,0,.json,utf-8-sig,"cjk,kana",rpgmaker_system,65,$.variables[66],1,シーンイベントB進行
T000805,B0002,D:\Dev\Desenvolvimento\Projetos\TradutorDGames\[Kimochi] RJ01696894,www\data\System.json,0,.json,utf-8-sig,"cjk,kana",rpgmaker_system,65,$.variables[6],1,現在のスタミナ
T000806,B0002,D:\Dev\Desenvolvimento\Projetos\TradutorDGames\[Kimochi] RJ01696894,www\data\System.json,0,.json,utf-8-sig,"cjk,kana",rpgmaker_system,65,$.variables[8],1,移動アイコン x座標 1
T000807,B0002,D:\Dev\Desenvolvimento\Projetos\TradutorDGames\[Kimochi] RJ01696894,www\data\System.json,0,.json,utf-8-sig,"cjk,kana",rpgmaker_system,65,$.variables[9],1,移動アイコン y座標 1
T000808,B0002,D:\Dev\Desenvolvimento\Projetos\TradutorDGames\[Kimochi] RJ01696894,www\js\libs\pixi.js,23156,.js,utf-8-sig,accented_latin,generic_text,50,,2,|MÉq
T000809,B0002,D:\Dev\Desenvolvimento\Projetos\TradutorDGames\[Kimochi] RJ01696894,www\js\plugins.js,5,.js,utf-8-sig,"cjk,kana",generic_text,50,,1,[基本設定]　基本的なパラメーターを設定するプラグインです。
T000810,B0002,D:\Dev\Desenvolvimento\Projetos\TradutorDGames\[Kimochi] RJ01696894,www\js\plugins.js,6,.js,utf-8-sig,"cjk,kana",generic_text,50,,1,[基本設定]　放置していると画面がフリーズするのを修正
T000811,B0002,D:\Dev\Desenvolvimento\Projetos\TradutorDGames\[Kimochi] RJ01696894,www\js\plugins.js,7,.js,utf-8-sig,"cjk,kana",generic_text,50,,1,[基本設定]　オプションデフォルト値設定プラグイン
T000812,B0002,D:\Dev\Desenvolvimento\Projetos\TradutorDGames\[Kimochi] RJ01696894,www\js\plugins.js,7,.js,utf-8-sig,cjk,generic_text,50,,1,BGM音量
T000813,B0002,D:\Dev\Desenvolvimento\Projetos\TradutorDGames\[Kimochi] RJ01696894,www\js\plugins.js,7,.js,utf-8-sig,cjk,generic_text,50,,1,BGS音量
T000814,B0002,D:\Dev\Desenvolvimento\Projetos\TradutorDGames\[Kimochi] RJ01696894,www\js\plugins.js,7,.js,utf-8-sig,cjk,generic_text,50,,1,ME音量
T000815,B0002,D:\Dev\Desenvolvimento\Projetos\TradutorDGames\[Kimochi] RJ01696894,www\js\plugins.js,7,.js,utf-8-sig,cjk,generic_text,50,,1,SE音量
T000816,B0002,D:\Dev\Desenvolvimento\Projetos\TradutorDGames\[Kimochi] RJ01696894,www\js\plugins.js,7,.js,utf-8-sig,"cjk,kana",generic_text,50,,1,常時ダッシュ消去
T000817,B0002,D:\Dev\Desenvolvimento\Projetos\TradutorDGames\[Kimochi] RJ01696894,www\js\plugins.js,7,.js,utf-8-sig,"cjk,kana",generic_text,50,,1,コマンド記憶消去
T000818,B0002,D:\Dev\Desenvolvimento\Projetos\TradutorDGames\[Kimochi] RJ01696894,www\js\plugins.js,7,.js,utf-8-sig,cjk,generic_text,50,,1,BGM音量消去
T000819,B0002,D:\Dev\Desenvolvimento\Projetos\TradutorDGames\[Kimochi] RJ01696894,www\js\plugins.js,7,.js,utf-8-sig,cjk,generic_text,50,,1,BGS音量消去
T000820,B0002,D:\Dev\Desenvolvimento\Projetos\TradutorDGames\[Kimochi] RJ01696894,www\js\plugins.js,7,.js,utf-8-sig,cjk,generic_text,50,,1,ME音量消去
T000821,B0002,D:\Dev\Desenvolvimento\Projetos\TradutorDGames\[Kimochi] RJ01696894,www\js\plugins.js,7,.js,utf-8-sig,cjk,generic_text,50,,1,SE音量消去
T000822,B0002,D:\Dev\Desenvolvimento\Projetos\TradutorDGames\[Kimochi] RJ01696894,www\js\plugins.js,8,.js,utf-8-sig,kana,generic_text,50,,1,[メッセージ]　フォントのカスタマイズ
T000823,B0002,D:\Dev\Desenvolvimento\Projetos\TradutorDGames\[Kimochi] RJ01696894,www\js\plugins.js,9,.js,utf-8-sig,kana,generic_text,50,,1,[メッセージ]　メッセージスキッププラグイン
T000824,B0002,D:\Dev\Desenvolvimento\Projetos\TradutorDGames\[Kimochi] RJ01696894,www\js\plugins.js,9,.js,utf-8-sig,kana,generic_text,50,,1,スキップキー
T000825,B0002,D:\Dev\Desenvolvimento\Projetos\TradutorDGames\[Kimochi] RJ01696894,www\js\plugins.js,9,.js,utf-8-sig,kana,generic_text,50,,1,オートキー
T000826,B0002,D:\Dev\Desenvolvimento\Projetos\TradutorDGames\[Kimochi] RJ01696894,www\js\plugins.js,9,.js,utf-8-sig,kana,generic_text,50,,1,スキップスイッチ
T000827,B0002,D:\Dev\Desenvolvimento\Projetos\TradutorDGames\[Kimochi] RJ01696894,www\js\plugins.js,9,.js,utf-8-sig,kana,generic_text,50,,1,オートスイッチ
T000828,B0002,D:\Dev\Desenvolvimento\Projetos\TradutorDGames\[Kimochi] RJ01696894,www\js\plugins.js,9,.js,utf-8-sig,kana,generic_text,50,,1,スキップアイコン
T000829,B0002,D:\Dev\Desenvolvimento\Projetos\TradutorDGames\[Kimochi] RJ01696894,www\js\plugins.js,9,.js,utf-8-sig,kana,generic_text,50,,1,オートアイコン
T000830,B0002,D:\Dev\Desenvolvimento\Projetos\TradutorDGames\[Kimochi] RJ01696894,www\js\plugins.js,9,.js,utf-8-sig,kana,generic_text,50,,1,アイコンX
T000831,B0002,D:\Dev\Desenvolvimento\Projetos\TradutorDGames\[Kimochi] RJ01696894,www\js\plugins.js,9,.js,utf-8-sig,kana,generic_text,50,,1,アイコンY
T000832,B0002,D:\Dev\Desenvolvimento\Projetos\TradutorDGames\[Kimochi] RJ01696894,www\js\plugins.js,9,.js,utf-8-sig,"cjk,kana",generic_text,50,,1,押し続けスキップ
T000833,B0002,D:\Dev\Desenvolvimento\Projetos\TradutorDGames\[Kimochi] RJ01696894,www\js\plugins.js,9,.js,utf-8-sig,"cjk,kana",generic_text,50,,1,オート待機フレーム
T000834,B0002,D:\Dev\Desenvolvimento\Projetos\TradutorDGames\[Kimochi] RJ01696894,www\js\plugins.js,9,.js,utf-8-sig,"cjk,kana",generic_text,50,,1,終了解除スイッチID
T000835,B0002,D:\Dev\Desenvolvimento\Projetos\TradutorDGames\[Kimochi] RJ01696894,www\js\plugins.js,9,.js,utf-8-sig,kana,generic_text,50,,1,スキップピクチャ
T000836,B0002,D:\Dev\Desenvolvimento\Projetos\TradutorDGames\[Kimochi] RJ01696894,www\js\plugins.js,9,.js,utf-8-sig,kana,generic_text,50,,1,スキップピクチャX
T000837,B0002,D:\Dev\Desenvolvimento\Projetos\TradutorDGames\[Kimochi] RJ01696894,www\js\plugins.js,9,.js,utf-8-sig,kana,generic_text,50,,1,スキップピクチャY
T000838,B0002,D:\Dev\Desenvolvimento\Projetos\TradutorDGames\[Kimochi] RJ01696894,www\js\plugins.js,9,.js,utf-8-sig,kana,generic_text,50,,1,オートピクチャ
T000839,B0002,D:\Dev\Desenvolvimento\Projetos\TradutorDGames\[Kimochi] RJ01696894,www\js\plugins.js,9,.js,utf-8-sig,kana,generic_text,50,,1,オートピクチャX
T000840,B0002,D:\Dev\Desenvolvimento\Projetos\TradutorDGames\[Kimochi] RJ01696894,www\js\plugins.js,9,.js,utf-8-sig,kana,generic_text,50,,1,オートピクチャY
T000841,B0002,D:\Dev\Desenvolvimento\Projetos\TradutorDGames\[Kimochi] RJ01696894,www\js\plugins.js,9,.js,utf-8-sig,kana,generic_text,50,,1,スイッチピクチャ
T000842,B0002,D:\Dev\Desenvolvimento\Projetos\TradutorDGames\[Kimochi] RJ01696894,www\js\plugins.js,9,.js,utf-8-sig,kana,generic_text,50,,1,スイッチピクチャトリガー
T000843,B0002,D:\Dev\Desenvolvimento\Projetos\TradutorDGames\[Kimochi] RJ01696894,www\js\plugins.js,9,.js,utf-8-sig,kana,generic_text,50,,1,スイッチピクチャX
T000844,B0002,D:\Dev\Desenvolvimento\Projetos\TradutorDGames\[Kimochi] RJ01696894,www\js\plugins.js,9,.js,utf-8-sig,kana,generic_text,50,,1,スイッチピクチャY
T000845,B0002,D:\Dev\Desenvolvimento\Projetos\TradutorDGames\[Kimochi] RJ01696894,www\js\plugins.js,9,.js,utf-8-sig,"cjk,kana",generic_text,50,,1,ボタン原点
T000846,B0002,D:\Dev\Desenvolvimento\Projetos\TradutorDGames\[Kimochi] RJ01696894,www\js\plugins.js,9,.js,utf-8-sig,"cjk,kana",generic_text,50,,1,ボタン表示スイッチID
T000847,B0002,D:\Dev\Desenvolvimento\Projetos\TradutorDGames\[Kimochi] RJ01696894,www\js\plugins.js,9,.js,utf-8-sig,"cjk,kana",generic_text,50,,1,ピクチャ座標タイプ
T000848,B0002,D:\Dev\Desenvolvimento\Projetos\TradutorDGames\[Kimochi] RJ01696894,www\js\plugins.js,9,.js,utf-8-sig,"cjk,kana",generic_text,50,,1,無効化スイッチ
T000849,B0002,D:\Dev\Desenvolvimento\Projetos\TradutorDGames\[Kimochi] RJ01696894,www\js\plugins.js,10,.js,utf-8-sig,"cjk,kana",generic_text,50,,1,[移動]　ピクチャのボタン化プラグイン
T000850,B0002,D:\Dev\Desenvolvimento\Projetos\TradutorDGames\[Kimochi] RJ01696894,www\js\plugins.js,10,.js,utf-8-sig,"cjk,kana",generic_text,50,,1,透明色を考慮
T000851,B0002,D:\Dev\Desenvolvimento\Projetos\TradutorDGames\[Kimochi] RJ01696894,www\js\plugins.js,10,.js,utf-8-sig,"cjk,kana",generic_text,50,,1,ピクチャ番号の変数番号
T000852,B0002,D:\Dev\Desenvolvimento\Projetos\TradutorDGames\[Kimochi] RJ01696894,www\js\plugins.js,10,.js,utf-8-sig,"cjk,kana",generic_text,50,,1,ポインタX座標の変数番号
T000853,B0002,D:\Dev\Desenvolvimento\Projetos\TradutorDGames\[Kimochi] RJ01696894,www\js\plugins.js,10,.js,utf-8-sig,"cjk,kana",generic_text,50,,1,ポインタY座標の変数番号
T000854,B0002,D:\Dev\Desenvolvimento\Projetos\TradutorDGames\[Kimochi] RJ01696894,www\js\plugins.js,10,.js,utf-8-sig,"cjk,kana",generic_text,50,,1,タッチ操作抑制
T000855,B0002,D:\Dev\Desenvolvimento\Projetos\TradutorDGames\[Kimochi] RJ01696894,www\js\plugins.js,10,.js,utf-8-sig,"cjk,kana",generic_text,50,,1,タッチ操作抑制スイッチ
T000856,B0002,D:\Dev\Desenvolvimento\Projetos\TradutorDGames\[Kimochi] RJ01696894,www\js\plugins.js,10,.js,utf-8-sig,"cjk,kana",generic_text,50,,1,戦闘中常にコモン実行
T000857,B0002,D:\Dev\Desenvolvimento\Projetos\TradutorDGames\[Kimochi] RJ01696894,www\js\plugins.js,10,.js,utf-8-sig,"cjk,kana",generic_text,50,,1,並列処理として実行
T000858,B0002,D:\Dev\Desenvolvimento\Projetos\TradutorDGames\[Kimochi] RJ01696894,www\js\plugins.js,10,.js,utf-8-sig,"cjk,kana",generic_text,50,,1,無効スイッチ
T000859,B0002,D:\Dev\Desenvolvimento\Projetos\TradutorDGames\[Kimochi] RJ01696894,www\js\plugins.js,11,.js,utf-8-sig,kana,generic_text,50,,1,[アニメーション]　ピクチャのアニメーションプラグイン
T000860,B0002,D:\Dev\Desenvolvimento\Projetos\TradutorDGames\[Kimochi] RJ01696894,www\js\plugins.js,11,.js,utf-8-sig,"cjk,kana",generic_text,50,,1,最初のセルに戻る
T000861,B0002,D:\Dev\Desenvolvimento\Projetos\TradutorDGames\[Kimochi] RJ01696894,www\js\plugins.js,12,.js,utf-8-sig,cjk,generic_text,50,,1,PictureAnimation拡張
T000862,B0002,D:\Dev\Desenvolvimento\Projetos\TradutorDGames\[Kimochi] RJ01696894,www\js\plugins.js,13,.js,utf-8-sig,"cjk,kana",generic_text,50,,1,[選択肢]　ウィンドウ点滅停止プラグイン
T000863,B0002,D:\Dev\Desenvolvimento\Projetos\TradutorDGames\[Kimochi] RJ01696894,www\js\plugins.js,14,.js,utf-8-sig,"cjk,kana",generic_text,50,,1,[基本設定]　1.2.1 ゲームのピクセルパーフェクトスケーリングモードを有効にする
T000864,B0002,D:\Dev\Desenvolvimento\Projetos\TradutorDGames\[Kimochi] RJ01696894,www\js\plugins.js,14,.js,utf-8-sig,"cjk,kana",generic_text,50,,1,"{\""mode\"":\""ピクセルパーフェクトモード\"",\""stretch\"":\""ストレッチを許可する\""}"
T000865,B0002,D:\Dev\Desenvolvimento\Projetos\TradutorDGames\[Kimochi] RJ01696894,www\js\plugins.js,14,.js,utf-8-sig,cjk,generic_text,50,,1,"{\""mode\"":\""像素完美模式\"",\""stretch\"":\""允许拉伸\""}"
T000866,B0002,D:\Dev\Desenvolvimento\Projetos\TradutorDGames\[Kimochi] RJ01696894,www\js\plugins.js,14,.js,utf-8-sig,hangul,generic_text,50,,1,"{\""mode\"":\""픽셀 퍼펙트 모드\"",\""stretch\"":\""스트레칭을 허용합니다\""}"
T000867,B0002,D:\Dev\Desenvolvimento\Projetos\TradutorDGames\[Kimochi] RJ01696894,www\js\plugins.js,14,.js,utf-8-sig,cyrillic,generic_text,50,,1,"{\""mode\"":\""Разрешить растягивание этикетки\"",\""stretch\"":\""Разрешить растягивание\""}"
T000868,B0002,D:\Dev\Desenvolvimento\Projetos\TradutorDGames\[Kimochi] RJ01696894,www\js\plugins.js,15,.js,utf-8-sig,"cjk,kana",generic_text,50,,1,[基本設定]　トランジション効果
T000869,B0002,D:\Dev\Desenvolvimento\Projetos\TradutorDGames\[Kimochi] RJ01696894,www\js\plugins.js,15,.js,utf-8-sig,"cjk,kana",generic_text,50,,1,-- 画面トランジション --
T000870,B0002,D:\Dev\Desenvolvimento\Projetos\TradutorDGames\[Kimochi] RJ01696894,www\js\plugins.js,15,.js,utf-8-sig,"cjk,kana",generic_text,50,,1,画面フェードに適用
T000871,B0002,D:\Dev\Desenvolvimento\Projetos\TradutorDGames\[Kimochi] RJ01696894,www\js\plugins.js,15,.js,utf-8-sig,"cjk,kana",generic_text,50,,1,画面フェード用画像
T000872,B0002,D:\Dev\Desenvolvimento\Projetos\TradutorDGames\[Kimochi] RJ01696894,www\js\plugins.js,15,.js,utf-8-sig,"cjk,kana",generic_text,50,,1,画面フェードイン用画像
T000873,B0002,D:\Dev\Desenvolvimento\Projetos\TradutorDGames\[Kimochi] RJ01696894,www\js\plugins.js,15,.js,utf-8-sig,"cjk,kana",generic_text,50,,1,画面フェードアウト用画像
T000874,B0002,D:\Dev\Desenvolvimento\Projetos\TradutorDGames\[Kimochi] RJ01696894,www\js\plugins.js,15,.js,utf-8-sig,"cjk,kana",generic_text,50,,1,画面フェードの柔らかさ
T000875,B0002,D:\Dev\Desenvolvimento\Projetos\TradutorDGames\[Kimochi] RJ01696894,www\js\plugins.js,15,.js,utf-8-sig,"cjk,kana",generic_text,50,,1,画面フェード時間
T000876,B0002,D:\Dev\Desenvolvimento\Projetos\TradutorDGames\[Kimochi] RJ01696894,www\js\plugins.js,15,.js,utf-8-sig,kana,generic_text,50,,1,-- メッセージウィンドウ --
T000877,B0002,D:\Dev\Desenvolvimento\Projetos\TradutorDGames\[Kimochi] RJ01696894,www\js\plugins.js,15,.js,utf-8-sig,"cjk,kana",generic_text,50,,1,メッセージウィンドウに適用
T000878,B0002,D:\Dev\Desenvolvimento\Projetos\TradutorDGames\[Kimochi] RJ01696894,www\js\plugins.js,15,.js,utf-8-sig,"cjk,kana",generic_text,50,,1,メッセージフェード用画像
T000879,B0002,D:\Dev\Desenvolvimento\Projetos\TradutorDGames\[Kimochi] RJ01696894,www\js\plugins.js,15,.js,utf-8-sig,"cjk,kana",generic_text,50,,1,メッセージフェード時間
T000880,B0002,D:\Dev\Desenvolvimento\Projetos\TradutorDGames\[Kimochi] RJ01696894,www\js\plugins.js,16,.js,utf-8-sig,"cjk,kana",generic_text,50,,1,シンプルなメニュー画面を実装します。
T000881,B0002,D:\Dev\Desenvolvimento\Projetos\TradutorDGames\[Kimochi] RJ01696894,www\js\plugins.js,16,.js,utf-8-sig,"cjk,kana",generic_text,50,,1,----基本的な設定----
T000882,B0002,D:\Dev\Desenvolvimento\Projetos\TradutorDGames\[Kimochi] RJ01696894,www\js\plugins.js,16,.js,utf-8-sig,"cjk,kana",generic_text,50,,1,メニュー幅
T000883,B0002,D:\Dev\Desenvolvimento\Projetos\TradutorDGames\[Kimochi] RJ01696894,www\js\plugins.js,16,.js,utf-8-sig,"cjk,kana",generic_text,50,,1,メニュー列数
T000884,B0002,D:\Dev\Desenvolvimento\Projetos\TradutorDGames\[Kimochi] RJ01696894,www\js\plugins.js,16,.js,utf-8-sig,"cjk,kana",generic_text,50,,1,メニューX座標
T000885,B0002,D:\Dev\Desenvolvimento\Projetos\TradutorDGames\[Kimochi] RJ01696894,www\js\plugins.js,16,.js,utf-8-sig,"cjk,kana",generic_text,50,,1,メニューY座標
T000886,B0002,D:\Dev\Desenvolvimento\Projetos\TradutorDGames\[Kimochi] RJ01696894,www\js\plugins.js,17,.js,utf-8-sig,"cjk,kana",generic_text,50,,1,オプション任意項目作成プラグイン
T000887,B0002,D:\Dev\Desenvolvimento\Projetos\TradutorDGames\[Kimochi] RJ01696894,www\js\plugins.js,17,.js,utf-8-sig,cjk,generic_text,50,,1,数値項目
T000888,B0002,D:\Dev\Desenvolvimento\Projetos\TradutorDGames\[Kimochi] RJ01696894,www\js\plugins.js,17,.js,utf-8-sig,"cjk,kana",generic_text,50,,1,"[\""{\\\""Name\\\"":\\\""テキストオート速度\\\"",\\\""DefaultValue\\\"":\\\""8\\\"",\\\""VariableID\\\"":\\\""21\\\"",\\\""HiddenFlag\\\"":\\\""false\\\"",\\\""Script\\\"":\\\""\\\"",\\\""NumberMin\\\"":\\\""0\\\"",\\\""NumberMax\\\"":\"
T000889,B0002,D:\Dev\Desenvolvimento\Projetos\TradutorDGames\[Kimochi] RJ01696894,www\js\plugins.js,17,.js,utf-8-sig,cjk,generic_text,50,,1,文字項目
T000890,B0002,D:\Dev\Desenvolvimento\Projetos\TradutorDGames\[Kimochi] RJ01696894,www\js\plugins.js,17,.js,utf-8-sig,"cjk,kana",generic_text,50,,1,スイッチ項目
T000891,B0002,D:\Dev\Desenvolvimento\Projetos\TradutorDGames\[Kimochi] RJ01696894,www\js\plugins.js,17,.js,utf-8-sig,cjk,generic_text,50,,1,音量項目
T000892,B0002,D:\Dev\Desenvolvimento\Projetos\TradutorDGames\[Kimochi] RJ01696894,www\js\plugins.js,18,.js,utf-8-sig,"cjk,kana",generic_text,50,,1,v1.051 ゲーム全体のウィンドウサイズを変更＆オプションに追加
T000893,B0002,D:\Dev\Desenvolvimento\Projetos\TradutorDGames\[Kimochi] RJ01696894,www\js\plugins.js,18,.js,utf-8-sig,kana,generic_text,50,,1,ウィンドウサイズ
T000894,B0002,D:\Dev\Desenvolvimento\Projetos\TradutorDGames\[Kimochi] RJ01696894,www\js\plugins.js,19,.js,utf-8-sig,"cjk,kana",generic_text,50,,1,動的文字列ピクチャ生成プラグイン
T000895,B0002,D:\Dev\Desenvolvimento\Projetos\TradutorDGames\[Kimochi] RJ01696894,www\js\plugins.js,20,.js,utf-8-sig,"cjk,kana",generic_text,50,,1,ver1.00 メニューコマンドにロードを追加します。
T000896,B0002,D:\Dev\Desenvolvimento\Projetos\TradutorDGames\[Kimochi] RJ01696894,www\js\plugins.js,20,.js,utf-8-sig,kana,generic_text,50,,1,ロード
T000897,B0002,D:\Dev\Desenvolvimento\Projetos\TradutorDGames\[Kimochi] RJ01696894,www\js\plugins.js,21,.js,utf-8-sig,"cjk,kana",generic_text,50,,1,ウィンドウ背景画像指定プラグイン
T000898,B0002,D:\Dev\Desenvolvimento\Projetos\TradutorDGames\[Kimochi] RJ01696894,www\js\plugins.js,22,.js,utf-8-sig,"cjk,kana",generic_text,50,,1,メッセージウィンドウ一時消去プラグイン
T000899,B0002,D:\Dev\Desenvolvimento\Projetos\TradutorDGames\[Kimochi] RJ01696894,www\js\plugins.js,22,.js,utf-8-sig,"cjk,kana",generic_text,50,,1,"[\""右クリック\""]"
T000900,B0002,D:\Dev\Desenvolvimento\Projetos\TradutorDGames\[Kimochi] RJ01696894,www\js\plugins.js,23,.js,utf-8-sig,"cjk,kana",generic_text,50,,1,画面に円を表示するテスト
T000901,B0002,D:\Dev\Desenvolvimento\Projetos\TradutorDGames\[Kimochi] RJ01696894,www\js\plugins.js,24,.js,utf-8-sig,"cjk,kana",generic_text,50,,1,数字をアニメーションして表示する
T000902,B0002,D:\Dev\Desenvolvimento\Projetos\TradutorDGames\[Kimochi] RJ01696894,www\js\plugins.js,25,.js,utf-8-sig,"cjk,kana",generic_text,50,,1,アナザーニューゲーム追加プラグイン
T000903,B0002,D:\Dev\Desenvolvimento\Projetos\TradutorDGames\[Kimochi] RJ01696894,www\js\plugins.js,25,.js,utf-8-sig,kana,generic_text,50,,1,"[\""{\\\""name\\\"":\\\""ギャラリー\\\"",\\\""mapId\\\"":\\\""2\\\"",\\\""mapX\\\"":\\\""1\\\"",\\\""mapY\\\"":\\\""1\\\"",\\\""hidden\\\"":\\\""true\\\"",\\\""disable\\\"":\\\""false\\\"",\\\""addPosition\\\"":\\\""0\\\"",\\\""switchI"
T000904,B0002,D:\Dev\Desenvolvimento\Projetos\TradutorDGames\[Kimochi] RJ01696894,www\js\rpg_windows.js,3596,.js,utf-8-sig,kana,generic_text,50,,1,カナ
T000905,B0002,D:\Dev\Desenvolvimento\Projetos\TradutorDGames\[Kimochi] RJ01696894,www\js\rpg_windows.js,3596,.js,utf-8-sig,cjk,generic_text,50,,3,決定
T000906,B0002,D:\Dev\Desenvolvimento\Projetos\TradutorDGames\[Kimochi] RJ01696894,www\js\rpg_windows.js,3606,.js,utf-8-sig,cjk,generic_text,50,,1,英数
T000907,B0002,D:\Dev\Desenvolvimento\Projetos\TradutorDGames\[Kimochi] RJ01696894,www\js\rpg_windows.js,3616,.js,utf-8-sig,kana,generic_text,50,,1,かな
T000908,B0002,D:\Dev\Desenvolvimento\Projetos\TradutorDGames\[Kimochi] RJ01696894,readme.txt,1,.txt,utf-8-sig,"cjk,kana",documentation,35,,1,この度は「ボクは種付けアプリを手に入れた！」をご購入頂きありがとうございます。
T000909,B0002,D:\Dev\Desenvolvimento\Projetos\TradutorDGames\[Kimochi] RJ01696894,readme.txt,3,.txt,utf-8-sig,"cjk,kana",documentation,35,,1,本作品は性的描写が含まれるため１８歳未満の方がプレイすることは出来ません。
T000910,B0002,D:\Dev\Desenvolvimento\Projetos\TradutorDGames\[Kimochi] RJ01696894,readme.txt,4,.txt,utf-8-sig,"cjk,kana",documentation,35,,1,本作品に登場する人物は全て１８歳以上です。
T000911,B0002,D:\Dev\Desenvolvimento\Projetos\TradutorDGames\[Kimochi] RJ01696894,readme.txt,5,.txt,utf-8-sig,"cjk,kana",documentation,35,,1,本作品はフィクションであり、実在の人物・団体とは一切関係ありません。
T000912,B0002,D:\Dev\Desenvolvimento\Projetos\TradutorDGames\[Kimochi] RJ01696894,readme.txt,7,.txt,utf-8-sig,"cjk,kana",documentation,35,,1,●ゲームの起動方法
T000913,B0002,D:\Dev\Desenvolvimento\Projetos\TradutorDGames\[Kimochi] RJ01696894,readme.txt,8,.txt,utf-8-sig,"cjk,kana",documentation,35,,1,本編ファイル内にある「Game.exe」を起動してください。
T000914,B0002,D:\Dev\Desenvolvimento\Projetos\TradutorDGames\[Kimochi] RJ01696894,readme.txt,10,.txt,utf-8-sig,cjk,documentation,35,,1,●操作方法
T000915,B0002,D:\Dev\Desenvolvimento\Projetos\TradutorDGames\[Kimochi] RJ01696894,readme.txt,11,.txt,utf-8-sig,"cjk,kana",documentation,35,,1,決定/調べる　　　  　　左クリック
T000916,B0002,D:\Dev\Desenvolvimento\Projetos\TradutorDGames\[Kimochi] RJ01696894,readme.txt,12,.txt,utf-8-sig,"cjk,kana",documentation,35,,1,メニュー/キャンセル　  右クリック
T000917,B0002,D:\Dev\Desenvolvimento\Projetos\TradutorDGames\[Kimochi] RJ01696894,readme.txt,13,.txt,utf-8-sig,"cjk,kana",documentation,35,,1,メッセージオート再生　Aキー
T000918,B0002,D:\Dev\Desenvolvimento\Projetos\TradutorDGames\[Kimochi] RJ01696894,readme.txt,14,.txt,utf-8-sig,"cjk,kana",documentation,35,,1,メッセージ高速再生　　Ctrlキー
T000919,B0002,D:\Dev\Desenvolvimento\Projetos\TradutorDGames\[Kimochi] RJ01696894,readme.txt,16,.txt,utf-8-sig,"cjk,kana",documentation,35,,1,●ゲームの進行について
T000920,B0002,D:\Dev\Desenvolvimento\Projetos\TradutorDGames\[Kimochi] RJ01696894,readme.txt,17,.txt,utf-8-sig,"cjk,kana",documentation,35,,1,画面に表示される矢印アイコンなどをクリックし、場所を移動します。
T000921,B0002,D:\Dev\Desenvolvimento\Projetos\TradutorDGames\[Kimochi] RJ01696894,readme.txt,18,.txt,utf-8-sig,"cjk,kana",documentation,35,,1,その場にいるキャラクターをクリックすると会話が始まります。
T000922,B0002,D:\Dev\Desenvolvimento\Projetos\TradutorDGames\[Kimochi] RJ01696894,readme.txt,19,.txt,utf-8-sig,"cjk,kana",documentation,35,,1,話しかけれられるキャラクターのイベントをすべて終えるとイベントが進行します。
T000923,B0002,D:\Dev\Desenvolvimento\Projetos\TradutorDGames\[Kimochi] RJ01696894,readme.txt,21,.txt,utf-8-sig,kana,documentation,35,,1,●ギャラリーについて
T000924,B0002,D:\Dev\Desenvolvimento\Projetos\TradutorDGames\[Kimochi] RJ01696894,readme.txt,22,.txt,utf-8-sig,"cjk,kana",documentation,35,,1,ゲームがエンディンを迎えた後、タイトル画面にギャラリーが追加されます。
T000925,B0002,D:\Dev\Desenvolvimento\Projetos\TradutorDGames\[Kimochi] RJ01696894,readme.txt,23,.txt,utf-8-sig,"cjk,kana",documentation,35,,1,ここではすべてのHシーンが閲覧可能です。
T000926,B0002,D:\Dev\Desenvolvimento\Projetos\TradutorDGames\[Kimochi] RJ01696894,readme.txt,25,.txt,utf-8-sig,"cjk,kana",documentation,35,,1,●バグなどを発見された場合は、お手数ですが以下へご報告頂けると助かります。
T000927,B0002,D:\Dev\Desenvolvimento\Projetos\TradutorDGames\[Kimochi] RJ01696894,readme.txt,27,.txt,utf-8-sig,"cjk,kana",documentation,35,,1,ci-enでも受け付けております。
T000928,B0002,D:\Dev\Desenvolvimento\Projetos\TradutorDGames\[Kimochi] RJ01696894,readme.txt,29,.txt,utf-8-sig,cjk,documentation,35,,1,●制作
T000929,B0002,D:\Dev\Desenvolvimento\Projetos\TradutorDGames\[Kimochi] RJ01696894,readme.txt,30,.txt,utf-8-sig,"cjk,kana",documentation,35,,1,サークル名　   はみはみ堂
T000930,B0002,D:\Dev\Desenvolvimento\Projetos\TradutorDGames\[Kimochi] RJ01696894,クレジット.txt,1,.txt,utf-8-sig,"cjk,kana",documentation,35,,1,本ゲームは「RPGツクールMV」によって制作されています。
T000931,B0002,D:\Dev\Desenvolvimento\Projetos\TradutorDGames\[Kimochi] RJ01696894,クレジット.txt,4,.txt,utf-8-sig,kana,documentation,35,,1,プラグイン
T000932,B0002,D:\Dev\Desenvolvimento\Projetos\TradutorDGames\[Kimochi] RJ01696894,クレジット.txt,5,.txt,utf-8-sig,"cjk,kana",documentation,35,,1,・トリアコンタン様
T000933,B0002,D:\Dev\Desenvolvimento\Projetos\TradutorDGames\[Kimochi] RJ01696894,クレジット.txt,6,.txt,utf-8-sig,"cjk,kana",documentation,35,,1,・Tsukimi　様
T000934,B0002,D:\Dev\Desenvolvimento\Projetos\TradutorDGames\[Kimochi] RJ01696894,クレジット.txt,7,.txt,utf-8-sig,"cjk,kana",documentation,35,,1,・kido　様
T000935,B0002,D:\Dev\Desenvolvimento\Projetos\TradutorDGames\[Kimochi] RJ01696894,クレジット.txt,8,.txt,utf-8-sig,"cjk,kana",documentation,35,,1,・まっつＵＰ　様
T000936,B0002,D:\Dev\Desenvolvimento\Projetos\TradutorDGames\[Kimochi] RJ01696894,クレジット.txt,9,.txt,utf-8-sig,"cjk,kana",documentation,35,,1,・砂川赳　様
T000937,B0002,D:\Dev\Desenvolvimento\Projetos\TradutorDGames\[Kimochi] RJ01696894,クレジット.txt,10,.txt,utf-8-sig,"cjk,kana",documentation,35,,1,・ツミオ　様
T000938,B0002,D:\Dev\Desenvolvimento\Projetos\TradutorDGames\[Kimochi] RJ01696894,クレジット.txt,11,.txt,utf-8-sig,"cjk,kana",documentation,35,,1,・Galenmereth / TDD　様
T000939,B0002,D:\Dev\Desenvolvimento\Projetos\TradutorDGames\[Kimochi] RJ01696894,クレジット.txt,14,.txt,utf-8-sig,"cjk,kana",documentation,35,,1,・OtoLogic　様
T000940,B0002,D:\Dev\Desenvolvimento\Projetos\TradutorDGames\[Kimochi] RJ01696894,クレジット.txt,16,.txt,utf-8-sig,"cjk,kana",documentation,35,,1,クレジット漏れなどがあった際は以下へご連絡いただけると助かります。
