item_id,batch,root,file,line,extension,encoding,reason,category,priority,source_key,occurrences,text
T000001,B0001,D:\Dev\Desenvolvimento\Projetos\TradutorDGames\[Kimochi] RJ01696894,www\data\CommonEvents.json,0,.json,utf-8-sig,"cjk,kana",rpgmaker_common_events,100,$[11].name,1,タッチ立ち絵明るく
T000002,B0001,D:\Dev\Desenvolvimento\Projetos\TradutorDGames\[Kimochi] RJ01696894,www\data\CommonEvents.json,0,.json,utf-8-sig,"cjk,kana",rpgmaker_common_events,100,$[12].name,1,タッチ立ち絵暗く
T000003,B0001,D:\Dev\Desenvolvimento\Projetos\TradutorDGames\[Kimochi] RJ01696894,www\data\CommonEvents.json,0,.json,utf-8-sig,"cjk,kana",rpgmaker_common_events,100,$[14].name,1,スマホ処理 1
T000004,B0001,D:\Dev\Desenvolvimento\Projetos\TradutorDGames\[Kimochi] RJ01696894,www\data\CommonEvents.json,0,.json,utf-8-sig,"cjk,kana",rpgmaker_common_events,100,$[15].name,1,スマホ処理 A
T000005,B0001,D:\Dev\Desenvolvimento\Projetos\TradutorDGames\[Kimochi] RJ01696894,www\data\CommonEvents.json,0,.json,utf-8-sig,"cjk,kana",rpgmaker_common_events,100,$[16].name,1,スマホ処理 B
T000006,B0001,D:\Dev\Desenvolvimento\Projetos\TradutorDGames\[Kimochi] RJ01696894,www\data\CommonEvents.json,0,.json,utf-8-sig,"cjk,kana",rpgmaker_common_events,100,$[18].list[0].parameters[0],1,円ゲージ、改変ゲージ　削除
T000007,B0001,D:\Dev\Desenvolvimento\Projetos\TradutorDGames\[Kimochi] RJ01696894,www\data\CommonEvents.json,0,.json,utf-8-sig,"cjk,kana",rpgmaker_common_events,100,$[18].list[3].parameters[0],1,30＝スマホ画面1　31＝スマホ画面2　32＝ピストン断面図
T000008,B0001,D:\Dev\Desenvolvimento\Projetos\TradutorDGames\[Kimochi] RJ01696894,www\data\CommonEvents.json,0,.json,utf-8-sig,"cjk,kana",rpgmaker_common_events,100,$[18].name,1,ゲージ・スマホ削除
T000009,B0001,D:\Dev\Desenvolvimento\Projetos\TradutorDGames\[Kimochi] RJ01696894,www\data\CommonEvents.json,0,.json,utf-8-sig,cjk,rpgmaker_common_events,100,$[1].list[9].parameters[0],1,PA_INIT 5 40 横 0
T000010,B0001,D:\Dev\Desenvolvimento\Projetos\TradutorDGames\[Kimochi] RJ01696894,www\data\CommonEvents.json,0,.json,utf-8-sig,"cjk,kana",rpgmaker_common_events,100,$[1].name,1,オートアイコン表示
T000011,B0001,D:\Dev\Desenvolvimento\Projetos\TradutorDGames\[Kimochi] RJ01696894,www\data\CommonEvents.json,0,.json,utf-8-sig,"cjk,kana",rpgmaker_common_events,100,$[23].list[0].parameters[0],1,アイコン本体の番号
T000012,B0001,D:\Dev\Desenvolvimento\Projetos\TradutorDGames\[Kimochi] RJ01696894,www\data\CommonEvents.json,0,.json,utf-8-sig,"cjk,kana",rpgmaker_common_events,100,$[23].list[5].parameters[0],1,テキストの番号
T000013,B0001,D:\Dev\Desenvolvimento\Projetos\TradutorDGames\[Kimochi] RJ01696894,www\data\CommonEvents.json,0,.json,utf-8-sig,kana,rpgmaker_common_events,100,$[23].name,1,Mov_icon リセット
T000014,B0001,D:\Dev\Desenvolvimento\Projetos\TradutorDGames\[Kimochi] RJ01696894,www\data\CommonEvents.json,0,.json,utf-8-sig,"cjk,kana",rpgmaker_common_events,100,$[26].name,1,タッチ立ち絵削除
T000015,B0001,D:\Dev\Desenvolvimento\Projetos\TradutorDGames\[Kimochi] RJ01696894,www\data\CommonEvents.json,0,.json,utf-8-sig,"cjk,kana",rpgmaker_common_events,100,$[2].name,1,オート重ねる
T000016,B0001,D:\Dev\Desenvolvimento\Projetos\TradutorDGames\[Kimochi] RJ01696894,www\data\CommonEvents.json,0,.json,utf-8-sig,"cjk,kana",rpgmaker_common_events,100,$[30].list[2].parameters[0],1,↑でオフにするとTgame中に移動アイコンが表示される。
T000017,B0001,D:\Dev\Desenvolvimento\Projetos\TradutorDGames\[Kimochi] RJ01696894,www\data\CommonEvents.json,0,.json,utf-8-sig,"cjk,kana",rpgmaker_common_events,100,$[30].list[9].parameters[0],1,スタミナ削除
T000018,B0001,D:\Dev\Desenvolvimento\Projetos\TradutorDGames\[Kimochi] RJ01696894,www\data\CommonEvents.json,0,.json,utf-8-sig,"cjk,kana",rpgmaker_common_events,100,$[30].name,1,ADV開始　auto表示 movリセット スタミナ削除
T000019,B0001,D:\Dev\Desenvolvimento\Projetos\TradutorDGames\[Kimochi] RJ01696894,www\data\CommonEvents.json,0,.json,utf-8-sig,"cjk,kana",rpgmaker_common_events,100,$[31].list[0].parameters[0],1,19=ADVバック 20=ADV立ち絵 22＝ADVの上装飾
T000020,B0001,D:\Dev\Desenvolvimento\Projetos\TradutorDGames\[Kimochi] RJ01696894,www\data\CommonEvents.json,0,.json,utf-8-sig,"cjk,kana",rpgmaker_common_events,100,$[31].list[12].parameters[0],1,タッチ立ち絵のスイッチをリセット
T000021,B0001,D:\Dev\Desenvolvimento\Projetos\TradutorDGames\[Kimochi] RJ01696894,www\data\CommonEvents.json,0,.json,utf-8-sig,"cjk,kana",rpgmaker_common_events,100,$[31].list[15].parameters[0],1,移動アイコン　動作再開
T000022,B0001,D:\Dev\Desenvolvimento\Projetos\TradutorDGames\[Kimochi] RJ01696894,www\data\CommonEvents.json,0,.json,utf-8-sig,"cjk,kana",rpgmaker_common_events,100,$[31].list[9].parameters[0],1,個人イベントの進行をリセット
T000023,B0001,D:\Dev\Desenvolvimento\Projetos\TradutorDGames\[Kimochi] RJ01696894,www\data\CommonEvents.json,0,.json,utf-8-sig,"cjk,kana",rpgmaker_common_events,100,$[31].name,1,ADV終了　会話初期 evオフ automsg スタミナ
T000024,B0001,D:\Dev\Desenvolvimento\Projetos\TradutorDGames\[Kimochi] RJ01696894,www\data\CommonEvents.json,0,.json,utf-8-sig,"cjk,kana",rpgmaker_common_events,100,$[33].name,1,ADVロード１　姉
T000025,B0001,D:\Dev\Desenvolvimento\Projetos\TradutorDGames\[Kimochi] RJ01696894,www\data\CommonEvents.json,0,.json,utf-8-sig,"cjk,kana",rpgmaker_common_events,100,$[34].name,1,ADVロード２　教師
T000026,B0001,D:\Dev\Desenvolvimento\Projetos\TradutorDGames\[Kimochi] RJ01696894,www\data\CommonEvents.json,0,.json,utf-8-sig,kana,rpgmaker_common_events,100,$[35].name,1,ADVロード３　モミジ
T000027,B0001,D:\Dev\Desenvolvimento\Projetos\TradutorDGames\[Kimochi] RJ01696894,www\data\CommonEvents.json,0,.json,utf-8-sig,kana,rpgmaker_common_events,100,$[36].name,1,ADVロード４　ヒマリ
T000028,B0001,D:\Dev\Desenvolvimento\Projetos\TradutorDGames\[Kimochi] RJ01696894,www\data\CommonEvents.json,0,.json,utf-8-sig,"cjk,kana",rpgmaker_common_events,100,$[37].name,1,ADVロード５　姉友人
T000029,B0001,D:\Dev\Desenvolvimento\Projetos\TradutorDGames\[Kimochi] RJ01696894,www\data\CommonEvents.json,0,.json,utf-8-sig,"cjk,kana",rpgmaker_common_events,100,$[38].name,1,ADVロード６　路地裏
T000030,B0001,D:\Dev\Desenvolvimento\Projetos\TradutorDGames\[Kimochi] RJ01696894,www\data\CommonEvents.json,0,.json,utf-8-sig,"cjk,kana",rpgmaker_common_events,100,$[39].name,1,ADVロード７　酒屋さん
T000031,B0001,D:\Dev\Desenvolvimento\Projetos\TradutorDGames\[Kimochi] RJ01696894,www\data\CommonEvents.json,0,.json,utf-8-sig,"cjk,kana",rpgmaker_common_events,100,$[3].name,1,オート離す
T000032,B0001,D:\Dev\Desenvolvimento\Projetos\TradutorDGames\[Kimochi] RJ01696894,www\data\CommonEvents.json,0,.json,utf-8-sig,"cjk,kana",rpgmaker_common_events,100,$[40].name,1,ADVロード８　警官
T000033,B0001,D:\Dev\Desenvolvimento\Projetos\TradutorDGames\[Kimochi] RJ01696894,www\data\CommonEvents.json,0,.json,utf-8-sig,kana,rpgmaker_common_events,100,$[41].name,1,ADVロード９　JC
T000034,B0001,D:\Dev\Desenvolvimento\Projetos\TradutorDGames\[Kimochi] RJ01696894,www\data\CommonEvents.json,0,.json,utf-8-sig,"cjk,kana",rpgmaker_common_events,100,$[42].name,1,ADVロード１０　管理局
T000035,B0001,D:\Dev\Desenvolvimento\Projetos\TradutorDGames\[Kimochi] RJ01696894,www\data\CommonEvents.json,0,.json,utf-8-sig,"cjk,kana",rpgmaker_common_events,100,$[49].list[2].parameters[0],1,学校にいる女子は一通り種付けできたかな。
T000036,B0001,D:\Dev\Desenvolvimento\Projetos\TradutorDGames\[Kimochi] RJ01696894,www\data\CommonEvents.json,0,.json,utf-8-sig,"cjk,kana",rpgmaker_common_events,100,$[49].list[5].parameters[0],1,初めての経験で歯止めが効かないさすがにつかれた
T000037,B0001,D:\Dev\Desenvolvimento\Projetos\TradutorDGames\[Kimochi] RJ01696894,www\data\CommonEvents.json,0,.json,utf-8-sig,cjk,rpgmaker_common_events,100,$[4].list[1].parameters[0],1,PA_INIT 12 8 横 0
T000038,B0001,D:\Dev\Desenvolvimento\Projetos\TradutorDGames\[Kimochi] RJ01696894,www\data\CommonEvents.json,0,.json,utf-8-sig,"cjk,kana",rpgmaker_common_events,100,$[4].name,1,オート再生/停止
T000039,B0001,D:\Dev\Desenvolvimento\Projetos\TradutorDGames\[Kimochi] RJ01696894,www\data\CommonEvents.json,0,.json,utf-8-sig,"cjk,kana",rpgmaker_common_events,100,$[50].list[10].parameters[0],1,僕はそろそろ帰ることにした。
T000040,B0001,D:\Dev\Desenvolvimento\Projetos\TradutorDGames\[Kimochi] RJ01696894,www\data\CommonEvents.json,0,.json,utf-8-sig,"cjk,kana",rpgmaker_common_events,100,$[50].list[14].parameters[0],1,帰り道に何人か女性を見かけたので、しっかりと種付けをしておいた。
T000041,B0001,D:\Dev\Desenvolvimento\Projetos\TradutorDGames\[Kimochi] RJ01696894,www\data\CommonEvents.json,0,.json,utf-8-sig,"cjk,kana",rpgmaker_common_events,100,$[50].list[7].parameters[0],1,学校にいる女子は大体種付けが出来たみたいだ。
T000042,B0001,D:\Dev\Desenvolvimento\Projetos\TradutorDGames\[Kimochi] RJ01696894,www\data\CommonEvents.json,0,.json,utf-8-sig,"cjk,kana",rpgmaker_common_events,100,$[50].name,1,学校パート終了
T000043,B0001,D:\Dev\Desenvolvimento\Projetos\TradutorDGames\[Kimochi] RJ01696894,www\data\CommonEvents.json,0,.json,utf-8-sig,"cjk,kana",rpgmaker_common_events,100,$[51].list[11].parameters[0],1,そろそろ家にもどって休もうかな。
T000044,B0001,D:\Dev\Desenvolvimento\Projetos\TradutorDGames\[Kimochi] RJ01696894,www\data\CommonEvents.json,0,.json,utf-8-sig,"cjk,kana",rpgmaker_common_events,100,$[51].list[7].parameters[0],1,僕はその後、目についた女の人に種付けし続け、
T000045,B0001,D:\Dev\Desenvolvimento\Projetos\TradutorDGames\[Kimochi] RJ01696894,www\data\CommonEvents.json,0,.json,utf-8-sig,"cjk,kana",rpgmaker_common_events,100,$[51].list[8].parameters[0],1,あっという間に一日が終わった。
T000046,B0001,D:\Dev\Desenvolvimento\Projetos\TradutorDGames\[Kimochi] RJ01696894,www\data\CommonEvents.json,0,.json,utf-8-sig,"cjk,kana",rpgmaker_common_events,100,$[51].name,1,街パート終了
T000047,B0001,D:\Dev\Desenvolvimento\Projetos\TradutorDGames\[Kimochi] RJ01696894,www\data\CommonEvents.json,0,.json,utf-8-sig,cjk,rpgmaker_common_events,100,$[54].list[0].parameters[0],1,PA_INIT 6 12 横 0
T000048,B0001,D:\Dev\Desenvolvimento\Projetos\TradutorDGames\[Kimochi] RJ01696894,www\data\CommonEvents.json,0,.json,utf-8-sig,"cjk,kana",rpgmaker_common_events,100,$[54].name,1,ピストンa1初期位置
T000049,B0001,D:\Dev\Desenvolvimento\Projetos\TradutorDGames\[Kimochi] RJ01696894,www\data\CommonEvents.json,0,.json,utf-8-sig,"cjk,kana",rpgmaker_common_events,100,$[55].name,1,ピストンa1再生
T000050,B0001,D:\Dev\Desenvolvimento\Projetos\TradutorDGames\[Kimochi] RJ01696894,www\data\CommonEvents.json,0,.json,utf-8-sig,cjk,rpgmaker_common_events,100,$[56].list[0].parameters[0],1,PA_INIT 4 12 横 0
T000051,B0001,D:\Dev\Desenvolvimento\Projetos\TradutorDGames\[Kimochi] RJ01696894,www\data\CommonEvents.json,0,.json,utf-8-sig,kana,rpgmaker_common_events,100,$[56].name,1,ピストンa2ループ
T000052,B0001,D:\Dev\Desenvolvimento\Projetos\TradutorDGames\[Kimochi] RJ01696894,www\data\CommonEvents.json,0,.json,utf-8-sig,cjk,rpgmaker_common_events,100,$[57].list[0].parameters[0],1,PA_INIT 12 12 横 0
T000053,B0001,D:\Dev\Desenvolvimento\Projetos\TradutorDGames\[Kimochi] RJ01696894,www\data\CommonEvents.json,0,.json,utf-8-sig,"cjk,kana",rpgmaker_common_events,100,$[57].name,1,ピストンa3射精
T000054,B0001,D:\Dev\Desenvolvimento\Projetos\TradutorDGames\[Kimochi] RJ01696894,www\data\CommonEvents.json,0,.json,utf-8-sig,cjk,rpgmaker_common_events,100,$[58].list[0].parameters[0],1,PA_INIT 4 6 横 0
T000055,B0001,D:\Dev\Desenvolvimento\Projetos\TradutorDGames\[Kimochi] RJ01696894,www\data\CommonEvents.json,0,.json,utf-8-sig,"cjk,kana",rpgmaker_common_events,100,$[58].name,1,ピストンa2ループ　二倍速
T000056,B0001,D:\Dev\Desenvolvimento\Projetos\TradutorDGames\[Kimochi] RJ01696894,www\data\CommonEvents.json,0,.json,utf-8-sig,"cjk,kana",rpgmaker_common_events,100,$[59].name,1,ピストンa4　終了画像
T000057,B0001,D:\Dev\Desenvolvimento\Projetos\TradutorDGames\[Kimochi] RJ01696894,www\data\CommonEvents.json,0,.json,utf-8-sig,"cjk,kana",rpgmaker_common_events,100,$[5].name,1,オートaキー入力判定
T000058,B0001,D:\Dev\Desenvolvimento\Projetos\TradutorDGames\[Kimochi] RJ01696894,www\data\CommonEvents.json,0,.json,utf-8-sig,cjk,rpgmaker_common_events,100,$[62].list[0].parameters[0],1,PA_INIT 6 12 横 0
T000059,B0001,D:\Dev\Desenvolvimento\Projetos\TradutorDGames\[Kimochi] RJ01696894,www\data\CommonEvents.json,0,.json,utf-8-sig,"cjk,kana",rpgmaker_common_events,100,$[62].name,1,ピストンb1　初期位置
T000060,B0001,D:\Dev\Desenvolvimento\Projetos\TradutorDGames\[Kimochi] RJ01696894,www\data\CommonEvents.json,0,.json,utf-8-sig,"cjk,kana",rpgmaker_common_events,100,$[63].name,1,ピストンb1　再生
T000061,B0001,D:\Dev\Desenvolvimento\Projetos\TradutorDGames\[Kimochi] RJ01696894,www\data\CommonEvents.json,0,.json,utf-8-sig,cjk,rpgmaker_common_events,100,$[64].list[0].parameters[0],1,PA_INIT 4 12 横 0
T000062,B0001,D:\Dev\Desenvolvimento\Projetos\TradutorDGames\[Kimochi] RJ01696894,www\data\CommonEvents.json,0,.json,utf-8-sig,kana,rpgmaker_common_events,100,$[64].name,1,ピストンb2　ループ
T000063,B0001,D:\Dev\Desenvolvimento\Projetos\TradutorDGames\[Kimochi] RJ01696894,www\data\CommonEvents.json,0,.json,utf-8-sig,cjk,rpgmaker_common_events,100,$[65].list[0].parameters[0],1,PA_INIT 11 12 横 0
T000064,B0001,D:\Dev\Desenvolvimento\Projetos\TradutorDGames\[Kimochi] RJ01696894,www\data\CommonEvents.json,0,.json,utf-8-sig,"cjk,kana",rpgmaker_common_events,100,$[65].name,1,ピストンb3　射精
T000065,B0001,D:\Dev\Desenvolvimento\Projetos\TradutorDGames\[Kimochi] RJ01696894,www\data\CommonEvents.json,0,.json,utf-8-sig,cjk,rpgmaker_common_events,100,$[66].list[0].parameters[0],1,PA_INIT 4 6 横 0
T000066,B0001,D:\Dev\Desenvolvimento\Projetos\TradutorDGames\[Kimochi] RJ01696894,www\data\CommonEvents.json,0,.json,utf-8-sig,"cjk,kana",rpgmaker_common_events,100,$[66].name,1,ピストンb2　二倍ループ
T000067,B0001,D:\Dev\Desenvolvimento\Projetos\TradutorDGames\[Kimochi] RJ01696894,www\data\CommonEvents.json,0,.json,utf-8-sig,"cjk,kana",rpgmaker_common_events,100,$[67].name,1,ピストンb4　終了画像
T000068,B0001,D:\Dev\Desenvolvimento\Projetos\TradutorDGames\[Kimochi] RJ01696894,www\data\CommonEvents.json,0,.json,utf-8-sig,"cjk,kana",rpgmaker_common_events,100,$[6].name,1,オートアイコン停止、削除
T000069,B0001,D:\Dev\Desenvolvimento\Projetos\TradutorDGames\[Kimochi] RJ01696894,www\data\CommonEvents.json,0,.json,utf-8-sig,"cjk,kana",rpgmaker_common_events,100,$[70].name,1,Gal 選択　重ね
T000070,B0001,D:\Dev\Desenvolvimento\Projetos\TradutorDGames\[Kimochi] RJ01696894,www\data\CommonEvents.json,0,.json,utf-8-sig,"cjk,kana",rpgmaker_common_events,100,$[71].list[2].parameters[0],1,if ($gameScreen.isPointerInnerPicture(i)) return; // どれかに乗っていたら何もしない
T000071,B0001,D:\Dev\Desenvolvimento\Projetos\TradutorDGames\[Kimochi] RJ01696894,www\data\CommonEvents.json,0,.json,utf-8-sig,"cjk,kana",rpgmaker_common_events,100,$[71].list[4].parameters[0],1,$gameScreen.erasePicture(22); // どれにも乗っていなければ削除
T000072,B0001,D:\Dev\Desenvolvimento\Projetos\TradutorDGames\[Kimochi] RJ01696894,www\data\CommonEvents.json,0,.json,utf-8-sig,"cjk,kana",rpgmaker_common_events,100,$[71].name,1,Gal 選択　離す
T000073,B0001,D:\Dev\Desenvolvimento\Projetos\TradutorDGames\[Kimochi] RJ01696894,www\data\CommonEvents.json,0,.json,utf-8-sig,"cjk,kana",rpgmaker_common_events,100,$[72].name,1,Gal タイトル　重ね
T000074,B0001,D:\Dev\Desenvolvimento\Projetos\TradutorDGames\[Kimochi] RJ01696894,www\data\CommonEvents.json,0,.json,utf-8-sig,"cjk,kana",rpgmaker_common_events,100,$[74].name,1,Gal 選択　タイトル戻る
T000075,B0001,D:\Dev\Desenvolvimento\Projetos\TradutorDGames\[Kimochi] RJ01696894,www\data\CommonEvents.json,0,.json,utf-8-sig,"cjk,kana",rpgmaker_common_events,100,$[75].name,1,Gal シーン開始
T000076,B0001,D:\Dev\Desenvolvimento\Projetos\TradutorDGames\[Kimochi] RJ01696894,www\data\CommonEvents.json,0,.json,utf-8-sig,"cjk,kana",rpgmaker_common_events,100,$[76].list[0].parameters[0],1,19=ADVバック 20=ADV立ち絵 22＝ADVの上装飾
T000077,B0001,D:\Dev\Desenvolvimento\Projetos\TradutorDGames\[Kimochi] RJ01696894,www\data\CommonEvents.json,0,.json,utf-8-sig,"cjk,kana",rpgmaker_common_events,100,$[76].name,1,Gal シーン終了
T000078,B0001,D:\Dev\Desenvolvimento\Projetos\TradutorDGames\[Kimochi] RJ01696894,www\data\MapInfos.json,0,.json,utf-8-sig,cjk,rpgmaker_map,100,$[11].name,1,路地裏
T000079,B0001,D:\Dev\Desenvolvimento\Projetos\TradutorDGames\[Kimochi] RJ01696894,www\data\MapInfos.json,0,.json,utf-8-sig,cjk,rpgmaker_map,100,$[1].name,1,自室
T000080,B0001,D:\Dev\Desenvolvimento\Projetos\TradutorDGames\[Kimochi] RJ01696894,www\data\MapInfos.json,0,.json,utf-8-sig,cjk,rpgmaker_map,100,$[27].name,1,家廊下
T000081,B0001,D:\Dev\Desenvolvimento\Projetos\TradutorDGames\[Kimochi] RJ01696894,www\data\MapInfos.json,0,.json,utf-8-sig,cjk,rpgmaker_map,100,$[28].name,1,学校玄関
T000082,B0001,D:\Dev\Desenvolvimento\Projetos\TradutorDGames\[Kimochi] RJ01696894,www\data\MapInfos.json,0,.json,utf-8-sig,cjk,rpgmaker_map,100,$[29].name,1,職員室
T000083,B0001,D:\Dev\Desenvolvimento\Projetos\TradutorDGames\[Kimochi] RJ01696894,www\data\MapInfos.json,0,.json,utf-8-sig,kana,rpgmaker_map,100,$[2].name,1,ギャラリー
T000084,B0001,D:\Dev\Desenvolvimento\Projetos\TradutorDGames\[Kimochi] RJ01696894,www\data\MapInfos.json,0,.json,utf-8-sig,cjk,rpgmaker_map,100,$[32].name,1,図書室
T000085,B0001,D:\Dev\Desenvolvimento\Projetos\TradutorDGames\[Kimochi] RJ01696894,www\data\MapInfos.json,0,.json,utf-8-sig,"cjk,kana",rpgmaker_map,100,$[34].name,1,姉の部屋
T000086,B0001,D:\Dev\Desenvolvimento\Projetos\TradutorDGames\[Kimochi] RJ01696894,www\data\MapInfos.json,0,.json,utf-8-sig,cjk,rpgmaker_map,100,$[3].name,1,街路１
T000087,B0001,D:\Dev\Desenvolvimento\Projetos\TradutorDGames\[Kimochi] RJ01696894,www\data\MapInfos.json,0,.json,utf-8-sig,cjk,rpgmaker_map,100,$[4].name,1,酒屋
T000088,B0001,D:\Dev\Desenvolvimento\Projetos\TradutorDGames\[Kimochi] RJ01696894,www\data\MapInfos.json,0,.json,utf-8-sig,cjk,rpgmaker_map,100,$[5].name,1,体育館
T000089,B0001,D:\Dev\Desenvolvimento\Projetos\TradutorDGames\[Kimochi] RJ01696894,www\data\MapInfos.json,0,.json,utf-8-sig,cjk,rpgmaker_map,100,$[7].name,1,街路２ 警官
T000090,B0001,D:\Dev\Desenvolvimento\Projetos\TradutorDGames\[Kimochi] RJ01696894,www\data\MapInfos.json,0,.json,utf-8-sig,cjk,rpgmaker_map,100,$[8].name,1,公園　JC
T000091,B0001,D:\Dev\Desenvolvimento\Projetos\TradutorDGames\[Kimochi] RJ01696894,www\data\MapInfos.json,0,.json,utf-8-sig,kana,rpgmaker_map,100,$[9].name,1,エンディング
T000092,B0001,D:\Dev\Desenvolvimento\Projetos\TradutorDGames\[Kimochi] RJ01696894,www\data\Actors.json,0,.json,utf-8-sig,"cjk,kana",rpgmaker_database,98,$[1].name,1,操作キャラ
T000093,B0001,D:\Dev\Desenvolvimento\Projetos\TradutorDGames\[Kimochi] RJ01696894,www\data\Map001.json,0,.json,utf-8-sig,"cjk,kana",rpgmaker_map,95,$.events[1].pages[0].list[10].parameters[0],1,すると最近与えられた
T000094,B0001,D:\Dev\Desenvolvimento\Projetos\TradutorDGames\[Kimochi] RJ01696894,www\data\Map001.json,0,.json,utf-8-sig,"cjk,kana",rpgmaker_map,95,$.events[1].pages[0].list[11].parameters[0],1,僕のスマホにこんなメールが届く。
T000095,B0001,D:\Dev\Desenvolvimento\Projetos\TradutorDGames\[Kimochi] RJ01696894,www\data\Map001.json,0,.json,utf-8-sig,"cjk,kana",rpgmaker_map,95,$.events[1].pages[0].list[21].parameters[0],1,メールの内容を僕はよく理解できなかった。
T000096,B0001,D:\Dev\Desenvolvimento\Projetos\TradutorDGames\[Kimochi] RJ01696894,www\data\Map001.json,0,.json,utf-8-sig,"cjk,kana",rpgmaker_map,95,$.events[1].pages[0].list[27].parameters[0],1,勝手にアプリがインストールされている……。
T000097,B0001,D:\Dev\Desenvolvimento\Projetos\TradutorDGames\[Kimochi] RJ01696894,www\data\Map001.json,0,.json,utf-8-sig,"cjk,kana",rpgmaker_map,95,$.events[1].pages[0].list[33].parameters[0],1,なんだか面白そうだと思ったので、
T000098,B0001,D:\Dev\Desenvolvimento\Projetos\TradutorDGames\[Kimochi] RJ01696894,www\data\Map001.json,0,.json,utf-8-sig,"cjk,kana",rpgmaker_map,95,$.events[1].pages[0].list[34].parameters[0],1,姉に使ってみることにした。
T000099,B0001,D:\Dev\Desenvolvimento\Projetos\TradutorDGames\[Kimochi] RJ01696894,www\data\Map001.json,0,.json,utf-8-sig,"cjk,kana",rpgmaker_map,95,$.events[1].pages[0].list[6].parameters[0],1,僕は夏休みが始まってからというものの、特にやることはなく、
T000100,B0001,D:\Dev\Desenvolvimento\Projetos\TradutorDGames\[Kimochi] RJ01696894,www\data\Map001.json,0,.json,utf-8-sig,"cjk,kana",rpgmaker_map,95,$.events[1].pages[0].list[7].parameters[0],1,暇を持て余してだらだらと毎日を過ごしていた。
T000101,B0001,D:\Dev\Desenvolvimento\Projetos\TradutorDGames\[Kimochi] RJ01696894,www\data\Map001.json,0,.json,utf-8-sig,"cjk,kana",rpgmaker_map,95,$.events[1].pages[2].list[12].parameters[0],1,とりあえず誰かいるかもしれないし、
T000102,B0001,D:\Dev\Desenvolvimento\Projetos\TradutorDGames\[Kimochi] RJ01696894,www\data\Map001.json,0,.json,utf-8-sig,"cjk,kana",rpgmaker_map,95,$.events[1].pages[2].list[13].parameters[0],1,学校へいってみようかな。
T000103,B0001,D:\Dev\Desenvolvimento\Projetos\TradutorDGames\[Kimochi] RJ01696894,www\data\Map001.json,0,.json,utf-8-sig,"cjk,kana",rpgmaker_map,95,$.events[1].pages[2].list[5].parameters[0],1,なんだかすごい事をしてしまった気がする。
T000104,B0001,D:\Dev\Desenvolvimento\Projetos\TradutorDGames\[Kimochi] RJ01696894,www\data\Map001.json,0,.json,utf-8-sig,"cjk,kana",rpgmaker_map,95,$.events[1].pages[2].list[8].parameters[0],1,ぼくは呆然としつつも、先ほどの快感が頭から離れず、
T000105,B0001,D:\Dev\Desenvolvimento\Projetos\TradutorDGames\[Kimochi] RJ01696894,www\data\Map001.json,0,.json,utf-8-sig,"cjk,kana",rpgmaker_map,95,$.events[1].pages[2].list[9].parameters[0],1,もう次は誰に たねづけ しようかと考えている。
T000106,B0001,D:\Dev\Desenvolvimento\Projetos\TradutorDGames\[Kimochi] RJ01696894,www\data\Map001.json,0,.json,utf-8-sig,"cjk,kana",rpgmaker_map,95,$.events[1].pages[4].list[6].parameters[0],1,僕はしっかり休んで、体力を回復した。
T000107,B0001,D:\Dev\Desenvolvimento\Projetos\TradutorDGames\[Kimochi] RJ01696894,www\data\Map001.json,0,.json,utf-8-sig,"cjk,kana",rpgmaker_map,95,$.events[1].pages[4].list[9].parameters[0],1,今日は街の方に行ってみようかな……。
T000108,B0001,D:\Dev\Desenvolvimento\Projetos\TradutorDGames\[Kimochi] RJ01696894,www\data\Map001.json,0,.json,utf-8-sig,"cjk,kana",rpgmaker_map,95,$.events[1].pages[6].list[12].parameters[0],1,だれか来たようだ。
T000109,B0001,D:\Dev\Desenvolvimento\Projetos\TradutorDGames\[Kimochi] RJ01696894,www\data\Map001.json,0,.json,utf-8-sig,"cjk,kana",rpgmaker_map,95,$.events[1].pages[6].list[6].parameters[0],1,しっかり休んで、体力が回復した僕は
T000110,B0001,D:\Dev\Desenvolvimento\Projetos\TradutorDGames\[Kimochi] RJ01696894,www\data\Map001.json,0,.json,utf-8-sig,"cjk,kana",rpgmaker_map,95,$.events[1].pages[6].list[7].parameters[0],1,今日はどうしようかと考える。
T000111,B0001,D:\Dev\Desenvolvimento\Projetos\TradutorDGames\[Kimochi] RJ01696894,www\data\Map002.json,0,.json,utf-8-sig,"cjk,kana",rpgmaker_map,95,$.events[10].pages[0].list[11].parameters[0],1,玄関へ行くと暑そうなスーツを着た女性が立っていた。
T000112,B0001,D:\Dev\Desenvolvimento\Projetos\TradutorDGames\[Kimochi] RJ01696894,www\data\Map002.json,0,.json,utf-8-sig,"cjk,kana",rpgmaker_map,95,$.events[10].pages[0].list[14].parameters[0],1,「こんにちは～、わたくし生殖促進管理局の
T000113,B0001,D:\Dev\Desenvolvimento\Projetos\TradutorDGames\[Kimochi] RJ01696894,www\data\Map002.json,0,.json,utf-8-sig,"cjk,kana",rpgmaker_map,95,$.events[10].pages[0].list[15].parameters[0],1,小林と申します～」
T000114,B0001,D:\Dev\Desenvolvimento\Projetos\TradutorDGames\[Kimochi] RJ01696894,www\data\Map002.json,0,.json,utf-8-sig,cjk,rpgmaker_map,95,$.events[10].pages[0].list[18].parameters[0],1,小林
T000115,B0001,D:\Dev\Desenvolvimento\Projetos\TradutorDGames\[Kimochi] RJ01696894,www\data\Map002.json,0,.json,utf-8-sig,"cjk,kana",rpgmaker_map,95,$.events[10].pages[0].list[19].parameters[0],1,「お父様かお兄さまはいらっしゃいますか？
T000116,B0001,D:\Dev\Desenvolvimento\Projetos\TradutorDGames\[Kimochi] RJ01696894,www\data\Map002.json,0,.json,utf-8-sig,"cjk,kana",rpgmaker_map,95,$.events[10].pages[0].list[20].parameters[0],1,種付け適任者に選ばれた方の経過を調査しているのですが……」
T000117,B0001,D:\Dev\Desenvolvimento\Projetos\TradutorDGames\[Kimochi] RJ01696894,www\data\Map002.json,0,.json,utf-8-sig,cjk,rpgmaker_map,95,$.events[10].pages[0].list[23].parameters[0],1,小林
T000118,B0001,D:\Dev\Desenvolvimento\Projetos\TradutorDGames\[Kimochi] RJ01696894,www\data\Map002.json,0,.json,utf-8-sig,"cjk,kana",rpgmaker_map,95,$.events[10].pages[0].list[24].parameters[0],1,「……？あなたが適任者……？」
T000119,B0001,D:\Dev\Desenvolvimento\Projetos\TradutorDGames\[Kimochi] RJ01696894,www\data\Map002.json,0,.json,utf-8-sig,cjk,rpgmaker_map,95,$.events[10].pages[0].list[26].parameters[0],1,小林
T000120,B0001,D:\Dev\Desenvolvimento\Projetos\TradutorDGames\[Kimochi] RJ01696894,www\data\Map002.json,0,.json,utf-8-sig,"cjk,kana",rpgmaker_map,95,$.events[10].pages[0].list[27].parameters[0],1,「え……こんな子が……？」
T000121,B0001,D:\Dev\Desenvolvimento\Projetos\TradutorDGames\[Kimochi] RJ01696894,www\data\Map002.json,0,.json,utf-8-sig,cjk,rpgmaker_map,95,$.events[10].pages[0].list[30].parameters[0],1,小林
T000122,B0001,D:\Dev\Desenvolvimento\Projetos\TradutorDGames\[Kimochi] RJ01696894,www\data\Map002.json,0,.json,utf-8-sig,kana,rpgmaker_map,95,$.events[10].pages[0].list[31].parameters[0],1,「あぁいえ、えっと……それじゃあ……
T000123,B0001,D:\Dev\Desenvolvimento\Projetos\TradutorDGames\[Kimochi] RJ01696894,www\data\Map002.json,0,.json,utf-8-sig,"cjk,kana",rpgmaker_map,95,$.events[10].pages[0].list[32].parameters[0],1,活動についていくつかお聞きしたいんですけど……」
T000124,B0001,D:\Dev\Desenvolvimento\Projetos\TradutorDGames\[Kimochi] RJ01696894,www\data\Map002.json,0,.json,utf-8-sig,"cjk,kana",rpgmaker_map,95,$.events[10].pages[0].list[37].parameters[0],1,僕は 小林 にアプリをつかった！
T000125,B0001,D:\Dev\Desenvolvimento\Projetos\TradutorDGames\[Kimochi] RJ01696894,www\data\Map002.json,0,.json,utf-8-sig,cjk,rpgmaker_map,95,$.events[10].pages[0].list[42].parameters[0],1,小林
T000126,B0001,D:\Dev\Desenvolvimento\Projetos\TradutorDGames\[Kimochi] RJ01696894,www\data\Map002.json,0,.json,utf-8-sig,kana,rpgmaker_map,95,$.events[10].pages[0].list[43].parameters[0],1,「あの、ちょっと……？」
T000127,B0001,D:\Dev\Desenvolvimento\Projetos\TradutorDGames\[Kimochi] RJ01696894,www\data\Map002.json,0,.json,utf-8-sig,"cjk,kana",rpgmaker_map,95,$.events[10].pages[0].list[49].parameters[0],1,どうやら 小林 には効かないみたいだ……。
T000128,B0001,D:\Dev\Desenvolvimento\Projetos\TradutorDGames\[Kimochi] RJ01696894,www\data\Map002.json,0,.json,utf-8-sig,cjk,rpgmaker_map,95,$.events[10].pages[0].list[52].parameters[0],1,小林
T000129,B0001,D:\Dev\Desenvolvimento\Projetos\TradutorDGames\[Kimochi] RJ01696894,www\data\Map002.json,0,.json,utf-8-sig,kana,rpgmaker_map,95,$.events[10].pages[0].list[53].parameters[0],1,「あー……すいません、
T000130,B0001,D:\Dev\Desenvolvimento\Projetos\TradutorDGames\[Kimochi] RJ01696894,www\data\Map002.json,0,.json,utf-8-sig,"cjk,kana",rpgmaker_map,95,$.events[10].pages[0].list[54].parameters[0],1,それ私には効かないんです」
T000131,B0001,D:\Dev\Desenvolvimento\Projetos\TradutorDGames\[Kimochi] RJ01696894,www\data\Map002.json,0,.json,utf-8-sig,cjk,rpgmaker_map,95,$.events[10].pages[0].list[57].parameters[0],1,小林
T000132,B0001,D:\Dev\Desenvolvimento\Projetos\TradutorDGames\[Kimochi] RJ01696894,www\data\Map002.json,0,.json,utf-8-sig,"cjk,kana",rpgmaker_map,95,$.events[10].pages[0].list[58].parameters[0],1,「種付けするなら他の女に
T000133,B0001,D:\Dev\Desenvolvimento\Projetos\TradutorDGames\[Kimochi] RJ01696894,www\data\Map002.json,0,.json,utf-8-sig,"cjk,kana",rpgmaker_map,95,$.events[10].pages[0].list[59].parameters[0],1,使ってくださいねー」
T000134,B0001,D:\Dev\Desenvolvimento\Projetos\TradutorDGames\[Kimochi] RJ01696894,www\data\Map002.json,0,.json,utf-8-sig,"cjk,kana",rpgmaker_map,95,$.events[10].pages[0].list[63].parameters[0],1,種付けアプリの様子が……
T000135,B0001,D:\Dev\Desenvolvimento\Projetos\TradutorDGames\[Kimochi] RJ01696894,www\data\Map002.json,0,.json,utf-8-sig,cjk,rpgmaker_map,95,$.events[10].pages[0].list[82].parameters[0],1,小林
T000136,B0001,D:\Dev\Desenvolvimento\Projetos\TradutorDGames\[Kimochi] RJ01696894,www\data\Map002.json,0,.json,utf-8-sig,kana,rpgmaker_map,95,$.events[10].pages[0].list[83].parameters[0],1,「ん…………あぇ……？？」
T000137,B0001,D:\Dev\Desenvolvimento\Projetos\TradutorDGames\[Kimochi] RJ01696894,www\data\Map002.json,0,.json,utf-8-sig,cjk,rpgmaker_map,95,$.events[10].pages[1].list[103].parameters[0],1,PA_INIT 12 12 横 0
T000138,B0001,D:\Dev\Desenvolvimento\Projetos\TradutorDGames\[Kimochi] RJ01696894,www\data\Map002.json,0,.json,utf-8-sig,cjk,rpgmaker_map,95,$.events[10].pages[1].list[109].parameters[0],1,小林
T000139,B0001,D:\Dev\Desenvolvimento\Projetos\TradutorDGames\[Kimochi] RJ01696894,www\data\Map002.json,0,.json,utf-8-sig,"cjk,kana",rpgmaker_map,95,$.events[10].pages[1].list[10].parameters[0],1,種付けを…………？」
T000140,B0001,D:\Dev\Desenvolvimento\Projetos\TradutorDGames\[Kimochi] RJ01696894,www\data\Map002.json,0,.json,utf-8-sig,kana,rpgmaker_map,95,$.events[10].pages[1].list[110].parameters[0],1,「おっ……♥
T000141,B0001,D:\Dev\Desenvolvimento\Projetos\TradutorDGames\[Kimochi] RJ01696894,www\data\Map002.json,0,.json,utf-8-sig,kana,rpgmaker_map,95,$.events[10].pages[1].list[111].parameters[0],1,おぉっ……♥♥」
T000142,B0001,D:\Dev\Desenvolvimento\Projetos\TradutorDGames\[Kimochi] RJ01696894,www\data\Map002.json,0,.json,utf-8-sig,"cjk,kana",rpgmaker_map,95,$.events[10].pages[1].list[115].parameters[0],1,僕は 小林 に種付けした！
T000143,B0001,D:\Dev\Desenvolvimento\Projetos\TradutorDGames\[Kimochi] RJ01696894,www\data\Map002.json,0,.json,utf-8-sig,cjk,rpgmaker_map,95,$.events[10].pages[1].list[13].parameters[0],1,小林
T000144,B0001,D:\Dev\Desenvolvimento\Projetos\TradutorDGames\[Kimochi] RJ01696894,www\data\Map002.json,0,.json,utf-8-sig,kana,rpgmaker_map,95,$.events[10].pages[1].list[14].parameters[0],1,「そ、そうだ……
T000145,B0001,D:\Dev\Desenvolvimento\Projetos\TradutorDGames\[Kimochi] RJ01696894,www\data\Map002.json,0,.json,utf-8-sig,"cjk,kana",rpgmaker_map,95,$.events[10].pages[1].list[15].parameters[0],1,実際に私に種付けを行ってもらい
T000146,B0001,D:\Dev\Desenvolvimento\Projetos\TradutorDGames\[Kimochi] RJ01696894,www\data\Map002.json,0,.json,utf-8-sig,"cjk,kana",rpgmaker_map,95,$.events[10].pages[1].list[16].parameters[0],1,様子を確認する必要があるんでした……」
T000147,B0001,D:\Dev\Desenvolvimento\Projetos\TradutorDGames\[Kimochi] RJ01696894,www\data\Map002.json,0,.json,utf-8-sig,cjk,rpgmaker_map,95,$.events[10].pages[1].list[20].parameters[0],1,PA_INIT 4 12 横 0
T000148,B0001,D:\Dev\Desenvolvimento\Projetos\TradutorDGames\[Kimochi] RJ01696894,www\data\Map002.json,0,.json,utf-8-sig,cjk,rpgmaker_map,95,$.events[10].pages[1].list[28].parameters[0],1,小林
T000149,B0001,D:\Dev\Desenvolvimento\Projetos\TradutorDGames\[Kimochi] RJ01696894,www\data\Map002.json,0,.json,utf-8-sig,kana,rpgmaker_map,95,$.events[10].pages[1].list[29].parameters[0],1,「んっ……おぉっ……♥♥！？」
T000150,B0001,D:\Dev\Desenvolvimento\Projetos\TradutorDGames\[Kimochi] RJ01696894,www\data\Map002.json,0,.json,utf-8-sig,cjk,rpgmaker_map,95,$.events[10].pages[1].list[31].parameters[0],1,小林
T000151,B0001,D:\Dev\Desenvolvimento\Projetos\TradutorDGames\[Kimochi] RJ01696894,www\data\Map002.json,0,.json,utf-8-sig,kana,rpgmaker_map,95,$.events[10].pages[1].list[32].parameters[0],1,「あっ……あぁっ……♥♥
T000152,B0001,D:\Dev\Desenvolvimento\Projetos\TradutorDGames\[Kimochi] RJ01696894,www\data\Map002.json,0,.json,utf-8-sig,kana,rpgmaker_map,95,$.events[10].pages[1].list[33].parameters[0],1,これっ……だめっ……♥」
T000153,B0001,D:\Dev\Desenvolvimento\Projetos\TradutorDGames\[Kimochi] RJ01696894,www\data\Map002.json,0,.json,utf-8-sig,cjk,rpgmaker_map,95,$.events[10].pages[1].list[35].parameters[0],1,小林
T000154,B0001,D:\Dev\Desenvolvimento\Projetos\TradutorDGames\[Kimochi] RJ01696894,www\data\Map002.json,0,.json,utf-8-sig,"cjk,kana",rpgmaker_map,95,$.events[10].pages[1].list[36].parameters[0],1,「感度っ……♥♥
T000155,B0001,D:\Dev\Desenvolvimento\Projetos\TradutorDGames\[Kimochi] RJ01696894,www\data\Map002.json,0,.json,utf-8-sig,kana,rpgmaker_map,95,$.events[10].pages[1].list[37].parameters[0],1,あげられすぎっ……♥♥」
T000156,B0001,D:\Dev\Desenvolvimento\Projetos\TradutorDGames\[Kimochi] RJ01696894,www\data\Map002.json,0,.json,utf-8-sig,cjk,rpgmaker_map,95,$.events[10].pages[1].list[39].parameters[0],1,小林
T000157,B0001,D:\Dev\Desenvolvimento\Projetos\TradutorDGames\[Kimochi] RJ01696894,www\data\Map002.json,0,.json,utf-8-sig,cjk,rpgmaker_map,95,$.events[10].pages[1].list[3].parameters[0],1,小林
T000158,B0001,D:\Dev\Desenvolvimento\Projetos\TradutorDGames\[Kimochi] RJ01696894,www\data\Map002.json,0,.json,utf-8-sig,kana,rpgmaker_map,95,$.events[10].pages[1].list[40].parameters[0],1,「いぎぃっ……♥♥
T000159,B0001,D:\Dev\Desenvolvimento\Projetos\TradutorDGames\[Kimochi] RJ01696894,www\data\Map002.json,0,.json,utf-8-sig,kana,rpgmaker_map,95,$.events[10].pages[1].list[41].parameters[0],1,い、いかされっ……♥♥」
T000160,B0001,D:\Dev\Desenvolvimento\Projetos\TradutorDGames\[Kimochi] RJ01696894,www\data\Map002.json,0,.json,utf-8-sig,cjk,rpgmaker_map,95,$.events[10].pages[1].list[45].parameters[0],1,PA_INIT 6 12 横 0
T000161,B0001,D:\Dev\Desenvolvimento\Projetos\TradutorDGames\[Kimochi] RJ01696894,www\data\Map002.json,0,.json,utf-8-sig,kana,rpgmaker_map,95,$.events[10].pages[1].list[4].parameters[0],1,「ん…………あれ……？
T000162,B0001,D:\Dev\Desenvolvimento\Projetos\TradutorDGames\[Kimochi] RJ01696894,www\data\Map002.json,0,.json,utf-8-sig,cjk,rpgmaker_map,95,$.events[10].pages[1].list[52].parameters[0],1,小林
T000163,B0001,D:\Dev\Desenvolvimento\Projetos\TradutorDGames\[Kimochi] RJ01696894,www\data\Map002.json,0,.json,utf-8-sig,kana,rpgmaker_map,95,$.events[10].pages[1].list[53].parameters[0],1,「んっ……♥♥
T000164,B0001,D:\Dev\Desenvolvimento\Projetos\TradutorDGames\[Kimochi] RJ01696894,www\data\Map002.json,0,.json,utf-8-sig,kana,rpgmaker_map,95,$.events[10].pages[1].list[54].parameters[0],1,おおおぉぉっ……♥♥」
T000165,B0001,D:\Dev\Desenvolvimento\Projetos\TradutorDGames\[Kimochi] RJ01696894,www\data\Map002.json,0,.json,utf-8-sig,cjk,rpgmaker_map,95,$.events[10].pages[1].list[55].parameters[0],1,PA_INIT 4 6 横 0
T000166,B0001,D:\Dev\Desenvolvimento\Projetos\TradutorDGames\[Kimochi] RJ01696894,www\data\Map002.json,0,.json,utf-8-sig,kana,rpgmaker_map,95,$.events[10].pages[1].list[5].parameters[0],1,えーと…………」
T000167,B0001,D:\Dev\Desenvolvimento\Projetos\TradutorDGames\[Kimochi] RJ01696894,www\data\Map002.json,0,.json,utf-8-sig,cjk,rpgmaker_map,95,$.events[10].pages[1].list[61].parameters[0],1,小林
T000168,B0001,D:\Dev\Desenvolvimento\Projetos\TradutorDGames\[Kimochi] RJ01696894,www\data\Map002.json,0,.json,utf-8-sig,kana,rpgmaker_map,95,$.events[10].pages[1].list[62].parameters[0],1,「あぁっ……♥♥ぁっ……♥♥」
T000169,B0001,D:\Dev\Desenvolvimento\Projetos\TradutorDGames\[Kimochi] RJ01696894,www\data\Map002.json,0,.json,utf-8-sig,cjk,rpgmaker_map,95,$.events[10].pages[1].list[64].parameters[0],1,小林
T000170,B0001,D:\Dev\Desenvolvimento\Projetos\TradutorDGames\[Kimochi] RJ01696894,www\data\Map002.json,0,.json,utf-8-sig,kana,rpgmaker_map,95,$.events[10].pages[1].list[65].parameters[0],1,「や、やめっ……♥♥
T000171,B0001,D:\Dev\Desenvolvimento\Projetos\TradutorDGames\[Kimochi] RJ01696894,www\data\Map002.json,0,.json,utf-8-sig,"cjk,kana",rpgmaker_map,95,$.events[10].pages[1].list[66].parameters[0],1,全然奥……♥届いてないのにっ……♥♥」
T000172,B0001,D:\Dev\Desenvolvimento\Projetos\TradutorDGames\[Kimochi] RJ01696894,www\data\Map002.json,0,.json,utf-8-sig,cjk,rpgmaker_map,95,$.events[10].pages[1].list[68].parameters[0],1,小林
T000173,B0001,D:\Dev\Desenvolvimento\Projetos\TradutorDGames\[Kimochi] RJ01696894,www\data\Map002.json,0,.json,utf-8-sig,kana,rpgmaker_map,95,$.events[10].pages[1].list[69].parameters[0],1,「き、きもちよすぎっ……♥♥
T000174,B0001,D:\Dev\Desenvolvimento\Projetos\TradutorDGames\[Kimochi] RJ01696894,www\data\Map002.json,0,.json,utf-8-sig,kana,rpgmaker_map,95,$.events[10].pages[1].list[70].parameters[0],1,てっ……♥♥」
T000175,B0001,D:\Dev\Desenvolvimento\Projetos\TradutorDGames\[Kimochi] RJ01696894,www\data\Map002.json,0,.json,utf-8-sig,cjk,rpgmaker_map,95,$.events[10].pages[1].list[72].parameters[0],1,小林
T000176,B0001,D:\Dev\Desenvolvimento\Projetos\TradutorDGames\[Kimochi] RJ01696894,www\data\Map002.json,0,.json,utf-8-sig,"cjk,kana",rpgmaker_map,95,$.events[10].pages[1].list[73].parameters[0],1,「頭おかしくなるっ……♥♥」
T000177,B0001,D:\Dev\Desenvolvimento\Projetos\TradutorDGames\[Kimochi] RJ01696894,www\data\Map002.json,0,.json,utf-8-sig,cjk,rpgmaker_map,95,$.events[10].pages[1].list[75].parameters[0],1,小林
T000178,B0001,D:\Dev\Desenvolvimento\Projetos\TradutorDGames\[Kimochi] RJ01696894,www\data\Map002.json,0,.json,utf-8-sig,kana,rpgmaker_map,95,$.events[10].pages[1].list[76].parameters[0],1,「んんぁっ……♥♥
T000179,B0001,D:\Dev\Desenvolvimento\Projetos\TradutorDGames\[Kimochi] RJ01696894,www\data\Map002.json,0,.json,utf-8-sig,kana,rpgmaker_map,95,$.events[10].pages[1].list[77].parameters[0],1,も、もう……♥やめっ……♥♥」
T000180,B0001,D:\Dev\Desenvolvimento\Projetos\TradutorDGames\[Kimochi] RJ01696894,www\data\Map002.json,0,.json,utf-8-sig,cjk,rpgmaker_map,95,$.events[10].pages[1].list[79].parameters[0],1,小林
T000181,B0001,D:\Dev\Desenvolvimento\Projetos\TradutorDGames\[Kimochi] RJ01696894,www\data\Map002.json,0,.json,utf-8-sig,kana,rpgmaker_map,95,$.events[10].pages[1].list[80].parameters[0],1,「いきころされるぅっ……♥♥」
T000182,B0001,D:\Dev\Desenvolvimento\Projetos\TradutorDGames\[Kimochi] RJ01696894,www\data\Map002.json,0,.json,utf-8-sig,cjk,rpgmaker_map,95,$.events[10].pages[1].list[82].parameters[0],1,小林
T000183,B0001,D:\Dev\Desenvolvimento\Projetos\TradutorDGames\[Kimochi] RJ01696894,www\data\Map002.json,0,.json,utf-8-sig,kana,rpgmaker_map,95,$.events[10].pages[1].list[83].parameters[0],1,「あぁっ……♥ま、また……♥♥」
T000184,B0001,D:\Dev\Desenvolvimento\Projetos\TradutorDGames\[Kimochi] RJ01696894,www\data\Map002.json,0,.json,utf-8-sig,cjk,rpgmaker_map,95,$.events[10].pages[1].list[85].parameters[0],1,小林
T000185,B0001,D:\Dev\Desenvolvimento\Projetos\TradutorDGames\[Kimochi] RJ01696894,www\data\Map002.json,0,.json,utf-8-sig,kana,rpgmaker_map,95,$.events[10].pages[1].list[86].parameters[0],1,「い、いくっ……♥♥いくいく……♥♥」
T000186,B0001,D:\Dev\Desenvolvimento\Projetos\TradutorDGames\[Kimochi] RJ01696894,www\data\Map002.json,0,.json,utf-8-sig,cjk,rpgmaker_map,95,$.events[10].pages[1].list[88].parameters[0],1,PA_INIT 9 12 横 0
T000187,B0001,D:\Dev\Desenvolvimento\Projetos\TradutorDGames\[Kimochi] RJ01696894,www\data\Map002.json,0,.json,utf-8-sig,cjk,rpgmaker_map,95,$.events[10].pages[1].list[8].parameters[0],1,小林
T000188,B0001,D:\Dev\Desenvolvimento\Projetos\TradutorDGames\[Kimochi] RJ01696894,www\data\Map002.json,0,.json,utf-8-sig,cjk,rpgmaker_map,95,$.events[10].pages[1].list[96].parameters[0],1,小林
T000189,B0001,D:\Dev\Desenvolvimento\Projetos\TradutorDGames\[Kimochi] RJ01696894,www\data\Map002.json,0,.json,utf-8-sig,kana,rpgmaker_map,95,$.events[10].pages[1].list[97].parameters[0],1,「あぁぁっ……♥♥
T000190,B0001,D:\Dev\Desenvolvimento\Projetos\TradutorDGames\[Kimochi] RJ01696894,www\data\Map002.json,0,.json,utf-8-sig,kana,rpgmaker_map,95,$.events[10].pages[1].list[98].parameters[0],1,んんっ……あああぁっ……♥♥♥」
T000191,B0001,D:\Dev\Desenvolvimento\Projetos\TradutorDGames\[Kimochi] RJ01696894,www\data\Map002.json,0,.json,utf-8-sig,kana,rpgmaker_map,95,$.events[10].pages[1].list[9].parameters[0],1,「わ、わたしも……？
T000192,B0001,D:\Dev\Desenvolvimento\Projetos\TradutorDGames\[Kimochi] RJ01696894,www\data\Map002.json,0,.json,utf-8-sig,"cjk,kana",rpgmaker_map,95,$.events[11].pages[0].list[13].parameters[0],1,重ねた時の処理
T000193,B0001,D:\Dev\Desenvolvimento\Projetos\TradutorDGames\[Kimochi] RJ01696894,www\data\Map002.json,0,.json,utf-8-sig,"cjk,kana",rpgmaker_map,95,$.events[11].pages[0].list[17].parameters[0],1,離した時の処理
T000194,B0001,D:\Dev\Desenvolvimento\Projetos\TradutorDGames\[Kimochi] RJ01696894,www\data\Map002.json,0,.json,utf-8-sig,"cjk,kana",rpgmaker_map,95,$.events[11].pages[0].list[21].parameters[0],1,クリックした時、各イベントのスイッチをオン
T000195,B0001,D:\Dev\Desenvolvimento\Projetos\TradutorDGames\[Kimochi] RJ01696894,www\data\Map002.json,0,.json,utf-8-sig,"cjk,kana",rpgmaker_map,95,$.events[1].pages[0].list[11].parameters[0],1,図書室の奥で静かに読書をしている人がいる。
T000196,B0001,D:\Dev\Desenvolvimento\Projetos\TradutorDGames\[Kimochi] RJ01696894,www\data\Map002.json,0,.json,utf-8-sig,"cjk,kana",rpgmaker_map,95,$.events[1].pages[0].list[12].parameters[0],1,僕と同じクラスの モミジ ちゃんだ。
T000197,B0001,D:\Dev\Desenvolvimento\Projetos\TradutorDGames\[Kimochi] RJ01696894,www\data\Map002.json,0,.json,utf-8-sig,kana,rpgmaker_map,95,$.events[1].pages[0].list[15].parameters[0],1,モミジ
T000198,B0001,D:\Dev\Desenvolvimento\Projetos\TradutorDGames\[Kimochi] RJ01696894,www\data\Map002.json,0,.json,utf-8-sig,"cjk,kana",rpgmaker_map,95,$.events[1].pages[0].list[16].parameters[0],1,「あれ？　なんで夏休みなのに学校にいるの？」
T000199,B0001,D:\Dev\Desenvolvimento\Projetos\TradutorDGames\[Kimochi] RJ01696894,www\data\Map002.json,0,.json,utf-8-sig,kana,rpgmaker_map,95,$.events[1].pages[0].list[19].parameters[0],1,モミジ
T000200,B0001,D:\Dev\Desenvolvimento\Projetos\TradutorDGames\[Kimochi] RJ01696894,www\data\Map002.json,0,.json,utf-8-sig,"cjk,kana",rpgmaker_map,95,$.events[1].pages[0].list[20].parameters[0],1,「私はね、家のクーラーの調子が悪いんだよね
T000201,B0001,D:\Dev\Desenvolvimento\Projetos\TradutorDGames\[Kimochi] RJ01696894,www\data\Map002.json,0,.json,utf-8-sig,"cjk,kana",rpgmaker_map,95,$.events[1].pages[0].list[21].parameters[0],1,ここなら涼しいし」
T000202,B0001,D:\Dev\Desenvolvimento\Projetos\TradutorDGames\[Kimochi] RJ01696894,www\data\Map002.json,0,.json,utf-8-sig,"cjk,kana",rpgmaker_map,95,$.events[1].pages[0].list[25].parameters[0],1,僕は要件を伝える。
T000203,B0001,D:\Dev\Desenvolvimento\Projetos\TradutorDGames\[Kimochi] RJ01696894,www\data\Map002.json,0,.json,utf-8-sig,kana,rpgmaker_map,95,$.events[1].pages[0].list[28].parameters[0],1,モミジ
T000204,B0001,D:\Dev\Desenvolvimento\Projetos\TradutorDGames\[Kimochi] RJ01696894,www\data\Map002.json,0,.json,utf-8-sig,"cjk,kana",rpgmaker_map,95,$.events[1].pages[0].list[30].parameters[0],1,よくわかんないけど、危ないことじゃないならいいよ？」
T000205,B0001,D:\Dev\Desenvolvimento\Projetos\TradutorDGames\[Kimochi] RJ01696894,www\data\Map002.json,0,.json,utf-8-sig,"cjk,kana",rpgmaker_map,95,$.events[1].pages[0].list[36].parameters[0],1,僕は モミジ にアプリをつかった！
T000206,B0001,D:\Dev\Desenvolvimento\Projetos\TradutorDGames\[Kimochi] RJ01696894,www\data\Map002.json,0,.json,utf-8-sig,kana,rpgmaker_map,95,$.events[1].pages[0].list[43].parameters[0],1,モミジ
T000207,B0001,D:\Dev\Desenvolvimento\Projetos\TradutorDGames\[Kimochi] RJ01696894,www\data\Map002.json,0,.json,utf-8-sig,kana,rpgmaker_map,95,$.events[1].pages[0].list[44].parameters[0],1,「あ…………」
T000208,B0001,D:\Dev\Desenvolvimento\Projetos\TradutorDGames\[Kimochi] RJ01696894,www\data\Map002.json,0,.json,utf-8-sig,kana,rpgmaker_map,95,$.events[1].pages[0].list[47].parameters[0],1,"モミジは ""にんしきかいへん"" された！"
T000209,B0001,D:\Dev\Desenvolvimento\Projetos\TradutorDGames\[Kimochi] RJ01696894,www\data\Map002.json,0,.json,utf-8-sig,kana,rpgmaker_map,95,$.events[1].pages[1].list[100].parameters[0],1,「んんっ……
T000210,B0001,D:\Dev\Desenvolvimento\Projetos\TradutorDGames\[Kimochi] RJ01696894,www\data\Map002.json,0,.json,utf-8-sig,kana,rpgmaker_map,95,$.events[1].pages[1].list[101].parameters[0],1,あっ……あぁっ……」
T000211,B0001,D:\Dev\Desenvolvimento\Projetos\TradutorDGames\[Kimochi] RJ01696894,www\data\Map002.json,0,.json,utf-8-sig,kana,rpgmaker_map,95,$.events[1].pages[1].list[112].parameters[0],1,モミジ
T000212,B0001,D:\Dev\Desenvolvimento\Projetos\TradutorDGames\[Kimochi] RJ01696894,www\data\Map002.json,0,.json,utf-8-sig,"cjk,kana",rpgmaker_map,95,$.events[1].pages[1].list[113].parameters[0],1,「な、なんか……すごい気持ちよかった……」
T000213,B0001,D:\Dev\Desenvolvimento\Projetos\TradutorDGames\[Kimochi] RJ01696894,www\data\Map002.json,0,.json,utf-8-sig,kana,rpgmaker_map,95,$.events[1].pages[1].list[116].parameters[0],1,モミジ
T000214,B0001,D:\Dev\Desenvolvimento\Projetos\TradutorDGames\[Kimochi] RJ01696894,www\data\Map002.json,0,.json,utf-8-sig,kana,rpgmaker_map,95,$.events[1].pages[1].list[117].parameters[0],1,「うぅ……なにこのどろどろ……？
T000215,B0001,D:\Dev\Desenvolvimento\Projetos\TradutorDGames\[Kimochi] RJ01696894,www\data\Map002.json,0,.json,utf-8-sig,kana,rpgmaker_map,95,$.events[1].pages[1].list[118].parameters[0],1,あったかい……」
T000216,B0001,D:\Dev\Desenvolvimento\Projetos\TradutorDGames\[Kimochi] RJ01696894,www\data\Map002.json,0,.json,utf-8-sig,kana,rpgmaker_map,95,$.events[1].pages[1].list[120].parameters[0],1,モミジ
T000217,B0001,D:\Dev\Desenvolvimento\Projetos\TradutorDGames\[Kimochi] RJ01696894,www\data\Map002.json,0,.json,utf-8-sig,"cjk,kana",rpgmaker_map,95,$.events[1].pages[1].list[121].parameters[0],1,「え？これが赤ちゃんになるの……？」
T000218,B0001,D:\Dev\Desenvolvimento\Projetos\TradutorDGames\[Kimochi] RJ01696894,www\data\Map002.json,0,.json,utf-8-sig,kana,rpgmaker_map,95,$.events[1].pages[1].list[123].parameters[0],1,モミジ
T000219,B0001,D:\Dev\Desenvolvimento\Projetos\TradutorDGames\[Kimochi] RJ01696894,www\data\Map002.json,0,.json,utf-8-sig,"cjk,kana",rpgmaker_map,95,$.events[1].pages[1].list[124].parameters[0],1,「これで種付け完了なんだ……
T000220,B0001,D:\Dev\Desenvolvimento\Projetos\TradutorDGames\[Kimochi] RJ01696894,www\data\Map002.json,0,.json,utf-8-sig,kana,rpgmaker_map,95,$.events[1].pages[1].list[125].parameters[0],1,へー……」
T000221,B0001,D:\Dev\Desenvolvimento\Projetos\TradutorDGames\[Kimochi] RJ01696894,www\data\Map002.json,0,.json,utf-8-sig,kana,rpgmaker_map,95,$.events[1].pages[1].list[128].parameters[0],1,モミジ
T000222,B0001,D:\Dev\Desenvolvimento\Projetos\TradutorDGames\[Kimochi] RJ01696894,www\data\Map002.json,0,.json,utf-8-sig,kana,rpgmaker_map,95,$.events[1].pages[1].list[12].parameters[0],1,モミジ
T000223,B0001,D:\Dev\Desenvolvimento\Projetos\TradutorDGames\[Kimochi] RJ01696894,www\data\Map002.json,0,.json,utf-8-sig,kana,rpgmaker_map,95,$.events[1].pages[1].list[132].parameters[0],1,モミジ
T000224,B0001,D:\Dev\Desenvolvimento\Projetos\TradutorDGames\[Kimochi] RJ01696894,www\data\Map002.json,0,.json,utf-8-sig,kana,rpgmaker_map,95,$.events[1].pages[1].list[133].parameters[0],1,「……ね、ねえ？
T000225,B0001,D:\Dev\Desenvolvimento\Projetos\TradutorDGames\[Kimochi] RJ01696894,www\data\Map002.json,0,.json,utf-8-sig,"cjk,kana",rpgmaker_map,95,$.events[1].pages[1].list[134].parameters[0],1,また今度これ……やらない？
T000226,B0001,D:\Dev\Desenvolvimento\Projetos\TradutorDGames\[Kimochi] RJ01696894,www\data\Map002.json,0,.json,utf-8-sig,"cjk,kana",rpgmaker_map,95,$.events[1].pages[1].list[135].parameters[0],1,嫌だったらいいけど……」
T000227,B0001,D:\Dev\Desenvolvimento\Projetos\TradutorDGames\[Kimochi] RJ01696894,www\data\Map002.json,0,.json,utf-8-sig,"cjk,kana",rpgmaker_map,95,$.events[1].pages[1].list[139].parameters[0],1,僕は モミジ に種付けした！
T000228,B0001,D:\Dev\Desenvolvimento\Projetos\TradutorDGames\[Kimochi] RJ01696894,www\data\Map002.json,0,.json,utf-8-sig,"cjk,kana",rpgmaker_map,95,$.events[1].pages[1].list[13].parameters[0],1,「私やり方分からないけど大丈夫？」
T000229,B0001,D:\Dev\Desenvolvimento\Projetos\TradutorDGames\[Kimochi] RJ01696894,www\data\Map002.json,0,.json,utf-8-sig,cjk,rpgmaker_map,95,$.events[1].pages[1].list[16].parameters[0],1,PA_INIT 7 12 横 0
T000230,B0001,D:\Dev\Desenvolvimento\Projetos\TradutorDGames\[Kimochi] RJ01696894,www\data\Map002.json,0,.json,utf-8-sig,kana,rpgmaker_map,95,$.events[1].pages[1].list[20].parameters[0],1,モミジ
T000231,B0001,D:\Dev\Desenvolvimento\Projetos\TradutorDGames\[Kimochi] RJ01696894,www\data\Map002.json,0,.json,utf-8-sig,kana,rpgmaker_map,95,$.events[1].pages[1].list[21].parameters[0],1,「こ、こうしてればいいの……？」
T000232,B0001,D:\Dev\Desenvolvimento\Projetos\TradutorDGames\[Kimochi] RJ01696894,www\data\Map002.json,0,.json,utf-8-sig,kana,rpgmaker_map,95,$.events[1].pages[1].list[23].parameters[0],1,モミジ
T000233,B0001,D:\Dev\Desenvolvimento\Projetos\TradutorDGames\[Kimochi] RJ01696894,www\data\Map002.json,0,.json,utf-8-sig,kana,rpgmaker_map,95,$.events[1].pages[1].list[24].parameters[0],1,「あ、お、おちんちん……？
T000234,B0001,D:\Dev\Desenvolvimento\Projetos\TradutorDGames\[Kimochi] RJ01696894,www\data\Map002.json,0,.json,utf-8-sig,kana,rpgmaker_map,95,$.events[1].pages[1].list[25].parameters[0],1,ここにいれるの……？」
T000235,B0001,D:\Dev\Desenvolvimento\Projetos\TradutorDGames\[Kimochi] RJ01696894,www\data\Map002.json,0,.json,utf-8-sig,kana,rpgmaker_map,95,$.events[1].pages[1].list[27].parameters[0],1,モミジ
T000236,B0001,D:\Dev\Desenvolvimento\Projetos\TradutorDGames\[Kimochi] RJ01696894,www\data\Map002.json,0,.json,utf-8-sig,kana,rpgmaker_map,95,$.events[1].pages[1].list[28].parameters[0],1,「こ、これさ……
T000237,B0001,D:\Dev\Desenvolvimento\Projetos\TradutorDGames\[Kimochi] RJ01696894,www\data\Map002.json,0,.json,utf-8-sig,"cjk,kana",rpgmaker_map,95,$.events[1].pages[1].list[29].parameters[0],1,大人の人がやるやつ……じゃない？」
T000238,B0001,D:\Dev\Desenvolvimento\Projetos\TradutorDGames\[Kimochi] RJ01696894,www\data\Map002.json,0,.json,utf-8-sig,kana,rpgmaker_map,95,$.events[1].pages[1].list[31].parameters[0],1,モミジ
T000239,B0001,D:\Dev\Desenvolvimento\Projetos\TradutorDGames\[Kimochi] RJ01696894,www\data\Map002.json,0,.json,utf-8-sig,kana,rpgmaker_map,95,$.events[1].pages[1].list[32].parameters[0],1,「なんか……
T000240,B0001,D:\Dev\Desenvolvimento\Projetos\TradutorDGames\[Kimochi] RJ01696894,www\data\Map002.json,0,.json,utf-8-sig,"cjk,kana",rpgmaker_map,95,$.events[1].pages[1].list[33].parameters[0],1,やったら、ダメな気が……」
T000241,B0001,D:\Dev\Desenvolvimento\Projetos\TradutorDGames\[Kimochi] RJ01696894,www\data\Map002.json,0,.json,utf-8-sig,kana,rpgmaker_map,95,$.events[1].pages[1].list[38].parameters[0],1,モミジ
T000242,B0001,D:\Dev\Desenvolvimento\Projetos\TradutorDGames\[Kimochi] RJ01696894,www\data\Map002.json,0,.json,utf-8-sig,kana,rpgmaker_map,95,$.events[1].pages[1].list[39].parameters[0],1,「あっ……いっ……！」
T000243,B0001,D:\Dev\Desenvolvimento\Projetos\TradutorDGames\[Kimochi] RJ01696894,www\data\Map002.json,0,.json,utf-8-sig,kana,rpgmaker_map,95,$.events[1].pages[1].list[3].parameters[0],1,モミジ
T000244,B0001,D:\Dev\Desenvolvimento\Projetos\TradutorDGames\[Kimochi] RJ01696894,www\data\Map002.json,0,.json,utf-8-sig,kana,rpgmaker_map,95,$.events[1].pages[1].list[41].parameters[0],1,モミジ
T000245,B0001,D:\Dev\Desenvolvimento\Projetos\TradutorDGames\[Kimochi] RJ01696894,www\data\Map002.json,0,.json,utf-8-sig,"cjk,kana",rpgmaker_map,95,$.events[1].pages[1].list[42].parameters[0],1,「は……入っ……ちゃった……！」
T000246,B0001,D:\Dev\Desenvolvimento\Projetos\TradutorDGames\[Kimochi] RJ01696894,www\data\Map002.json,0,.json,utf-8-sig,kana,rpgmaker_map,95,$.events[1].pages[1].list[44].parameters[0],1,モミジ
T000247,B0001,D:\Dev\Desenvolvimento\Projetos\TradutorDGames\[Kimochi] RJ01696894,www\data\Map002.json,0,.json,utf-8-sig,"cjk,kana",rpgmaker_map,95,$.events[1].pages[1].list[45].parameters[0],1,「痛くは……無いけど……
T000248,B0001,D:\Dev\Desenvolvimento\Projetos\TradutorDGames\[Kimochi] RJ01696894,www\data\Map002.json,0,.json,utf-8-sig,kana,rpgmaker_map,95,$.events[1].pages[1].list[46].parameters[0],1,なんかへんなかんじ……？」
T000249,B0001,D:\Dev\Desenvolvimento\Projetos\TradutorDGames\[Kimochi] RJ01696894,www\data\Map002.json,0,.json,utf-8-sig,cjk,rpgmaker_map,95,$.events[1].pages[1].list[47].parameters[0],1,PA_INIT 4 12 横 0
T000250,B0001,D:\Dev\Desenvolvimento\Projetos\TradutorDGames\[Kimochi] RJ01696894,www\data\Map002.json,0,.json,utf-8-sig,kana,rpgmaker_map,95,$.events[1].pages[1].list[53].parameters[0],1,モミジ
T000251,B0001,D:\Dev\Desenvolvimento\Projetos\TradutorDGames\[Kimochi] RJ01696894,www\data\Map002.json,0,.json,utf-8-sig,kana,rpgmaker_map,95,$.events[1].pages[1].list[54].parameters[0],1,「なっ……、あっ、あぁっ……」
T000252,B0001,D:\Dev\Desenvolvimento\Projetos\TradutorDGames\[Kimochi] RJ01696894,www\data\Map002.json,0,.json,utf-8-sig,kana,rpgmaker_map,95,$.events[1].pages[1].list[56].parameters[0],1,モミジ
T000253,B0001,D:\Dev\Desenvolvimento\Projetos\TradutorDGames\[Kimochi] RJ01696894,www\data\Map002.json,0,.json,utf-8-sig,kana,rpgmaker_map,95,$.events[1].pages[1].list[57].parameters[0],1,「なっ……なにこれっ……
T000254,B0001,D:\Dev\Desenvolvimento\Projetos\TradutorDGames\[Kimochi] RJ01696894,www\data\Map002.json,0,.json,utf-8-sig,kana,rpgmaker_map,95,$.events[1].pages[1].list[58].parameters[0],1,なんかっ……これっ……！」
T000255,B0001,D:\Dev\Desenvolvimento\Projetos\TradutorDGames\[Kimochi] RJ01696894,www\data\Map002.json,0,.json,utf-8-sig,kana,rpgmaker_map,95,$.events[1].pages[1].list[60].parameters[0],1,モミジ
T000256,B0001,D:\Dev\Desenvolvimento\Projetos\TradutorDGames\[Kimochi] RJ01696894,www\data\Map002.json,0,.json,utf-8-sig,"cjk,kana",rpgmaker_map,95,$.events[1].pages[1].list[61].parameters[0],1,「へんなっ……感覚が……
T000257,B0001,D:\Dev\Desenvolvimento\Projetos\TradutorDGames\[Kimochi] RJ01696894,www\data\Map002.json,0,.json,utf-8-sig,kana,rpgmaker_map,95,$.events[1].pages[1].list[62].parameters[0],1,のぼってくるような……」
T000258,B0001,D:\Dev\Desenvolvimento\Projetos\TradutorDGames\[Kimochi] RJ01696894,www\data\Map002.json,0,.json,utf-8-sig,kana,rpgmaker_map,95,$.events[1].pages[1].list[64].parameters[0],1,モミジ
T000259,B0001,D:\Dev\Desenvolvimento\Projetos\TradutorDGames\[Kimochi] RJ01696894,www\data\Map002.json,0,.json,utf-8-sig,kana,rpgmaker_map,95,$.events[1].pages[1].list[65].parameters[0],1,「いっ……あっ……
T000260,B0001,D:\Dev\Desenvolvimento\Projetos\TradutorDGames\[Kimochi] RJ01696894,www\data\Map002.json,0,.json,utf-8-sig,kana,rpgmaker_map,95,$.events[1].pages[1].list[66].parameters[0],1,あぁっ……」
T000261,B0001,D:\Dev\Desenvolvimento\Projetos\TradutorDGames\[Kimochi] RJ01696894,www\data\Map002.json,0,.json,utf-8-sig,kana,rpgmaker_map,95,$.events[1].pages[1].list[68].parameters[0],1,モミジ
T000262,B0001,D:\Dev\Desenvolvimento\Projetos\TradutorDGames\[Kimochi] RJ01696894,www\data\Map002.json,0,.json,utf-8-sig,"cjk,kana",rpgmaker_map,95,$.events[1].pages[1].list[69].parameters[0],1,「おなか……押されるの……
T000263,B0001,D:\Dev\Desenvolvimento\Projetos\TradutorDGames\[Kimochi] RJ01696894,www\data\Map002.json,0,.json,utf-8-sig,kana,rpgmaker_map,95,$.events[1].pages[1].list[70].parameters[0],1,きもちいいかも……？」
T000264,B0001,D:\Dev\Desenvolvimento\Projetos\TradutorDGames\[Kimochi] RJ01696894,www\data\Map002.json,0,.json,utf-8-sig,cjk,rpgmaker_map,95,$.events[1].pages[1].list[71].parameters[0],1,PA_INIT 4 6 横 0
T000265,B0001,D:\Dev\Desenvolvimento\Projetos\TradutorDGames\[Kimochi] RJ01696894,www\data\Map002.json,0,.json,utf-8-sig,kana,rpgmaker_map,95,$.events[1].pages[1].list[77].parameters[0],1,モミジ
T000266,B0001,D:\Dev\Desenvolvimento\Projetos\TradutorDGames\[Kimochi] RJ01696894,www\data\Map002.json,0,.json,utf-8-sig,kana,rpgmaker_map,95,$.events[1].pages[1].list[78].parameters[0],1,「なっ……あぁっ……！」
T000267,B0001,D:\Dev\Desenvolvimento\Projetos\TradutorDGames\[Kimochi] RJ01696894,www\data\Map002.json,0,.json,utf-8-sig,kana,rpgmaker_map,95,$.events[1].pages[1].list[7].parameters[0],1,モミジ
T000268,B0001,D:\Dev\Desenvolvimento\Projetos\TradutorDGames\[Kimochi] RJ01696894,www\data\Map002.json,0,.json,utf-8-sig,kana,rpgmaker_map,95,$.events[1].pages[1].list[80].parameters[0],1,モミジ
T000269,B0001,D:\Dev\Desenvolvimento\Projetos\TradutorDGames\[Kimochi] RJ01696894,www\data\Map002.json,0,.json,utf-8-sig,kana,rpgmaker_map,95,$.events[1].pages[1].list[81].parameters[0],1,「だ、だめっ……！
T000270,B0001,D:\Dev\Desenvolvimento\Projetos\TradutorDGames\[Kimochi] RJ01696894,www\data\Map002.json,0,.json,utf-8-sig,kana,rpgmaker_map,95,$.events[1].pages[1].list[82].parameters[0],1,なんかこれ……、おかしいっ……！？」
T000271,B0001,D:\Dev\Desenvolvimento\Projetos\TradutorDGames\[Kimochi] RJ01696894,www\data\Map002.json,0,.json,utf-8-sig,kana,rpgmaker_map,95,$.events[1].pages[1].list[84].parameters[0],1,モミジ
T000272,B0001,D:\Dev\Desenvolvimento\Projetos\TradutorDGames\[Kimochi] RJ01696894,www\data\Map002.json,0,.json,utf-8-sig,kana,rpgmaker_map,95,$.events[1].pages[1].list[85].parameters[0],1,「な、なんか……きちゃう……！
T000273,B0001,D:\Dev\Desenvolvimento\Projetos\TradutorDGames\[Kimochi] RJ01696894,www\data\Map002.json,0,.json,utf-8-sig,kana,rpgmaker_map,95,$.events[1].pages[1].list[86].parameters[0],1,きもちいいのきちゃう……！？」
T000274,B0001,D:\Dev\Desenvolvimento\Projetos\TradutorDGames\[Kimochi] RJ01696894,www\data\Map002.json,0,.json,utf-8-sig,kana,rpgmaker_map,95,$.events[1].pages[1].list[88].parameters[0],1,モミジ
T000275,B0001,D:\Dev\Desenvolvimento\Projetos\TradutorDGames\[Kimochi] RJ01696894,www\data\Map002.json,0,.json,utf-8-sig,kana,rpgmaker_map,95,$.events[1].pages[1].list[89].parameters[0],1,「あっ……！いぁっ……！？」
T000276,B0001,D:\Dev\Desenvolvimento\Projetos\TradutorDGames\[Kimochi] RJ01696894,www\data\Map002.json,0,.json,utf-8-sig,"cjk,kana",rpgmaker_map,95,$.events[1].pages[1].list[8].parameters[0],1,「えーと、わたしもその種付け……？
T000277,B0001,D:\Dev\Desenvolvimento\Projetos\TradutorDGames\[Kimochi] RJ01696894,www\data\Map002.json,0,.json,utf-8-sig,cjk,rpgmaker_map,95,$.events[1].pages[1].list[91].parameters[0],1,PA_INIT 9 12 横 0
T000278,B0001,D:\Dev\Desenvolvimento\Projetos\TradutorDGames\[Kimochi] RJ01696894,www\data\Map002.json,0,.json,utf-8-sig,kana,rpgmaker_map,95,$.events[1].pages[1].list[99].parameters[0],1,モミジ
T000279,B0001,D:\Dev\Desenvolvimento\Projetos\TradutorDGames\[Kimochi] RJ01696894,www\data\Map002.json,0,.json,utf-8-sig,"cjk,kana",rpgmaker_map,95,$.events[1].pages[1].list[9].parameters[0],1,に協力しないといけないんだよね？」
T000280,B0001,D:\Dev\Desenvolvimento\Projetos\TradutorDGames\[Kimochi] RJ01696894,www\data\Map002.json,0,.json,utf-8-sig,"cjk,kana",rpgmaker_map,95,$.events[2].pages[0].list[11].parameters[0],1,姉の部屋にいくと部活から
T000281,B0001,D:\Dev\Desenvolvimento\Projetos\TradutorDGames\[Kimochi] RJ01696894,www\data\Map002.json,0,.json,utf-8-sig,"cjk,kana",rpgmaker_map,95,$.events[2].pages[0].list[12].parameters[0],1,帰ってきたばかりの姉がいた。
T000282,B0001,D:\Dev\Desenvolvimento\Projetos\TradutorDGames\[Kimochi] RJ01696894,www\data\Map002.json,0,.json,utf-8-sig,kana,rpgmaker_map,95,$.events[2].pages[0].list[15].parameters[0],1,ナツメ
T000283,B0001,D:\Dev\Desenvolvimento\Projetos\TradutorDGames\[Kimochi] RJ01696894,www\data\Map002.json,0,.json,utf-8-sig,kana,rpgmaker_map,95,$.events[2].pages[0].list[16].parameters[0],1,「んー？なにー？」
T000284,B0001,D:\Dev\Desenvolvimento\Projetos\TradutorDGames\[Kimochi] RJ01696894,www\data\Map002.json,0,.json,utf-8-sig,kana,rpgmaker_map,95,$.events[2].pages[0].list[19].parameters[0],1,ナツメ
T000285,B0001,D:\Dev\Desenvolvimento\Projetos\TradutorDGames\[Kimochi] RJ01696894,www\data\Map002.json,0,.json,utf-8-sig,"cjk,kana",rpgmaker_map,95,$.events[2].pages[0].list[20].parameters[0],1,「アプリ？またへんなもの見つけてきたな……？」
T000286,B0001,D:\Dev\Desenvolvimento\Projetos\TradutorDGames\[Kimochi] RJ01696894,www\data\Map002.json,0,.json,utf-8-sig,kana,rpgmaker_map,95,$.events[2].pages[0].list[23].parameters[0],1,ナツメ
T000287,B0001,D:\Dev\Desenvolvimento\Projetos\TradutorDGames\[Kimochi] RJ01696894,www\data\Map002.json,0,.json,utf-8-sig,kana,rpgmaker_map,95,$.events[2].pages[0].list[24].parameters[0],1,「まあいいけど……」
T000288,B0001,D:\Dev\Desenvolvimento\Projetos\TradutorDGames\[Kimochi] RJ01696894,www\data\Map002.json,0,.json,utf-8-sig,"cjk,kana",rpgmaker_map,95,$.events[2].pages[0].list[29].parameters[0],1,僕は ナツメ にアプリをつかった！
T000289,B0001,D:\Dev\Desenvolvimento\Projetos\TradutorDGames\[Kimochi] RJ01696894,www\data\Map002.json,0,.json,utf-8-sig,kana,rpgmaker_map,95,$.events[2].pages[0].list[36].parameters[0],1,ナツメ
T000290,B0001,D:\Dev\Desenvolvimento\Projetos\TradutorDGames\[Kimochi] RJ01696894,www\data\Map002.json,0,.json,utf-8-sig,kana,rpgmaker_map,95,$.events[2].pages[0].list[40].parameters[0],1,ナツメは にんしきかいへん された！
T000291,B0001,D:\Dev\Desenvolvimento\Projetos\TradutorDGames\[Kimochi] RJ01696894,www\data\Map002.json,0,.json,utf-8-sig,kana,rpgmaker_map,95,$.events[2].pages[1].list[100].parameters[0],1,「こうやっておちんちんを……
T000292,B0001,D:\Dev\Desenvolvimento\Projetos\TradutorDGames\[Kimochi] RJ01696894,www\data\Map002.json,0,.json,utf-8-sig,"cjk,kana",rpgmaker_map,95,$.events[2].pages[1].list[101].parameters[0],1,おまんこに入れて擦るだけだからっ……」
T000293,B0001,D:\Dev\Desenvolvimento\Projetos\TradutorDGames\[Kimochi] RJ01696894,www\data\Map002.json,0,.json,utf-8-sig,kana,rpgmaker_map,95,$.events[2].pages[1].list[103].parameters[0],1,ナツメ
T000294,B0001,D:\Dev\Desenvolvimento\Projetos\TradutorDGames\[Kimochi] RJ01696894,www\data\Map002.json,0,.json,utf-8-sig,"cjk,kana",rpgmaker_map,95,$.events[2].pages[1].list[104].parameters[0],1,「あとは気持ちよくなってっ……
T000295,B0001,D:\Dev\Desenvolvimento\Projetos\TradutorDGames\[Kimochi] RJ01696894,www\data\Map002.json,0,.json,utf-8-sig,kana,rpgmaker_map,95,$.events[2].pages[1].list[105].parameters[0],1,んっ……」
T000296,B0001,D:\Dev\Desenvolvimento\Projetos\TradutorDGames\[Kimochi] RJ01696894,www\data\Map002.json,0,.json,utf-8-sig,kana,rpgmaker_map,95,$.events[2].pages[1].list[107].parameters[0],1,ナツメ
T000297,B0001,D:\Dev\Desenvolvimento\Projetos\TradutorDGames\[Kimochi] RJ01696894,www\data\Map002.json,0,.json,utf-8-sig,"cjk,kana",rpgmaker_map,95,$.events[2].pages[1].list[108].parameters[0],1,「お腹の中に
T000298,B0001,D:\Dev\Desenvolvimento\Projetos\TradutorDGames\[Kimochi] RJ01696894,www\data\Map002.json,0,.json,utf-8-sig,"cjk,kana",rpgmaker_map,95,$.events[2].pages[1].list[109].parameters[0],1,せーしを出すだけだからっ……」
T000299,B0001,D:\Dev\Desenvolvimento\Projetos\TradutorDGames\[Kimochi] RJ01696894,www\data\Map002.json,0,.json,utf-8-sig,cjk,rpgmaker_map,95,$.events[2].pages[1].list[110].parameters[0],1,PA_INIT 4 6 横 0
T000300,B0001,D:\Dev\Desenvolvimento\Projetos\TradutorDGames\[Kimochi] RJ01696894,www\data\Map002.json,0,.json,utf-8-sig,kana,rpgmaker_map,95,$.events[2].pages[1].list[116].parameters[0],1,ナツメ
T000301,B0001,D:\Dev\Desenvolvimento\Projetos\TradutorDGames\[Kimochi] RJ01696894,www\data\Map002.json,0,.json,utf-8-sig,kana,rpgmaker_map,95,$.events[2].pages[1].list[117].parameters[0],1,「ど、どう……？でそう……？」
T000302,B0001,D:\Dev\Desenvolvimento\Projetos\TradutorDGames\[Kimochi] RJ01696894,www\data\Map002.json,0,.json,utf-8-sig,kana,rpgmaker_map,95,$.events[2].pages[1].list[119].parameters[0],1,ナツメ
T000303,B0001,D:\Dev\Desenvolvimento\Projetos\TradutorDGames\[Kimochi] RJ01696894,www\data\Map002.json,0,.json,utf-8-sig,kana,rpgmaker_map,95,$.events[2].pages[1].list[120].parameters[0],1,「でそうなら……！
T000304,B0001,D:\Dev\Desenvolvimento\Projetos\TradutorDGames\[Kimochi] RJ01696894,www\data\Map002.json,0,.json,utf-8-sig,"cjk,kana",rpgmaker_map,95,$.events[2].pages[1].list[121].parameters[0],1,そのまま中にだしてっ……」
T000305,B0001,D:\Dev\Desenvolvimento\Projetos\TradutorDGames\[Kimochi] RJ01696894,www\data\Map002.json,0,.json,utf-8-sig,kana,rpgmaker_map,95,$.events[2].pages[1].list[123].parameters[0],1,ナツメ
T000306,B0001,D:\Dev\Desenvolvimento\Projetos\TradutorDGames\[Kimochi] RJ01696894,www\data\Map002.json,0,.json,utf-8-sig,kana,rpgmaker_map,95,$.events[2].pages[1].list[124].parameters[0],1,「んっ……んっ……」
T000307,B0001,D:\Dev\Desenvolvimento\Projetos\TradutorDGames\[Kimochi] RJ01696894,www\data\Map002.json,0,.json,utf-8-sig,cjk,rpgmaker_map,95,$.events[2].pages[1].list[126].parameters[0],1,PA_INIT 8 12 横 0
T000308,B0001,D:\Dev\Desenvolvimento\Projetos\TradutorDGames\[Kimochi] RJ01696894,www\data\Map002.json,0,.json,utf-8-sig,kana,rpgmaker_map,95,$.events[2].pages[1].list[12].parameters[0],1,ナツメ
T000309,B0001,D:\Dev\Desenvolvimento\Projetos\TradutorDGames\[Kimochi] RJ01696894,www\data\Map002.json,0,.json,utf-8-sig,kana,rpgmaker_map,95,$.events[2].pages[1].list[134].parameters[0],1,ナツメ
T000310,B0001,D:\Dev\Desenvolvimento\Projetos\TradutorDGames\[Kimochi] RJ01696894,www\data\Map002.json,0,.json,utf-8-sig,kana,rpgmaker_map,95,$.events[2].pages[1].list[135].parameters[0],1,「んっ……あぁっ……」
T000311,B0001,D:\Dev\Desenvolvimento\Projetos\TradutorDGames\[Kimochi] RJ01696894,www\data\Map002.json,0,.json,utf-8-sig,"cjk,kana",rpgmaker_map,95,$.events[2].pages[1].list[13].parameters[0],1,「私があんたに ”種付け”
T000312,B0001,D:\Dev\Desenvolvimento\Projetos\TradutorDGames\[Kimochi] RJ01696894,www\data\Map002.json,0,.json,utf-8-sig,kana,rpgmaker_map,95,$.events[2].pages[1].list[146].parameters[0],1,ナツメ
T000313,B0001,D:\Dev\Desenvolvimento\Projetos\TradutorDGames\[Kimochi] RJ01696894,www\data\Map002.json,0,.json,utf-8-sig,kana,rpgmaker_map,95,$.events[2].pages[1].list[147].parameters[0],1,「はぁ……ふぅ……
T000314,B0001,D:\Dev\Desenvolvimento\Projetos\TradutorDGames\[Kimochi] RJ01696894,www\data\Map002.json,0,.json,utf-8-sig,kana,rpgmaker_map,95,$.events[2].pages[1].list[148].parameters[0],1,あっつ…………」
T000315,B0001,D:\Dev\Desenvolvimento\Projetos\TradutorDGames\[Kimochi] RJ01696894,www\data\Map002.json,0,.json,utf-8-sig,kana,rpgmaker_map,95,$.events[2].pages[1].list[14].parameters[0],1,してもらわないといけないんだっけ」
T000316,B0001,D:\Dev\Desenvolvimento\Projetos\TradutorDGames\[Kimochi] RJ01696894,www\data\Map002.json,0,.json,utf-8-sig,kana,rpgmaker_map,95,$.events[2].pages[1].list[151].parameters[0],1,ナツメ
T000317,B0001,D:\Dev\Desenvolvimento\Projetos\TradutorDGames\[Kimochi] RJ01696894,www\data\Map002.json,0,.json,utf-8-sig,"cjk,kana",rpgmaker_map,95,$.events[2].pages[1].list[152].parameters[0],1,「てかすごい出したね……
T000318,B0001,D:\Dev\Desenvolvimento\Projetos\TradutorDGames\[Kimochi] RJ01696894,www\data\Map002.json,0,.json,utf-8-sig,"cjk,kana",rpgmaker_map,95,$.events[2].pages[1].list[153].parameters[0],1,これなら一発で種付けできたんじゃない？」
T000319,B0001,D:\Dev\Desenvolvimento\Projetos\TradutorDGames\[Kimochi] RJ01696894,www\data\Map002.json,0,.json,utf-8-sig,kana,rpgmaker_map,95,$.events[2].pages[1].list[156].parameters[0],1,ナツメ
T000320,B0001,D:\Dev\Desenvolvimento\Projetos\TradutorDGames\[Kimochi] RJ01696894,www\data\Map002.json,0,.json,utf-8-sig,"cjk,kana",rpgmaker_map,95,$.events[2].pages[1].list[157].parameters[0],1,「じゃあ……だいたいこんな感じだから……」
T000321,B0001,D:\Dev\Desenvolvimento\Projetos\TradutorDGames\[Kimochi] RJ01696894,www\data\Map002.json,0,.json,utf-8-sig,kana,rpgmaker_map,95,$.events[2].pages[1].list[159].parameters[0],1,ナツメ
T000322,B0001,D:\Dev\Desenvolvimento\Projetos\TradutorDGames\[Kimochi] RJ01696894,www\data\Map002.json,0,.json,utf-8-sig,"cjk,kana",rpgmaker_map,95,$.events[2].pages[1].list[160].parameters[0],1,「これからも女の子いっぱい
T000323,B0001,D:\Dev\Desenvolvimento\Projetos\TradutorDGames\[Kimochi] RJ01696894,www\data\Map002.json,0,.json,utf-8-sig,"cjk,kana",rpgmaker_map,95,$.events[2].pages[1].list[161].parameters[0],1,孕ませるために
T000324,B0001,D:\Dev\Desenvolvimento\Projetos\TradutorDGames\[Kimochi] RJ01696894,www\data\Map002.json,0,.json,utf-8-sig,"cjk,kana",rpgmaker_map,95,$.events[2].pages[1].list[162].parameters[0],1,種付け頑張ってね……」
T000325,B0001,D:\Dev\Desenvolvimento\Projetos\TradutorDGames\[Kimochi] RJ01696894,www\data\Map002.json,0,.json,utf-8-sig,"cjk,kana",rpgmaker_map,95,$.events[2].pages[1].list[166].parameters[0],1,僕は ナツメ に種付けした！
T000326,B0001,D:\Dev\Desenvolvimento\Projetos\TradutorDGames\[Kimochi] RJ01696894,www\data\Map002.json,0,.json,utf-8-sig,kana,rpgmaker_map,95,$.events[2].pages[1].list[17].parameters[0],1,ナツメ
T000327,B0001,D:\Dev\Desenvolvimento\Projetos\TradutorDGames\[Kimochi] RJ01696894,www\data\Map002.json,0,.json,utf-8-sig,"cjk,kana",rpgmaker_map,95,$.events[2].pages[1].list[18].parameters[0],1,「普通姉弟でとかありえないんだけど……」
T000328,B0001,D:\Dev\Desenvolvimento\Projetos\TradutorDGames\[Kimochi] RJ01696894,www\data\Map002.json,0,.json,utf-8-sig,kana,rpgmaker_map,95,$.events[2].pages[1].list[21].parameters[0],1,ナツメ
T000329,B0001,D:\Dev\Desenvolvimento\Projetos\TradutorDGames\[Kimochi] RJ01696894,www\data\Map002.json,0,.json,utf-8-sig,"cjk,kana",rpgmaker_map,95,$.events[2].pages[1].list[22].parameters[0],1,「そういう決まりになったんだから
T000330,B0001,D:\Dev\Desenvolvimento\Projetos\TradutorDGames\[Kimochi] RJ01696894,www\data\Map002.json,0,.json,utf-8-sig,"cjk,kana",rpgmaker_map,95,$.events[2].pages[1].list[23].parameters[0],1,仕方ないか……」
T000331,B0001,D:\Dev\Desenvolvimento\Projetos\TradutorDGames\[Kimochi] RJ01696894,www\data\Map002.json,0,.json,utf-8-sig,kana,rpgmaker_map,95,$.events[2].pages[1].list[26].parameters[0],1,ナツメ
T000332,B0001,D:\Dev\Desenvolvimento\Projetos\TradutorDGames\[Kimochi] RJ01696894,www\data\Map002.json,0,.json,utf-8-sig,"cjk,kana",rpgmaker_map,95,$.events[2].pages[1].list[27].parameters[0],1,「でもあんたやり方知らないよね？」
T000333,B0001,D:\Dev\Desenvolvimento\Projetos\TradutorDGames\[Kimochi] RJ01696894,www\data\Map002.json,0,.json,utf-8-sig,kana,rpgmaker_map,95,$.events[2].pages[1].list[29].parameters[0],1,ナツメ
T000334,B0001,D:\Dev\Desenvolvimento\Projetos\TradutorDGames\[Kimochi] RJ01696894,www\data\Map002.json,0,.json,utf-8-sig,kana,rpgmaker_map,95,$.events[2].pages[1].list[30].parameters[0],1,「しょうがないなぁ……
T000335,B0001,D:\Dev\Desenvolvimento\Projetos\TradutorDGames\[Kimochi] RJ01696894,www\data\Map002.json,0,.json,utf-8-sig,"cjk,kana",rpgmaker_map,95,$.events[2].pages[1].list[31].parameters[0],1,ちょっと説明するね」
T000336,B0001,D:\Dev\Desenvolvimento\Projetos\TradutorDGames\[Kimochi] RJ01696894,www\data\Map002.json,0,.json,utf-8-sig,cjk,rpgmaker_map,95,$.events[2].pages[1].list[34].parameters[0],1,PA_INIT 4 30 横 0
T000337,B0001,D:\Dev\Desenvolvimento\Projetos\TradutorDGames\[Kimochi] RJ01696894,www\data\Map002.json,0,.json,utf-8-sig,kana,rpgmaker_map,95,$.events[2].pages[1].list[39].parameters[0],1,ナツメ
T000338,B0001,D:\Dev\Desenvolvimento\Projetos\TradutorDGames\[Kimochi] RJ01696894,www\data\Map002.json,0,.json,utf-8-sig,kana,rpgmaker_map,95,$.events[2].pages[1].list[3].parameters[0],1,ナツメ
T000339,B0001,D:\Dev\Desenvolvimento\Projetos\TradutorDGames\[Kimochi] RJ01696894,www\data\Map002.json,0,.json,utf-8-sig,"cjk,kana",rpgmaker_map,95,$.events[2].pages[1].list[40].parameters[0],1,「ほら、見える？女の子はね、
T000340,B0001,D:\Dev\Desenvolvimento\Projetos\TradutorDGames\[Kimochi] RJ01696894,www\data\Map002.json,0,.json,utf-8-sig,"cjk,kana",rpgmaker_map,95,$.events[2].pages[1].list[41].parameters[0],1,ここにおちんちんを入れるための
T000341,B0001,D:\Dev\Desenvolvimento\Projetos\TradutorDGames\[Kimochi] RJ01696894,www\data\Map002.json,0,.json,utf-8-sig,"cjk,kana",rpgmaker_map,95,$.events[2].pages[1].list[42].parameters[0],1,穴が開いてるの」
T000342,B0001,D:\Dev\Desenvolvimento\Projetos\TradutorDGames\[Kimochi] RJ01696894,www\data\Map002.json,0,.json,utf-8-sig,kana,rpgmaker_map,95,$.events[2].pages[1].list[44].parameters[0],1,ナツメ
T000343,B0001,D:\Dev\Desenvolvimento\Projetos\TradutorDGames\[Kimochi] RJ01696894,www\data\Map002.json,0,.json,utf-8-sig,"cjk,kana",rpgmaker_map,95,$.events[2].pages[1].list[45].parameters[0],1,「ここにおちんちんから出る
T000344,B0001,D:\Dev\Desenvolvimento\Projetos\TradutorDGames\[Kimochi] RJ01696894,www\data\Map002.json,0,.json,utf-8-sig,"cjk,kana",rpgmaker_map,95,$.events[2].pages[1].list[46].parameters[0],1,”せーし” をたくさん出したら
T000345,B0001,D:\Dev\Desenvolvimento\Projetos\TradutorDGames\[Kimochi] RJ01696894,www\data\Map002.json,0,.json,utf-8-sig,"cjk,kana",rpgmaker_map,95,$.events[2].pages[1].list[47].parameters[0],1,種付け完了だから……」
T000346,B0001,D:\Dev\Desenvolvimento\Projetos\TradutorDGames\[Kimochi] RJ01696894,www\data\Map002.json,0,.json,utf-8-sig,kana,rpgmaker_map,95,$.events[2].pages[1].list[49].parameters[0],1,ナツメ
T000347,B0001,D:\Dev\Desenvolvimento\Projetos\TradutorDGames\[Kimochi] RJ01696894,www\data\Map002.json,0,.json,utf-8-sig,kana,rpgmaker_map,95,$.events[2].pages[1].list[4].parameters[0],1,「ん……
T000348,B0001,D:\Dev\Desenvolvimento\Projetos\TradutorDGames\[Kimochi] RJ01696894,www\data\Map002.json,0,.json,utf-8-sig,kana,rpgmaker_map,95,$.events[2].pages[1].list[50].parameters[0],1,「とりあえずやってみよっか」
T000349,B0001,D:\Dev\Desenvolvimento\Projetos\TradutorDGames\[Kimochi] RJ01696894,www\data\Map002.json,0,.json,utf-8-sig,kana,rpgmaker_map,95,$.events[2].pages[1].list[52].parameters[0],1,ナツメ
T000350,B0001,D:\Dev\Desenvolvimento\Projetos\TradutorDGames\[Kimochi] RJ01696894,www\data\Map002.json,0,.json,utf-8-sig,"cjk,kana",rpgmaker_map,95,$.events[2].pages[1].list[53].parameters[0],1,「まあ、私も初めてだから
T000351,B0001,D:\Dev\Desenvolvimento\Projetos\TradutorDGames\[Kimochi] RJ01696894,www\data\Map002.json,0,.json,utf-8-sig,"cjk,kana",rpgmaker_map,95,$.events[2].pages[1].list[54].parameters[0],1,上手くできるか分かんないけどね……」
T000352,B0001,D:\Dev\Desenvolvimento\Projetos\TradutorDGames\[Kimochi] RJ01696894,www\data\Map002.json,0,.json,utf-8-sig,"cjk,kana",rpgmaker_map,95,$.events[2].pages[1].list[58].parameters[0],1,僕はよくわからないまま
T000353,B0001,D:\Dev\Desenvolvimento\Projetos\TradutorDGames\[Kimochi] RJ01696894,www\data\Map002.json,0,.json,utf-8-sig,"cjk,kana",rpgmaker_map,95,$.events[2].pages[1].list[59].parameters[0],1,姉にされるがままになった……。
T000354,B0001,D:\Dev\Desenvolvimento\Projetos\TradutorDGames\[Kimochi] RJ01696894,www\data\Map002.json,0,.json,utf-8-sig,"cjk,kana",rpgmaker_map,95,$.events[2].pages[1].list[5].parameters[0],1,あれ……何してたんだっけ？」
T000355,B0001,D:\Dev\Desenvolvimento\Projetos\TradutorDGames\[Kimochi] RJ01696894,www\data\Map002.json,0,.json,utf-8-sig,cjk,rpgmaker_map,95,$.events[2].pages[1].list[60].parameters[0],1,PA_INIT 4 20 横 0
T000356,B0001,D:\Dev\Desenvolvimento\Projetos\TradutorDGames\[Kimochi] RJ01696894,www\data\Map002.json,0,.json,utf-8-sig,kana,rpgmaker_map,95,$.events[2].pages[1].list[65].parameters[0],1,ナツメ
T000357,B0001,D:\Dev\Desenvolvimento\Projetos\TradutorDGames\[Kimochi] RJ01696894,www\data\Map002.json,0,.json,utf-8-sig,kana,rpgmaker_map,95,$.events[2].pages[1].list[66].parameters[0],1,「なんだもうガチガチじゃん、
T000358,B0001,D:\Dev\Desenvolvimento\Projetos\TradutorDGames\[Kimochi] RJ01696894,www\data\Map002.json,0,.json,utf-8-sig,kana,rpgmaker_map,95,$.events[2].pages[1].list[67].parameters[0],1,これならいけそうだね」
T000359,B0001,D:\Dev\Desenvolvimento\Projetos\TradutorDGames\[Kimochi] RJ01696894,www\data\Map002.json,0,.json,utf-8-sig,kana,rpgmaker_map,95,$.events[2].pages[1].list[69].parameters[0],1,ナツメ
T000360,B0001,D:\Dev\Desenvolvimento\Projetos\TradutorDGames\[Kimochi] RJ01696894,www\data\Map002.json,0,.json,utf-8-sig,"cjk,kana",rpgmaker_map,95,$.events[2].pages[1].list[70].parameters[0],1,「じゃ、とりあえず入れてみるね……」
T000361,B0001,D:\Dev\Desenvolvimento\Projetos\TradutorDGames\[Kimochi] RJ01696894,www\data\Map002.json,0,.json,utf-8-sig,cjk,rpgmaker_map,95,$.events[2].pages[1].list[71].parameters[0],1,PA_INIT 5 12 横 0
T000362,B0001,D:\Dev\Desenvolvimento\Projetos\TradutorDGames\[Kimochi] RJ01696894,www\data\Map002.json,0,.json,utf-8-sig,kana,rpgmaker_map,95,$.events[2].pages[1].list[77].parameters[0],1,ナツメ
T000363,B0001,D:\Dev\Desenvolvimento\Projetos\TradutorDGames\[Kimochi] RJ01696894,www\data\Map002.json,0,.json,utf-8-sig,kana,rpgmaker_map,95,$.events[2].pages[1].list[78].parameters[0],1,「んんっ…………」
T000364,B0001,D:\Dev\Desenvolvimento\Projetos\TradutorDGames\[Kimochi] RJ01696894,www\data\Map002.json,0,.json,utf-8-sig,kana,rpgmaker_map,95,$.events[2].pages[1].list[80].parameters[0],1,ナツメ
T000365,B0001,D:\Dev\Desenvolvimento\Projetos\TradutorDGames\[Kimochi] RJ01696894,www\data\Map002.json,0,.json,utf-8-sig,"cjk,kana",rpgmaker_map,95,$.events[2].pages[1].list[81].parameters[0],1,「ほら……入ったでしょ？
T000366,B0001,D:\Dev\Desenvolvimento\Projetos\TradutorDGames\[Kimochi] RJ01696894,www\data\Map002.json,0,.json,utf-8-sig,"cjk,kana",rpgmaker_map,95,$.events[2].pages[1].list[82].parameters[0],1,こんな感じ……」
T000367,B0001,D:\Dev\Desenvolvimento\Projetos\TradutorDGames\[Kimochi] RJ01696894,www\data\Map002.json,0,.json,utf-8-sig,kana,rpgmaker_map,95,$.events[2].pages[1].list[84].parameters[0],1,ナツメ
T000368,B0001,D:\Dev\Desenvolvimento\Projetos\TradutorDGames\[Kimochi] RJ01696894,www\data\Map002.json,0,.json,utf-8-sig,"cjk,kana",rpgmaker_map,95,$.events[2].pages[1].list[85].parameters[0],1,「じゃ、動くから……」
T000369,B0001,D:\Dev\Desenvolvimento\Projetos\TradutorDGames\[Kimochi] RJ01696894,www\data\Map002.json,0,.json,utf-8-sig,cjk,rpgmaker_map,95,$.events[2].pages[1].list[86].parameters[0],1,PA_INIT 4 12 横 0
T000370,B0001,D:\Dev\Desenvolvimento\Projetos\TradutorDGames\[Kimochi] RJ01696894,www\data\Map002.json,0,.json,utf-8-sig,kana,rpgmaker_map,95,$.events[2].pages[1].list[8].parameters[0],1,ナツメ
T000371,B0001,D:\Dev\Desenvolvimento\Projetos\TradutorDGames\[Kimochi] RJ01696894,www\data\Map002.json,0,.json,utf-8-sig,kana,rpgmaker_map,95,$.events[2].pages[1].list[92].parameters[0],1,ナツメ
T000372,B0001,D:\Dev\Desenvolvimento\Projetos\TradutorDGames\[Kimochi] RJ01696894,www\data\Map002.json,0,.json,utf-8-sig,kana,rpgmaker_map,95,$.events[2].pages[1].list[93].parameters[0],1,「んっ……んっ……」
T000373,B0001,D:\Dev\Desenvolvimento\Projetos\TradutorDGames\[Kimochi] RJ01696894,www\data\Map002.json,0,.json,utf-8-sig,kana,rpgmaker_map,95,$.events[2].pages[1].list[95].parameters[0],1,ナツメ
T000374,B0001,D:\Dev\Desenvolvimento\Projetos\TradutorDGames\[Kimochi] RJ01696894,www\data\Map002.json,0,.json,utf-8-sig,kana,rpgmaker_map,95,$.events[2].pages[1].list[96].parameters[0],1,「ほ、ほらっ……
T000375,B0001,D:\Dev\Desenvolvimento\Projetos\TradutorDGames\[Kimochi] RJ01696894,www\data\Map002.json,0,.json,utf-8-sig,"cjk,kana",rpgmaker_map,95,$.events[2].pages[1].list[97].parameters[0],1,簡単でしょ……？」
T000376,B0001,D:\Dev\Desenvolvimento\Projetos\TradutorDGames\[Kimochi] RJ01696894,www\data\Map002.json,0,.json,utf-8-sig,kana,rpgmaker_map,95,$.events[2].pages[1].list[99].parameters[0],1,ナツメ
T000377,B0001,D:\Dev\Desenvolvimento\Projetos\TradutorDGames\[Kimochi] RJ01696894,www\data\Map002.json,0,.json,utf-8-sig,kana,rpgmaker_map,95,$.events[2].pages[1].list[9].parameters[0],1,「あ、あーそうだ、たしか……」
T000378,B0001,D:\Dev\Desenvolvimento\Projetos\TradutorDGames\[Kimochi] RJ01696894,www\data\Map002.json,0,.json,utf-8-sig,kana,rpgmaker_map,95,$.events[3].pages[0].list[11].parameters[0],1,リン
T000379,B0001,D:\Dev\Desenvolvimento\Projetos\TradutorDGames\[Kimochi] RJ01696894,www\data\Map002.json,0,.json,utf-8-sig,"cjk,kana",rpgmaker_map,95,$.events[3].pages[0].list[12].parameters[0],1,「おー弟君か」
T000380,B0001,D:\Dev\Desenvolvimento\Projetos\TradutorDGames\[Kimochi] RJ01696894,www\data\Map002.json,0,.json,utf-8-sig,kana,rpgmaker_map,95,$.events[3].pages[0].list[15].parameters[0],1,リン
T000381,B0001,D:\Dev\Desenvolvimento\Projetos\TradutorDGames\[Kimochi] RJ01696894,www\data\Map002.json,0,.json,utf-8-sig,"cjk,kana",rpgmaker_map,95,$.events[3].pages[0].list[16].parameters[0],1,「ナツメなら私との息止め勝負で負けて
T000382,B0001,D:\Dev\Desenvolvimento\Projetos\TradutorDGames\[Kimochi] RJ01696894,www\data\Map002.json,0,.json,utf-8-sig,"cjk,kana",rpgmaker_map,95,$.events[3].pages[0].list[17].parameters[0],1,アイスを買いに行ってるよ」
T000383,B0001,D:\Dev\Desenvolvimento\Projetos\TradutorDGames\[Kimochi] RJ01696894,www\data\Map002.json,0,.json,utf-8-sig,kana,rpgmaker_map,95,$.events[3].pages[0].list[20].parameters[0],1,リン
T000384,B0001,D:\Dev\Desenvolvimento\Projetos\TradutorDGames\[Kimochi] RJ01696894,www\data\Map002.json,0,.json,utf-8-sig,"cjk,kana",rpgmaker_map,95,$.events[3].pages[0].list[21].parameters[0],1,「暇だし何かして遊ぶ？
T000385,B0001,D:\Dev\Desenvolvimento\Projetos\TradutorDGames\[Kimochi] RJ01696894,www\data\Map002.json,0,.json,utf-8-sig,"cjk,kana",rpgmaker_map,95,$.events[3].pages[0].list[22].parameters[0],1,クラクラして起き上がれないけどｗ」
T000386,B0001,D:\Dev\Desenvolvimento\Projetos\TradutorDGames\[Kimochi] RJ01696894,www\data\Map002.json,0,.json,utf-8-sig,kana,rpgmaker_map,95,$.events[3].pages[0].list[25].parameters[0],1,リン
T000387,B0001,D:\Dev\Desenvolvimento\Projetos\TradutorDGames\[Kimochi] RJ01696894,www\data\Map002.json,0,.json,utf-8-sig,kana,rpgmaker_map,95,$.events[3].pages[0].list[26].parameters[0],1,「ん？やりたいことがある？
T000388,B0001,D:\Dev\Desenvolvimento\Projetos\TradutorDGames\[Kimochi] RJ01696894,www\data\Map002.json,0,.json,utf-8-sig,"cjk,kana",rpgmaker_map,95,$.events[3].pages[0].list[27].parameters[0],1,いいよー、お姉さんがなんでもやってあげよう」
T000389,B0001,D:\Dev\Desenvolvimento\Projetos\TradutorDGames\[Kimochi] RJ01696894,www\data\Map002.json,0,.json,utf-8-sig,"cjk,kana",rpgmaker_map,95,$.events[3].pages[0].list[32].parameters[0],1,僕はリンにアプリをつかった！
T000390,B0001,D:\Dev\Desenvolvimento\Projetos\TradutorDGames\[Kimochi] RJ01696894,www\data\Map002.json,0,.json,utf-8-sig,kana,rpgmaker_map,95,$.events[3].pages[0].list[39].parameters[0],1,リン
T000391,B0001,D:\Dev\Desenvolvimento\Projetos\TradutorDGames\[Kimochi] RJ01696894,www\data\Map002.json,0,.json,utf-8-sig,kana,rpgmaker_map,95,$.events[3].pages[0].list[43].parameters[0],1,リンは にんしきかいへん された！
T000392,B0001,D:\Dev\Desenvolvimento\Projetos\TradutorDGames\[Kimochi] RJ01696894,www\data\Map002.json,0,.json,utf-8-sig,kana,rpgmaker_map,95,$.events[3].pages[1].list[100].parameters[0],1,「んんっ……！あぁっ……！」
T000393,B0001,D:\Dev\Desenvolvimento\Projetos\TradutorDGames\[Kimochi] RJ01696894,www\data\Map002.json,0,.json,utf-8-sig,kana,rpgmaker_map,95,$.events[3].pages[1].list[10].parameters[0],1,するってことだよね？」
T000394,B0001,D:\Dev\Desenvolvimento\Projetos\TradutorDGames\[Kimochi] RJ01696894,www\data\Map002.json,0,.json,utf-8-sig,kana,rpgmaker_map,95,$.events[3].pages[1].list[111].parameters[0],1,リン
T000395,B0001,D:\Dev\Desenvolvimento\Projetos\TradutorDGames\[Kimochi] RJ01696894,www\data\Map002.json,0,.json,utf-8-sig,kana,rpgmaker_map,95,$.events[3].pages[1].list[112].parameters[0],1,「あぁっ……あっつ……
T000396,B0001,D:\Dev\Desenvolvimento\Projetos\TradutorDGames\[Kimochi] RJ01696894,www\data\Map002.json,0,.json,utf-8-sig,"cjk,kana",rpgmaker_map,95,$.events[3].pages[1].list[113].parameters[0],1,出しすぎでしょ……」
T000397,B0001,D:\Dev\Desenvolvimento\Projetos\TradutorDGames\[Kimochi] RJ01696894,www\data\Map002.json,0,.json,utf-8-sig,kana,rpgmaker_map,95,$.events[3].pages[1].list[115].parameters[0],1,リン
T000398,B0001,D:\Dev\Desenvolvimento\Projetos\TradutorDGames\[Kimochi] RJ01696894,www\data\Map002.json,0,.json,utf-8-sig,"cjk,kana",rpgmaker_map,95,$.events[3].pages[1].list[116].parameters[0],1,「今日危険日なのに……」
T000399,B0001,D:\Dev\Desenvolvimento\Projetos\TradutorDGames\[Kimochi] RJ01696894,www\data\Map002.json,0,.json,utf-8-sig,kana,rpgmaker_map,95,$.events[3].pages[1].list[119].parameters[0],1,リン
T000400,B0001,D:\Dev\Desenvolvimento\Projetos\TradutorDGames\[Kimochi] RJ01696894,www\data\Map002.json,0,.json,utf-8-sig,kana,rpgmaker_map,95,$.events[3].pages[1].list[120].parameters[0],1,「いや……それでいいのか……？」
T000401,B0001,D:\Dev\Desenvolvimento\Projetos\TradutorDGames\[Kimochi] RJ01696894,www\data\Map002.json,0,.json,utf-8-sig,"cjk,kana",rpgmaker_map,95,$.events[3].pages[1].list[124].parameters[0],1,僕は リン に種付けした！
T000402,B0001,D:\Dev\Desenvolvimento\Projetos\TradutorDGames\[Kimochi] RJ01696894,www\data\Map002.json,0,.json,utf-8-sig,kana,rpgmaker_map,95,$.events[3].pages[1].list[13].parameters[0],1,リン
T000403,B0001,D:\Dev\Desenvolvimento\Projetos\TradutorDGames\[Kimochi] RJ01696894,www\data\Map002.json,0,.json,utf-8-sig,kana,rpgmaker_map,95,$.events[3].pages[1].list[14].parameters[0],1,「いや……いいんだけどさ……
T000404,B0001,D:\Dev\Desenvolvimento\Projetos\TradutorDGames\[Kimochi] RJ01696894,www\data\Map002.json,0,.json,utf-8-sig,"cjk,kana",rpgmaker_map,95,$.events[3].pages[1].list[15].parameters[0],1,なんか違和感があるような……」
T000405,B0001,D:\Dev\Desenvolvimento\Projetos\TradutorDGames\[Kimochi] RJ01696894,www\data\Map002.json,0,.json,utf-8-sig,kana,rpgmaker_map,95,$.events[3].pages[1].list[18].parameters[0],1,リン
T000406,B0001,D:\Dev\Desenvolvimento\Projetos\TradutorDGames\[Kimochi] RJ01696894,www\data\Map002.json,0,.json,utf-8-sig,kana,rpgmaker_map,95,$.events[3].pages[1].list[19].parameters[0],1,「う、うん……
T000407,B0001,D:\Dev\Desenvolvimento\Projetos\TradutorDGames\[Kimochi] RJ01696894,www\data\Map002.json,0,.json,utf-8-sig,"cjk,kana",rpgmaker_map,95,$.events[3].pages[1].list[20].parameters[0],1,種付けは義務……！義務だから……」
T000408,B0001,D:\Dev\Desenvolvimento\Projetos\TradutorDGames\[Kimochi] RJ01696894,www\data\Map002.json,0,.json,utf-8-sig,kana,rpgmaker_map,95,$.events[3].pages[1].list[23].parameters[0],1,リン
T000409,B0001,D:\Dev\Desenvolvimento\Projetos\TradutorDGames\[Kimochi] RJ01696894,www\data\Map002.json,0,.json,utf-8-sig,"cjk,kana",rpgmaker_map,95,$.events[3].pages[1].list[24].parameters[0],1,「仕方ない……か……？」
T000410,B0001,D:\Dev\Desenvolvimento\Projetos\TradutorDGames\[Kimochi] RJ01696894,www\data\Map002.json,0,.json,utf-8-sig,cjk,rpgmaker_map,95,$.events[3].pages[1].list[27].parameters[0],1,PA_INIT 6 12 横 0
T000411,B0001,D:\Dev\Desenvolvimento\Projetos\TradutorDGames\[Kimochi] RJ01696894,www\data\Map002.json,0,.json,utf-8-sig,kana,rpgmaker_map,95,$.events[3].pages[1].list[31].parameters[0],1,リン
T000412,B0001,D:\Dev\Desenvolvimento\Projetos\TradutorDGames\[Kimochi] RJ01696894,www\data\Map002.json,0,.json,utf-8-sig,kana,rpgmaker_map,95,$.events[3].pages[1].list[32].parameters[0],1,「え、ちょっとまって……
T000413,B0001,D:\Dev\Desenvolvimento\Projetos\TradutorDGames\[Kimochi] RJ01696894,www\data\Map002.json,0,.json,utf-8-sig,kana,rpgmaker_map,95,$.events[3].pages[1].list[33].parameters[0],1,ほんとうにやるの……？」
T000414,B0001,D:\Dev\Desenvolvimento\Projetos\TradutorDGames\[Kimochi] RJ01696894,www\data\Map002.json,0,.json,utf-8-sig,kana,rpgmaker_map,95,$.events[3].pages[1].list[35].parameters[0],1,リン
T000415,B0001,D:\Dev\Desenvolvimento\Projetos\TradutorDGames\[Kimochi] RJ01696894,www\data\Map002.json,0,.json,utf-8-sig,kana,rpgmaker_map,95,$.events[3].pages[1].list[36].parameters[0],1,「や、やっぱりやめとかない……？」
T000416,B0001,D:\Dev\Desenvolvimento\Projetos\TradutorDGames\[Kimochi] RJ01696894,www\data\Map002.json,0,.json,utf-8-sig,kana,rpgmaker_map,95,$.events[3].pages[1].list[3].parameters[0],1,リン
T000417,B0001,D:\Dev\Desenvolvimento\Projetos\TradutorDGames\[Kimochi] RJ01696894,www\data\Map002.json,0,.json,utf-8-sig,kana,rpgmaker_map,95,$.events[3].pages[1].list[41].parameters[0],1,ナツメ
T000418,B0001,D:\Dev\Desenvolvimento\Projetos\TradutorDGames\[Kimochi] RJ01696894,www\data\Map002.json,0,.json,utf-8-sig,kana,rpgmaker_map,95,$.events[3].pages[1].list[42].parameters[0],1,「んっ………あぁっ……！！」
T000419,B0001,D:\Dev\Desenvolvimento\Projetos\TradutorDGames\[Kimochi] RJ01696894,www\data\Map002.json,0,.json,utf-8-sig,kana,rpgmaker_map,95,$.events[3].pages[1].list[44].parameters[0],1,ナツメ
T000420,B0001,D:\Dev\Desenvolvimento\Projetos\TradutorDGames\[Kimochi] RJ01696894,www\data\Map002.json,0,.json,utf-8-sig,kana,rpgmaker_map,95,$.events[3].pages[1].list[45].parameters[0],1,「あ……え？
T000421,B0001,D:\Dev\Desenvolvimento\Projetos\TradutorDGames\[Kimochi] RJ01696894,www\data\Map002.json,0,.json,utf-8-sig,kana,rpgmaker_map,95,$.events[3].pages[1].list[46].parameters[0],1,はいった……？」
T000422,B0001,D:\Dev\Desenvolvimento\Projetos\TradutorDGames\[Kimochi] RJ01696894,www\data\Map002.json,0,.json,utf-8-sig,cjk,rpgmaker_map,95,$.events[3].pages[1].list[47].parameters[0],1,PA_INIT 4 12 横 0
T000423,B0001,D:\Dev\Desenvolvimento\Projetos\TradutorDGames\[Kimochi] RJ01696894,www\data\Map002.json,0,.json,utf-8-sig,"cjk,kana",rpgmaker_map,95,$.events[3].pages[1].list[4].parameters[0],1,「うん、種付けね……
T000424,B0001,D:\Dev\Desenvolvimento\Projetos\TradutorDGames\[Kimochi] RJ01696894,www\data\Map002.json,0,.json,utf-8-sig,kana,rpgmaker_map,95,$.events[3].pages[1].list[53].parameters[0],1,リン
T000425,B0001,D:\Dev\Desenvolvimento\Projetos\TradutorDGames\[Kimochi] RJ01696894,www\data\Map002.json,0,.json,utf-8-sig,kana,rpgmaker_map,95,$.events[3].pages[1].list[54].parameters[0],1,「んっ……あっ……！」
T000426,B0001,D:\Dev\Desenvolvimento\Projetos\TradutorDGames\[Kimochi] RJ01696894,www\data\Map002.json,0,.json,utf-8-sig,kana,rpgmaker_map,95,$.events[3].pages[1].list[56].parameters[0],1,リン
T000427,B0001,D:\Dev\Desenvolvimento\Projetos\TradutorDGames\[Kimochi] RJ01696894,www\data\Map002.json,0,.json,utf-8-sig,kana,rpgmaker_map,95,$.events[3].pages[1].list[57].parameters[0],1,「も、もうちょっとゆっくり……」
T000428,B0001,D:\Dev\Desenvolvimento\Projetos\TradutorDGames\[Kimochi] RJ01696894,www\data\Map002.json,0,.json,utf-8-sig,kana,rpgmaker_map,95,$.events[3].pages[1].list[59].parameters[0],1,リン
T000429,B0001,D:\Dev\Desenvolvimento\Projetos\TradutorDGames\[Kimochi] RJ01696894,www\data\Map002.json,0,.json,utf-8-sig,"cjk,kana",rpgmaker_map,95,$.events[3].pages[1].list[5].parameters[0],1,種付け……？」
T000430,B0001,D:\Dev\Desenvolvimento\Projetos\TradutorDGames\[Kimochi] RJ01696894,www\data\Map002.json,0,.json,utf-8-sig,"cjk,kana",rpgmaker_map,95,$.events[3].pages[1].list[60].parameters[0],1,「痛くないけど……」
T000431,B0001,D:\Dev\Desenvolvimento\Projetos\TradutorDGames\[Kimochi] RJ01696894,www\data\Map002.json,0,.json,utf-8-sig,kana,rpgmaker_map,95,$.events[3].pages[1].list[62].parameters[0],1,リン
T000432,B0001,D:\Dev\Desenvolvimento\Projetos\TradutorDGames\[Kimochi] RJ01696894,www\data\Map002.json,0,.json,utf-8-sig,"cjk,kana",rpgmaker_map,95,$.events[3].pages[1].list[63].parameters[0],1,「なんか……違和感が……」
T000433,B0001,D:\Dev\Desenvolvimento\Projetos\TradutorDGames\[Kimochi] RJ01696894,www\data\Map002.json,0,.json,utf-8-sig,kana,rpgmaker_map,95,$.events[3].pages[1].list[65].parameters[0],1,リン
T000434,B0001,D:\Dev\Desenvolvimento\Projetos\TradutorDGames\[Kimochi] RJ01696894,www\data\Map002.json,0,.json,utf-8-sig,kana,rpgmaker_map,95,$.events[3].pages[1].list[66].parameters[0],1,「あぁっ……」
T000435,B0001,D:\Dev\Desenvolvimento\Projetos\TradutorDGames\[Kimochi] RJ01696894,www\data\Map002.json,0,.json,utf-8-sig,cjk,rpgmaker_map,95,$.events[3].pages[1].list[67].parameters[0],1,PA_INIT 4 6 横 0
T000436,B0001,D:\Dev\Desenvolvimento\Projetos\TradutorDGames\[Kimochi] RJ01696894,www\data\Map002.json,0,.json,utf-8-sig,kana,rpgmaker_map,95,$.events[3].pages[1].list[73].parameters[0],1,リン
T000437,B0001,D:\Dev\Desenvolvimento\Projetos\TradutorDGames\[Kimochi] RJ01696894,www\data\Map002.json,0,.json,utf-8-sig,kana,rpgmaker_map,95,$.events[3].pages[1].list[74].parameters[0],1,「あっ……あっ……
T000438,B0001,D:\Dev\Desenvolvimento\Projetos\TradutorDGames\[Kimochi] RJ01696894,www\data\Map002.json,0,.json,utf-8-sig,kana,rpgmaker_map,95,$.events[3].pages[1].list[75].parameters[0],1,ちょ、ちょっときもちいい……？？」
T000439,B0001,D:\Dev\Desenvolvimento\Projetos\TradutorDGames\[Kimochi] RJ01696894,www\data\Map002.json,0,.json,utf-8-sig,kana,rpgmaker_map,95,$.events[3].pages[1].list[77].parameters[0],1,リン
T000440,B0001,D:\Dev\Desenvolvimento\Projetos\TradutorDGames\[Kimochi] RJ01696894,www\data\Map002.json,0,.json,utf-8-sig,kana,rpgmaker_map,95,$.events[3].pages[1].list[78].parameters[0],1,「あっ……
T000441,B0001,D:\Dev\Desenvolvimento\Projetos\TradutorDGames\[Kimochi] RJ01696894,www\data\Map002.json,0,.json,utf-8-sig,"cjk,kana",rpgmaker_map,95,$.events[3].pages[1].list[79].parameters[0],1,こ、これ……中に出すんだよね……？」
T000442,B0001,D:\Dev\Desenvolvimento\Projetos\TradutorDGames\[Kimochi] RJ01696894,www\data\Map002.json,0,.json,utf-8-sig,kana,rpgmaker_map,95,$.events[3].pages[1].list[81].parameters[0],1,リン
T000443,B0001,D:\Dev\Desenvolvimento\Projetos\TradutorDGames\[Kimochi] RJ01696894,www\data\Map002.json,0,.json,utf-8-sig,kana,rpgmaker_map,95,$.events[3].pages[1].list[82].parameters[0],1,「い、いや……いいけど……」
T000444,B0001,D:\Dev\Desenvolvimento\Projetos\TradutorDGames\[Kimochi] RJ01696894,www\data\Map002.json,0,.json,utf-8-sig,kana,rpgmaker_map,95,$.events[3].pages[1].list[84].parameters[0],1,リン
T000445,B0001,D:\Dev\Desenvolvimento\Projetos\TradutorDGames\[Kimochi] RJ01696894,www\data\Map002.json,0,.json,utf-8-sig,"cjk,kana",rpgmaker_map,95,$.events[3].pages[1].list[85].parameters[0],1,「う、うん……大丈夫……！
T000446,B0001,D:\Dev\Desenvolvimento\Projetos\TradutorDGames\[Kimochi] RJ01696894,www\data\Map002.json,0,.json,utf-8-sig,"cjk,kana",rpgmaker_map,95,$.events[3].pages[1].list[86].parameters[0],1,全部中にだして……！」
T000447,B0001,D:\Dev\Desenvolvimento\Projetos\TradutorDGames\[Kimochi] RJ01696894,www\data\Map002.json,0,.json,utf-8-sig,kana,rpgmaker_map,95,$.events[3].pages[1].list[88].parameters[0],1,リン
T000448,B0001,D:\Dev\Desenvolvimento\Projetos\TradutorDGames\[Kimochi] RJ01696894,www\data\Map002.json,0,.json,utf-8-sig,kana,rpgmaker_map,95,$.events[3].pages[1].list[89].parameters[0],1,「いっ……あっ……あぁっ……！」
T000449,B0001,D:\Dev\Desenvolvimento\Projetos\TradutorDGames\[Kimochi] RJ01696894,www\data\Map002.json,0,.json,utf-8-sig,kana,rpgmaker_map,95,$.events[3].pages[1].list[8].parameters[0],1,リン
T000450,B0001,D:\Dev\Desenvolvimento\Projetos\TradutorDGames\[Kimochi] RJ01696894,www\data\Map002.json,0,.json,utf-8-sig,cjk,rpgmaker_map,95,$.events[3].pages[1].list[91].parameters[0],1,PA_INIT 9 12 横 0
T000451,B0001,D:\Dev\Desenvolvimento\Projetos\TradutorDGames\[Kimochi] RJ01696894,www\data\Map002.json,0,.json,utf-8-sig,kana,rpgmaker_map,95,$.events[3].pages[1].list[99].parameters[0],1,リン
T000452,B0001,D:\Dev\Desenvolvimento\Projetos\TradutorDGames\[Kimochi] RJ01696894,www\data\Map002.json,0,.json,utf-8-sig,"cjk,kana",rpgmaker_map,95,$.events[3].pages[1].list[9].parameters[0],1,「え？要するに今から私とエッチ
T000453,B0001,D:\Dev\Desenvolvimento\Projetos\TradutorDGames\[Kimochi] RJ01696894,www\data\Map002.json,0,.json,utf-8-sig,"cjk,kana",rpgmaker_map,95,$.events[4].pages[0].list[12].parameters[0],1,この暑さの中、元気に走り回っている女子がいる。
T000454,B0001,D:\Dev\Desenvolvimento\Projetos\TradutorDGames\[Kimochi] RJ01696894,www\data\Map002.json,0,.json,utf-8-sig,kana,rpgmaker_map,95,$.events[4].pages[0].list[14].parameters[0],1,ヒマリ
T000455,B0001,D:\Dev\Desenvolvimento\Projetos\TradutorDGames\[Kimochi] RJ01696894,www\data\Map002.json,0,.json,utf-8-sig,"cjk,kana",rpgmaker_map,95,$.events[4].pages[0].list[15].parameters[0],1,「あれー？ボク君じゃん！」
T000456,B0001,D:\Dev\Desenvolvimento\Projetos\TradutorDGames\[Kimochi] RJ01696894,www\data\Map002.json,0,.json,utf-8-sig,"cjk,kana",rpgmaker_map,95,$.events[4].pages[0].list[18].parameters[0],1,同じクラスの女子のヒマリちゃんが一人で遊んでいた。
T000457,B0001,D:\Dev\Desenvolvimento\Projetos\TradutorDGames\[Kimochi] RJ01696894,www\data\Map002.json,0,.json,utf-8-sig,kana,rpgmaker_map,95,$.events[4].pages[0].list[21].parameters[0],1,ヒマリ
T000458,B0001,D:\Dev\Desenvolvimento\Projetos\TradutorDGames\[Kimochi] RJ01696894,www\data\Map002.json,0,.json,utf-8-sig,"cjk,kana",rpgmaker_map,95,$.events[4].pages[0].list[22].parameters[0],1,「ボク君も暇で学校に来たの？
T000459,B0001,D:\Dev\Desenvolvimento\Projetos\TradutorDGames\[Kimochi] RJ01696894,www\data\Map002.json,0,.json,utf-8-sig,"cjk,kana",rpgmaker_map,95,$.events[4].pages[0].list[23].parameters[0],1,じゃあ一緒にあそぼ！」
T000460,B0001,D:\Dev\Desenvolvimento\Projetos\TradutorDGames\[Kimochi] RJ01696894,www\data\Map002.json,0,.json,utf-8-sig,"cjk,kana",rpgmaker_map,95,$.events[4].pages[0].list[26].parameters[0],1,僕はしばらく一緒に遊ぶことにした。
T000461,B0001,D:\Dev\Desenvolvimento\Projetos\TradutorDGames\[Kimochi] RJ01696894,www\data\Map002.json,0,.json,utf-8-sig,kana,rpgmaker_map,95,$.events[4].pages[0].list[31].parameters[0],1,ヒマリ
T000462,B0001,D:\Dev\Desenvolvimento\Projetos\TradutorDGames\[Kimochi] RJ01696894,www\data\Map002.json,0,.json,utf-8-sig,kana,rpgmaker_map,95,$.events[4].pages[0].list[32].parameters[0],1,「はぁ……はぁ……
T000463,B0001,D:\Dev\Desenvolvimento\Projetos\TradutorDGames\[Kimochi] RJ01696894,www\data\Map002.json,0,.json,utf-8-sig,"cjk,kana",rpgmaker_map,95,$.events[4].pages[0].list[33].parameters[0],1,汗だくになっちゃったね……！」
T000464,B0001,D:\Dev\Desenvolvimento\Projetos\TradutorDGames\[Kimochi] RJ01696894,www\data\Map002.json,0,.json,utf-8-sig,"cjk,kana",rpgmaker_map,95,$.events[4].pages[0].list[39].parameters[0],1,僕はヒマリちゃんの張り付いた服を見て
T000465,B0001,D:\Dev\Desenvolvimento\Projetos\TradutorDGames\[Kimochi] RJ01696894,www\data\Map002.json,0,.json,utf-8-sig,"cjk,kana",rpgmaker_map,95,$.events[4].pages[0].list[40].parameters[0],1,自分の目的を思い出す。
T000466,B0001,D:\Dev\Desenvolvimento\Projetos\TradutorDGames\[Kimochi] RJ01696894,www\data\Map002.json,0,.json,utf-8-sig,kana,rpgmaker_map,95,$.events[4].pages[0].list[43].parameters[0],1,ヒマリ
T000467,B0001,D:\Dev\Desenvolvimento\Projetos\TradutorDGames\[Kimochi] RJ01696894,www\data\Map002.json,0,.json,utf-8-sig,"cjk,kana",rpgmaker_map,95,$.events[4].pages[0].list[44].parameters[0],1,「え？ヒマリに用があったの？
T000468,B0001,D:\Dev\Desenvolvimento\Projetos\TradutorDGames\[Kimochi] RJ01696894,www\data\Map002.json,0,.json,utf-8-sig,kana,rpgmaker_map,95,$.events[4].pages[0].list[45].parameters[0],1,なにー？」
T000469,B0001,D:\Dev\Desenvolvimento\Projetos\TradutorDGames\[Kimochi] RJ01696894,www\data\Map002.json,0,.json,utf-8-sig,kana,rpgmaker_map,95,$.events[4].pages[0].list[48].parameters[0],1,ヒマリ
T000470,B0001,D:\Dev\Desenvolvimento\Projetos\TradutorDGames\[Kimochi] RJ01696894,www\data\Map002.json,0,.json,utf-8-sig,kana,rpgmaker_map,95,$.events[4].pages[0].list[49].parameters[0],1,「たねづけ？なにそれ？」
T000471,B0001,D:\Dev\Desenvolvimento\Projetos\TradutorDGames\[Kimochi] RJ01696894,www\data\Map002.json,0,.json,utf-8-sig,kana,rpgmaker_map,95,$.events[4].pages[0].list[52].parameters[0],1,ヒマリ
T000472,B0001,D:\Dev\Desenvolvimento\Projetos\TradutorDGames\[Kimochi] RJ01696894,www\data\Map002.json,0,.json,utf-8-sig,kana,rpgmaker_map,95,$.events[4].pages[0].list[53].parameters[0],1,「よくわかんないけどいいよー！」
T000473,B0001,D:\Dev\Desenvolvimento\Projetos\TradutorDGames\[Kimochi] RJ01696894,www\data\Map002.json,0,.json,utf-8-sig,"cjk,kana",rpgmaker_map,95,$.events[4].pages[0].list[59].parameters[0],1,僕は ヒマリ にアプリをつかった！
T000474,B0001,D:\Dev\Desenvolvimento\Projetos\TradutorDGames\[Kimochi] RJ01696894,www\data\Map002.json,0,.json,utf-8-sig,kana,rpgmaker_map,95,$.events[4].pages[0].list[66].parameters[0],1,ヒマリ
T000475,B0001,D:\Dev\Desenvolvimento\Projetos\TradutorDGames\[Kimochi] RJ01696894,www\data\Map002.json,0,.json,utf-8-sig,kana,rpgmaker_map,95,$.events[4].pages[0].list[67].parameters[0],1,「んっ…………
T000476,B0001,D:\Dev\Desenvolvimento\Projetos\TradutorDGames\[Kimochi] RJ01696894,www\data\Map002.json,0,.json,utf-8-sig,kana,rpgmaker_map,95,$.events[4].pages[0].list[71].parameters[0],1,"ヒマリは ""にんしきかいへん"" された！"
T000477,B0001,D:\Dev\Desenvolvimento\Projetos\TradutorDGames\[Kimochi] RJ01696894,www\data\Map002.json,0,.json,utf-8-sig,kana,rpgmaker_map,95,$.events[4].pages[1].list[101].parameters[0],1,ヒマリ
T000478,B0001,D:\Dev\Desenvolvimento\Projetos\TradutorDGames\[Kimochi] RJ01696894,www\data\Map002.json,0,.json,utf-8-sig,kana,rpgmaker_map,95,$.events[4].pages[1].list[102].parameters[0],1,「あぁっ……あぁ……
T000479,B0001,D:\Dev\Desenvolvimento\Projetos\TradutorDGames\[Kimochi] RJ01696894,www\data\Map002.json,0,.json,utf-8-sig,kana,rpgmaker_map,95,$.events[4].pages[1].list[103].parameters[0],1,いぎぃぃっ…………」
T000480,B0001,D:\Dev\Desenvolvimento\Projetos\TradutorDGames\[Kimochi] RJ01696894,www\data\Map002.json,0,.json,utf-8-sig,kana,rpgmaker_map,95,$.events[4].pages[1].list[113].parameters[0],1,ヒマリ
T000481,B0001,D:\Dev\Desenvolvimento\Projetos\TradutorDGames\[Kimochi] RJ01696894,www\data\Map002.json,0,.json,utf-8-sig,kana,rpgmaker_map,95,$.events[4].pages[1].list[114].parameters[0],1,「んっ……あっ……」
T000482,B0001,D:\Dev\Desenvolvimento\Projetos\TradutorDGames\[Kimochi] RJ01696894,www\data\Map002.json,0,.json,utf-8-sig,kana,rpgmaker_map,95,$.events[4].pages[1].list[117].parameters[0],1,ヒマリ
T000483,B0001,D:\Dev\Desenvolvimento\Projetos\TradutorDGames\[Kimochi] RJ01696894,www\data\Map002.json,0,.json,utf-8-sig,"cjk,kana",rpgmaker_map,95,$.events[4].pages[1].list[118].parameters[0],1,「な、なんか……ちょっと怖かったけど
T000484,B0001,D:\Dev\Desenvolvimento\Projetos\TradutorDGames\[Kimochi] RJ01696894,www\data\Map002.json,0,.json,utf-8-sig,kana,rpgmaker_map,95,$.events[4].pages[1].list[119].parameters[0],1,きもちよかった……！」
T000485,B0001,D:\Dev\Desenvolvimento\Projetos\TradutorDGames\[Kimochi] RJ01696894,www\data\Map002.json,0,.json,utf-8-sig,kana,rpgmaker_map,95,$.events[4].pages[1].list[122].parameters[0],1,ヒマリ
T000486,B0001,D:\Dev\Desenvolvimento\Projetos\TradutorDGames\[Kimochi] RJ01696894,www\data\Map002.json,0,.json,utf-8-sig,kana,rpgmaker_map,95,$.events[4].pages[1].list[123].parameters[0],1,「またやろうね……！」
T000487,B0001,D:\Dev\Desenvolvimento\Projetos\TradutorDGames\[Kimochi] RJ01696894,www\data\Map002.json,0,.json,utf-8-sig,"cjk,kana",rpgmaker_map,95,$.events[4].pages[1].list[127].parameters[0],1,僕は ヒマリ に種付けした！
T000488,B0001,D:\Dev\Desenvolvimento\Projetos\TradutorDGames\[Kimochi] RJ01696894,www\data\Map002.json,0,.json,utf-8-sig,kana,rpgmaker_map,95,$.events[4].pages[1].list[12].parameters[0],1,ヒマリ
T000489,B0001,D:\Dev\Desenvolvimento\Projetos\TradutorDGames\[Kimochi] RJ01696894,www\data\Map002.json,0,.json,utf-8-sig,kana,rpgmaker_map,95,$.events[4].pages[1].list[13].parameters[0],1,「たねづけ……？
T000490,B0001,D:\Dev\Desenvolvimento\Projetos\TradutorDGames\[Kimochi] RJ01696894,www\data\Map002.json,0,.json,utf-8-sig,kana,rpgmaker_map,95,$.events[4].pages[1].list[14].parameters[0],1,してもらえばいいんだよね！」
T000491,B0001,D:\Dev\Desenvolvimento\Projetos\TradutorDGames\[Kimochi] RJ01696894,www\data\Map002.json,0,.json,utf-8-sig,kana,rpgmaker_map,95,$.events[4].pages[1].list[16].parameters[0],1,ヒマリ
T000492,B0001,D:\Dev\Desenvolvimento\Projetos\TradutorDGames\[Kimochi] RJ01696894,www\data\Map002.json,0,.json,utf-8-sig,"cjk,kana",rpgmaker_map,95,$.events[4].pages[1].list[17].parameters[0],1,「よくわかんないけど、協力するね！」
T000493,B0001,D:\Dev\Desenvolvimento\Projetos\TradutorDGames\[Kimochi] RJ01696894,www\data\Map002.json,0,.json,utf-8-sig,cjk,rpgmaker_map,95,$.events[4].pages[1].list[20].parameters[0],1,PA_INIT 7 12 横 0
T000494,B0001,D:\Dev\Desenvolvimento\Projetos\TradutorDGames\[Kimochi] RJ01696894,www\data\Map002.json,0,.json,utf-8-sig,kana,rpgmaker_map,95,$.events[4].pages[1].list[24].parameters[0],1,ヒマリ
T000495,B0001,D:\Dev\Desenvolvimento\Projetos\TradutorDGames\[Kimochi] RJ01696894,www\data\Map002.json,0,.json,utf-8-sig,kana,rpgmaker_map,95,$.events[4].pages[1].list[25].parameters[0],1,「え……？
T000496,B0001,D:\Dev\Desenvolvimento\Projetos\TradutorDGames\[Kimochi] RJ01696894,www\data\Map002.json,0,.json,utf-8-sig,"cjk,kana",rpgmaker_map,95,$.events[4].pages[1].list[26].parameters[0],1,こ、ここにおちんちん入れるの？」
T000497,B0001,D:\Dev\Desenvolvimento\Projetos\TradutorDGames\[Kimochi] RJ01696894,www\data\Map002.json,0,.json,utf-8-sig,kana,rpgmaker_map,95,$.events[4].pages[1].list[28].parameters[0],1,ヒマリ
T000498,B0001,D:\Dev\Desenvolvimento\Projetos\TradutorDGames\[Kimochi] RJ01696894,www\data\Map002.json,0,.json,utf-8-sig,kana,rpgmaker_map,95,$.events[4].pages[1].list[29].parameters[0],1,「い、いいけど……
T000499,B0001,D:\Dev\Desenvolvimento\Projetos\TradutorDGames\[Kimochi] RJ01696894,www\data\Map002.json,0,.json,utf-8-sig,"cjk,kana",rpgmaker_map,95,$.events[4].pages[1].list[30].parameters[0],1,入るかな……？」
T000500,B0001,D:\Dev\Desenvolvimento\Projetos\TradutorDGames\[Kimochi] RJ01696894,www\data\Map002.json,0,.json,utf-8-sig,kana,rpgmaker_map,95,$.events[4].pages[1].list[35].parameters[0],1,ヒマリ
T000501,B0002,D:\Dev\Desenvolvimento\Projetos\TradutorDGames\[Kimochi] RJ01696894,www\data\Map002.json,0,.json,utf-8-sig,kana,rpgmaker_map,95,$.events[4].pages[1].list[36].parameters[0],1,「んっ……！あっ、あぁっ……！」
T000502,B0002,D:\Dev\Desenvolvimento\Projetos\TradutorDGames\[Kimochi] RJ01696894,www\data\Map002.json,0,.json,utf-8-sig,kana,rpgmaker_map,95,$.events[4].pages[1].list[38].parameters[0],1,ヒマリ
T000503,B0002,D:\Dev\Desenvolvimento\Projetos\TradutorDGames\[Kimochi] RJ01696894,www\data\Map002.json,0,.json,utf-8-sig,"cjk,kana",rpgmaker_map,95,$.events[4].pages[1].list[39].parameters[0],1,「お、おちんちん入っ……！？
T000504,B0002,D:\Dev\Desenvolvimento\Projetos\TradutorDGames\[Kimochi] RJ01696894,www\data\Map002.json,0,.json,utf-8-sig,kana,rpgmaker_map,95,$.events[4].pages[1].list[3].parameters[0],1,ヒマリ
T000505,B0002,D:\Dev\Desenvolvimento\Projetos\TradutorDGames\[Kimochi] RJ01696894,www\data\Map002.json,0,.json,utf-8-sig,kana,rpgmaker_map,95,$.events[4].pages[1].list[40].parameters[0],1,……った！？」
T000506,B0002,D:\Dev\Desenvolvimento\Projetos\TradutorDGames\[Kimochi] RJ01696894,www\data\Map002.json,0,.json,utf-8-sig,kana,rpgmaker_map,95,$.events[4].pages[1].list[42].parameters[0],1,ヒマリ
T000507,B0002,D:\Dev\Desenvolvimento\Projetos\TradutorDGames\[Kimochi] RJ01696894,www\data\Map002.json,0,.json,utf-8-sig,kana,rpgmaker_map,95,$.events[4].pages[1].list[43].parameters[0],1,「こ、これっ……
T000508,B0002,D:\Dev\Desenvolvimento\Projetos\TradutorDGames\[Kimochi] RJ01696894,www\data\Map002.json,0,.json,utf-8-sig,kana,rpgmaker_map,95,$.events[4].pages[1].list[44].parameters[0],1,これが たねづけ なの……？？」
T000509,B0002,D:\Dev\Desenvolvimento\Projetos\TradutorDGames\[Kimochi] RJ01696894,www\data\Map002.json,0,.json,utf-8-sig,kana,rpgmaker_map,95,$.events[4].pages[1].list[46].parameters[0],1,ヒマリ
T000510,B0002,D:\Dev\Desenvolvimento\Projetos\TradutorDGames\[Kimochi] RJ01696894,www\data\Map002.json,0,.json,utf-8-sig,"cjk,kana",rpgmaker_map,95,$.events[4].pages[1].list[47].parameters[0],1,「ちょっとっ……苦しいかも……」
T000511,B0002,D:\Dev\Desenvolvimento\Projetos\TradutorDGames\[Kimochi] RJ01696894,www\data\Map002.json,0,.json,utf-8-sig,cjk,rpgmaker_map,95,$.events[4].pages[1].list[48].parameters[0],1,PA_INIT 4 12 横 0
T000512,B0002,D:\Dev\Desenvolvimento\Projetos\TradutorDGames\[Kimochi] RJ01696894,www\data\Map002.json,0,.json,utf-8-sig,kana,rpgmaker_map,95,$.events[4].pages[1].list[54].parameters[0],1,ヒマリ
T000513,B0002,D:\Dev\Desenvolvimento\Projetos\TradutorDGames\[Kimochi] RJ01696894,www\data\Map002.json,0,.json,utf-8-sig,kana,rpgmaker_map,95,$.events[4].pages[1].list[55].parameters[0],1,「あっ……あぁっ……」
T000514,B0002,D:\Dev\Desenvolvimento\Projetos\TradutorDGames\[Kimochi] RJ01696894,www\data\Map002.json,0,.json,utf-8-sig,kana,rpgmaker_map,95,$.events[4].pages[1].list[57].parameters[0],1,ヒマリ
T000515,B0002,D:\Dev\Desenvolvimento\Projetos\TradutorDGames\[Kimochi] RJ01696894,www\data\Map002.json,0,.json,utf-8-sig,kana,rpgmaker_map,95,$.events[4].pages[1].list[58].parameters[0],1,「な、なにこれぇっ…
T000516,B0002,D:\Dev\Desenvolvimento\Projetos\TradutorDGames\[Kimochi] RJ01696894,www\data\Map002.json,0,.json,utf-8-sig,"cjk,kana",rpgmaker_map,95,$.events[4].pages[1].list[59].parameters[0],1,なんかっ……声でちゃうっ……」
T000517,B0002,D:\Dev\Desenvolvimento\Projetos\TradutorDGames\[Kimochi] RJ01696894,www\data\Map002.json,0,.json,utf-8-sig,kana,rpgmaker_map,95,$.events[4].pages[1].list[61].parameters[0],1,ヒマリ
T000518,B0002,D:\Dev\Desenvolvimento\Projetos\TradutorDGames\[Kimochi] RJ01696894,www\data\Map002.json,0,.json,utf-8-sig,kana,rpgmaker_map,95,$.events[4].pages[1].list[62].parameters[0],1,「こ、このまま……
T000519,B0002,D:\Dev\Desenvolvimento\Projetos\TradutorDGames\[Kimochi] RJ01696894,www\data\Map002.json,0,.json,utf-8-sig,"cjk,kana",rpgmaker_map,95,$.events[4].pages[1].list[63].parameters[0],1,なかにせーし？出したら完了なの……？」
T000520,B0002,D:\Dev\Desenvolvimento\Projetos\TradutorDGames\[Kimochi] RJ01696894,www\data\Map002.json,0,.json,utf-8-sig,kana,rpgmaker_map,95,$.events[4].pages[1].list[65].parameters[0],1,ヒマリ
T000521,B0002,D:\Dev\Desenvolvimento\Projetos\TradutorDGames\[Kimochi] RJ01696894,www\data\Map002.json,0,.json,utf-8-sig,kana,rpgmaker_map,95,$.events[4].pages[1].list[66].parameters[0],1,「わ、わかった……！」
T000522,B0002,D:\Dev\Desenvolvimento\Projetos\TradutorDGames\[Kimochi] RJ01696894,www\data\Map002.json,0,.json,utf-8-sig,cjk,rpgmaker_map,95,$.events[4].pages[1].list[67].parameters[0],1,PA_INIT 4 6 横 0
T000523,B0002,D:\Dev\Desenvolvimento\Projetos\TradutorDGames\[Kimochi] RJ01696894,www\data\Map002.json,0,.json,utf-8-sig,kana,rpgmaker_map,95,$.events[4].pages[1].list[73].parameters[0],1,ヒマリ
T000524,B0002,D:\Dev\Desenvolvimento\Projetos\TradutorDGames\[Kimochi] RJ01696894,www\data\Map002.json,0,.json,utf-8-sig,kana,rpgmaker_map,95,$.events[4].pages[1].list[74].parameters[0],1,「んっ　あっ　あっ……」
T000525,B0002,D:\Dev\Desenvolvimento\Projetos\TradutorDGames\[Kimochi] RJ01696894,www\data\Map002.json,0,.json,utf-8-sig,kana,rpgmaker_map,95,$.events[4].pages[1].list[76].parameters[0],1,ヒマリ
T000526,B0002,D:\Dev\Desenvolvimento\Projetos\TradutorDGames\[Kimochi] RJ01696894,www\data\Map002.json,0,.json,utf-8-sig,"cjk,kana",rpgmaker_map,95,$.events[4].pages[1].list[77].parameters[0],1,「な、なんかっ……体っ……？
T000527,B0002,D:\Dev\Desenvolvimento\Projetos\TradutorDGames\[Kimochi] RJ01696894,www\data\Map002.json,0,.json,utf-8-sig,kana,rpgmaker_map,95,$.events[4].pages[1].list[78].parameters[0],1,へんになってきた……」
T000528,B0002,D:\Dev\Desenvolvimento\Projetos\TradutorDGames\[Kimochi] RJ01696894,www\data\Map002.json,0,.json,utf-8-sig,kana,rpgmaker_map,95,$.events[4].pages[1].list[7].parameters[0],1,ヒマリ
T000529,B0002,D:\Dev\Desenvolvimento\Projetos\TradutorDGames\[Kimochi] RJ01696894,www\data\Map002.json,0,.json,utf-8-sig,kana,rpgmaker_map,95,$.events[4].pages[1].list[80].parameters[0],1,ヒマリ
T000530,B0002,D:\Dev\Desenvolvimento\Projetos\TradutorDGames\[Kimochi] RJ01696894,www\data\Map002.json,0,.json,utf-8-sig,kana,rpgmaker_map,95,$.events[4].pages[1].list[81].parameters[0],1,「あぁっ……
T000531,B0002,D:\Dev\Desenvolvimento\Projetos\TradutorDGames\[Kimochi] RJ01696894,www\data\Map002.json,0,.json,utf-8-sig,kana,rpgmaker_map,95,$.events[4].pages[1].list[82].parameters[0],1,ま、まって……な、なんか
T000532,B0002,D:\Dev\Desenvolvimento\Projetos\TradutorDGames\[Kimochi] RJ01696894,www\data\Map002.json,0,.json,utf-8-sig,kana,rpgmaker_map,95,$.events[4].pages[1].list[83].parameters[0],1,きちゃっ……うっ……」
T000533,B0002,D:\Dev\Desenvolvimento\Projetos\TradutorDGames\[Kimochi] RJ01696894,www\data\Map002.json,0,.json,utf-8-sig,kana,rpgmaker_map,95,$.events[4].pages[1].list[85].parameters[0],1,ヒマリ
T000534,B0002,D:\Dev\Desenvolvimento\Projetos\TradutorDGames\[Kimochi] RJ01696894,www\data\Map002.json,0,.json,utf-8-sig,kana,rpgmaker_map,95,$.events[4].pages[1].list[86].parameters[0],1,「だ、だめっ……からだっ……
T000535,B0002,D:\Dev\Desenvolvimento\Projetos\TradutorDGames\[Kimochi] RJ01696894,www\data\Map002.json,0,.json,utf-8-sig,kana,rpgmaker_map,95,$.events[4].pages[1].list[87].parameters[0],1,おかしくなるっ……」
T000536,B0002,D:\Dev\Desenvolvimento\Projetos\TradutorDGames\[Kimochi] RJ01696894,www\data\Map002.json,0,.json,utf-8-sig,kana,rpgmaker_map,95,$.events[4].pages[1].list[89].parameters[0],1,ヒマリ
T000537,B0002,D:\Dev\Desenvolvimento\Projetos\TradutorDGames\[Kimochi] RJ01696894,www\data\Map002.json,0,.json,utf-8-sig,kana,rpgmaker_map,95,$.events[4].pages[1].list[8].parameters[0],1,「あー、えーっと？
T000538,B0002,D:\Dev\Desenvolvimento\Projetos\TradutorDGames\[Kimochi] RJ01696894,www\data\Map002.json,0,.json,utf-8-sig,kana,rpgmaker_map,95,$.events[4].pages[1].list[90].parameters[0],1,「いっ、いぎっ……
T000539,B0002,D:\Dev\Desenvolvimento\Projetos\TradutorDGames\[Kimochi] RJ01696894,www\data\Map002.json,0,.json,utf-8-sig,kana,rpgmaker_map,95,$.events[4].pages[1].list[91].parameters[0],1,あぁっ……あっ……！？」
T000540,B0002,D:\Dev\Desenvolvimento\Projetos\TradutorDGames\[Kimochi] RJ01696894,www\data\Map002.json,0,.json,utf-8-sig,cjk,rpgmaker_map,95,$.events[4].pages[1].list[93].parameters[0],1,PA_INIT 9 12 横 0
T000541,B0002,D:\Dev\Desenvolvimento\Projetos\TradutorDGames\[Kimochi] RJ01696894,www\data\Map002.json,0,.json,utf-8-sig,"cjk,kana",rpgmaker_map,95,$.events[4].pages[1].list[9].parameters[0],1,ヒマリがボク君に……」
T000542,B0002,D:\Dev\Desenvolvimento\Projetos\TradutorDGames\[Kimochi] RJ01696894,www\data\Map002.json,0,.json,utf-8-sig,kana,rpgmaker_map,95,$.events[5].pages[0].list[10].parameters[0],1,サツキ
T000543,B0002,D:\Dev\Desenvolvimento\Projetos\TradutorDGames\[Kimochi] RJ01696894,www\data\Map002.json,0,.json,utf-8-sig,kana,rpgmaker_map,95,$.events[5].pages[0].list[11].parameters[0],1,「おー！きたのか！」
T000544,B0002,D:\Dev\Desenvolvimento\Projetos\TradutorDGames\[Kimochi] RJ01696894,www\data\Map002.json,0,.json,utf-8-sig,"cjk,kana",rpgmaker_map,95,$.events[5].pages[0].list[14].parameters[0],1,僕の担任の 吉宮先生 だ。
T000545,B0002,D:\Dev\Desenvolvimento\Projetos\TradutorDGames\[Kimochi] RJ01696894,www\data\Map002.json,0,.json,utf-8-sig,kana,rpgmaker_map,95,$.events[5].pages[0].list[17].parameters[0],1,サツキ
T000546,B0002,D:\Dev\Desenvolvimento\Projetos\TradutorDGames\[Kimochi] RJ01696894,www\data\Map002.json,0,.json,utf-8-sig,"cjk,kana",rpgmaker_map,95,$.events[5].pages[0].list[18].parameters[0],1,「ちょうどよかった、いまから倉庫の
T000547,B0002,D:\Dev\Desenvolvimento\Projetos\TradutorDGames\[Kimochi] RJ01696894,www\data\Map002.json,0,.json,utf-8-sig,"cjk,kana",rpgmaker_map,95,$.events[5].pages[0].list[19].parameters[0],1,整理するから手伝ってくれ！」
T000548,B0002,D:\Dev\Desenvolvimento\Projetos\TradutorDGames\[Kimochi] RJ01696894,www\data\Map002.json,0,.json,utf-8-sig,kana,rpgmaker_map,95,$.events[5].pages[0].list[21].parameters[0],1,サツキ
T000549,B0002,D:\Dev\Desenvolvimento\Projetos\TradutorDGames\[Kimochi] RJ01696894,www\data\Map002.json,0,.json,utf-8-sig,"cjk,kana",rpgmaker_map,95,$.events[5].pages[0].list[22].parameters[0],1,「暑くて全くやる気が出なかったんだ！」
T000550,B0002,D:\Dev\Desenvolvimento\Projetos\TradutorDGames\[Kimochi] RJ01696894,www\data\Map002.json,0,.json,utf-8-sig,"cjk,kana",rpgmaker_map,95,$.events[5].pages[0].list[25].parameters[0],1,どうやらタイミングが悪かったようだ……。
T000551,B0002,D:\Dev\Desenvolvimento\Projetos\TradutorDGames\[Kimochi] RJ01696894,www\data\Map002.json,0,.json,utf-8-sig,"cjk,kana",rpgmaker_map,95,$.events[5].pages[0].list[32].parameters[0],1,僕は蒸し暑い倉庫の中で、だらだと汗を流しせっせと働いた。
T000552,B0002,D:\Dev\Desenvolvimento\Projetos\TradutorDGames\[Kimochi] RJ01696894,www\data\Map002.json,0,.json,utf-8-sig,kana,rpgmaker_map,95,$.events[5].pages[0].list[35].parameters[0],1,サツキ
T000553,B0002,D:\Dev\Desenvolvimento\Projetos\TradutorDGames\[Kimochi] RJ01696894,www\data\Map002.json,0,.json,utf-8-sig,"cjk,kana",rpgmaker_map,95,$.events[5].pages[0].list[36].parameters[0],1,「ふぅ……いやぁ本当に助かった！一人だと倒れてたかもな！
T000554,B0002,D:\Dev\Desenvolvimento\Projetos\TradutorDGames\[Kimochi] RJ01696894,www\data\Map002.json,0,.json,utf-8-sig,kana,rpgmaker_map,95,$.events[5].pages[0].list[37].parameters[0],1,ありがとう！！」
T000555,B0002,D:\Dev\Desenvolvimento\Projetos\TradutorDGames\[Kimochi] RJ01696894,www\data\Map002.json,0,.json,utf-8-sig,kana,rpgmaker_map,95,$.events[5].pages[0].list[40].parameters[0],1,サツキ
T000556,B0002,D:\Dev\Desenvolvimento\Projetos\TradutorDGames\[Kimochi] RJ01696894,www\data\Map002.json,0,.json,utf-8-sig,"cjk,kana",rpgmaker_map,95,$.events[5].pages[0].list[41].parameters[0],1,「ところで何か用事があって学校へ来たんじゃないのか？」
T000557,B0002,D:\Dev\Desenvolvimento\Projetos\TradutorDGames\[Kimochi] RJ01696894,www\data\Map002.json,0,.json,utf-8-sig,"cjk,kana",rpgmaker_map,95,$.events[5].pages[0].list[44].parameters[0],1,完全に忘れていた……。
T000558,B0002,D:\Dev\Desenvolvimento\Projetos\TradutorDGames\[Kimochi] RJ01696894,www\data\Map002.json,0,.json,utf-8-sig,"cjk,kana",rpgmaker_map,95,$.events[5].pages[0].list[45].parameters[0],1,僕はスマホを先生に向ける。
T000559,B0002,D:\Dev\Desenvolvimento\Projetos\TradutorDGames\[Kimochi] RJ01696894,www\data\Map002.json,0,.json,utf-8-sig,kana,rpgmaker_map,95,$.events[5].pages[0].list[48].parameters[0],1,サツキ
T000560,B0002,D:\Dev\Desenvolvimento\Projetos\TradutorDGames\[Kimochi] RJ01696894,www\data\Map002.json,0,.json,utf-8-sig,"cjk,kana",rpgmaker_map,95,$.events[5].pages[0].list[49].parameters[0],1,「ん、写真か？記念に撮っておくか
T000561,B0002,D:\Dev\Desenvolvimento\Projetos\TradutorDGames\[Kimochi] RJ01696894,www\data\Map002.json,0,.json,utf-8-sig,"cjk,kana",rpgmaker_map,95,$.events[5].pages[0].list[50].parameters[0],1,撮るなら綺麗に撮ってくれな」
T000562,B0002,D:\Dev\Desenvolvimento\Projetos\TradutorDGames\[Kimochi] RJ01696894,www\data\Map002.json,0,.json,utf-8-sig,"cjk,kana",rpgmaker_map,95,$.events[5].pages[0].list[55].parameters[0],1,僕は サツキ にアプリをつかった！
T000563,B0002,D:\Dev\Desenvolvimento\Projetos\TradutorDGames\[Kimochi] RJ01696894,www\data\Map002.json,0,.json,utf-8-sig,kana,rpgmaker_map,95,$.events[5].pages[0].list[62].parameters[0],1,サツキ
T000564,B0002,D:\Dev\Desenvolvimento\Projetos\TradutorDGames\[Kimochi] RJ01696894,www\data\Map002.json,0,.json,utf-8-sig,kana,rpgmaker_map,95,$.events[5].pages[0].list[63].parameters[0],1,「う……、んん……？」
T000565,B0002,D:\Dev\Desenvolvimento\Projetos\TradutorDGames\[Kimochi] RJ01696894,www\data\Map002.json,0,.json,utf-8-sig,kana,rpgmaker_map,95,$.events[5].pages[0].list[66].parameters[0],1,"サツキは ""にんしきかいへん"" された！"
T000566,B0002,D:\Dev\Desenvolvimento\Projetos\TradutorDGames\[Kimochi] RJ01696894,www\data\Map002.json,0,.json,utf-8-sig,kana,rpgmaker_map,95,$.events[5].pages[1].list[101].parameters[0],1,サツキ
T000567,B0002,D:\Dev\Desenvolvimento\Projetos\TradutorDGames\[Kimochi] RJ01696894,www\data\Map002.json,0,.json,utf-8-sig,kana,rpgmaker_map,95,$.events[5].pages[1].list[102].parameters[0],1,「あっ……ぁあっ……」
T000568,B0002,D:\Dev\Desenvolvimento\Projetos\TradutorDGames\[Kimochi] RJ01696894,www\data\Map002.json,0,.json,utf-8-sig,kana,rpgmaker_map,95,$.events[5].pages[1].list[112].parameters[0],1,サツキ
T000569,B0002,D:\Dev\Desenvolvimento\Projetos\TradutorDGames\[Kimochi] RJ01696894,www\data\Map002.json,0,.json,utf-8-sig,kana,rpgmaker_map,95,$.events[5].pages[1].list[113].parameters[0],1,「ふぅ……おつかれ……
T000570,B0002,D:\Dev\Desenvolvimento\Projetos\TradutorDGames\[Kimochi] RJ01696894,www\data\Map002.json,0,.json,utf-8-sig,"cjk,kana",rpgmaker_map,95,$.events[5].pages[1].list[114].parameters[0],1,いっぱい出せたな……！」
T000571,B0002,D:\Dev\Desenvolvimento\Projetos\TradutorDGames\[Kimochi] RJ01696894,www\data\Map002.json,0,.json,utf-8-sig,kana,rpgmaker_map,95,$.events[5].pages[1].list[117].parameters[0],1,サツキ
T000572,B0002,D:\Dev\Desenvolvimento\Projetos\TradutorDGames\[Kimochi] RJ01696894,www\data\Map002.json,0,.json,utf-8-sig,"cjk,kana",rpgmaker_map,95,$.events[5].pages[1].list[118].parameters[0],1,「これだけ出したら
T000573,B0002,D:\Dev\Desenvolvimento\Projetos\TradutorDGames\[Kimochi] RJ01696894,www\data\Map002.json,0,.json,utf-8-sig,"cjk,kana",rpgmaker_map,95,$.events[5].pages[1].list[119].parameters[0],1,妊娠は確実だろうな……」
T000574,B0002,D:\Dev\Desenvolvimento\Projetos\TradutorDGames\[Kimochi] RJ01696894,www\data\Map002.json,0,.json,utf-8-sig,"cjk,kana",rpgmaker_map,95,$.events[5].pages[1].list[123].parameters[0],1,僕は サツキ に種付けした！
T000575,B0002,D:\Dev\Desenvolvimento\Projetos\TradutorDGames\[Kimochi] RJ01696894,www\data\Map002.json,0,.json,utf-8-sig,kana,rpgmaker_map,95,$.events[5].pages[1].list[12].parameters[0],1,サツキ
T000576,B0002,D:\Dev\Desenvolvimento\Projetos\TradutorDGames\[Kimochi] RJ01696894,www\data\Map002.json,0,.json,utf-8-sig,kana,rpgmaker_map,95,$.events[5].pages[1].list[13].parameters[0],1,「あぁそうか……！
T000577,B0002,D:\Dev\Desenvolvimento\Projetos\TradutorDGames\[Kimochi] RJ01696894,www\data\Map002.json,0,.json,utf-8-sig,"cjk,kana",rpgmaker_map,95,$.events[5].pages[1].list[14].parameters[0],1,種付けしてもらうんだったな！」
T000578,B0002,D:\Dev\Desenvolvimento\Projetos\TradutorDGames\[Kimochi] RJ01696894,www\data\Map002.json,0,.json,utf-8-sig,kana,rpgmaker_map,95,$.events[5].pages[1].list[17].parameters[0],1,サツキ
T000579,B0002,D:\Dev\Desenvolvimento\Projetos\TradutorDGames\[Kimochi] RJ01696894,www\data\Map002.json,0,.json,utf-8-sig,"cjk,kana",rpgmaker_map,95,$.events[5].pages[1].list[18].parameters[0],1,「でも私、汗かいてて匂うかも……？
T000580,B0002,D:\Dev\Desenvolvimento\Projetos\TradutorDGames\[Kimochi] RJ01696894,www\data\Map002.json,0,.json,utf-8-sig,"cjk,kana",rpgmaker_map,95,$.events[5].pages[1].list[19].parameters[0],1,今のままで大丈夫か？また今度でも……」
T000581,B0002,D:\Dev\Desenvolvimento\Projetos\TradutorDGames\[Kimochi] RJ01696894,www\data\Map002.json,0,.json,utf-8-sig,cjk,rpgmaker_map,95,$.events[5].pages[1].list[22].parameters[0],1,PA_INIT 7 12 横 0
T000582,B0002,D:\Dev\Desenvolvimento\Projetos\TradutorDGames\[Kimochi] RJ01696894,www\data\Map002.json,0,.json,utf-8-sig,kana,rpgmaker_map,95,$.events[5].pages[1].list[30].parameters[0],1,サツキ
T000583,B0002,D:\Dev\Desenvolvimento\Projetos\TradutorDGames\[Kimochi] RJ01696894,www\data\Map002.json,0,.json,utf-8-sig,kana,rpgmaker_map,95,$.events[5].pages[1].list[31].parameters[0],1,「んっ……
T000584,B0002,D:\Dev\Desenvolvimento\Projetos\TradutorDGames\[Kimochi] RJ01696894,www\data\Map002.json,0,.json,utf-8-sig,kana,rpgmaker_map,95,$.events[5].pages[1].list[32].parameters[0],1,お……おぉっ…………」
T000585,B0002,D:\Dev\Desenvolvimento\Projetos\TradutorDGames\[Kimochi] RJ01696894,www\data\Map002.json,0,.json,utf-8-sig,kana,rpgmaker_map,95,$.events[5].pages[1].list[34].parameters[0],1,サツキ
T000586,B0002,D:\Dev\Desenvolvimento\Projetos\TradutorDGames\[Kimochi] RJ01696894,www\data\Map002.json,0,.json,utf-8-sig,"cjk,kana",rpgmaker_map,95,$.events[5].pages[1].list[35].parameters[0],1,「は、入っちゃったな……」
T000587,B0002,D:\Dev\Desenvolvimento\Projetos\TradutorDGames\[Kimochi] RJ01696894,www\data\Map002.json,0,.json,utf-8-sig,cjk,rpgmaker_map,95,$.events[5].pages[1].list[36].parameters[0],1,PA_INIT 4 12 横 0
T000588,B0002,D:\Dev\Desenvolvimento\Projetos\TradutorDGames\[Kimochi] RJ01696894,www\data\Map002.json,0,.json,utf-8-sig,kana,rpgmaker_map,95,$.events[5].pages[1].list[3].parameters[0],1,サツキ
T000589,B0002,D:\Dev\Desenvolvimento\Projetos\TradutorDGames\[Kimochi] RJ01696894,www\data\Map002.json,0,.json,utf-8-sig,kana,rpgmaker_map,95,$.events[5].pages[1].list[42].parameters[0],1,サツキ
T000590,B0002,D:\Dev\Desenvolvimento\Projetos\TradutorDGames\[Kimochi] RJ01696894,www\data\Map002.json,0,.json,utf-8-sig,kana,rpgmaker_map,95,$.events[5].pages[1].list[43].parameters[0],1,「んんっ…………」
T000591,B0002,D:\Dev\Desenvolvimento\Projetos\TradutorDGames\[Kimochi] RJ01696894,www\data\Map002.json,0,.json,utf-8-sig,kana,rpgmaker_map,95,$.events[5].pages[1].list[45].parameters[0],1,サツキ
T000592,B0002,D:\Dev\Desenvolvimento\Projetos\TradutorDGames\[Kimochi] RJ01696894,www\data\Map002.json,0,.json,utf-8-sig,"cjk,kana",rpgmaker_map,95,$.events[5].pages[1].list[46].parameters[0],1,「まさか自分の教え子に
T000593,B0002,D:\Dev\Desenvolvimento\Projetos\TradutorDGames\[Kimochi] RJ01696894,www\data\Map002.json,0,.json,utf-8-sig,"cjk,kana",rpgmaker_map,95,$.events[5].pages[1].list[47].parameters[0],1,種付けされる日が来るとはな……」
T000594,B0002,D:\Dev\Desenvolvimento\Projetos\TradutorDGames\[Kimochi] RJ01696894,www\data\Map002.json,0,.json,utf-8-sig,kana,rpgmaker_map,95,$.events[5].pages[1].list[49].parameters[0],1,サツキ
T000595,B0002,D:\Dev\Desenvolvimento\Projetos\TradutorDGames\[Kimochi] RJ01696894,www\data\Map002.json,0,.json,utf-8-sig,kana,rpgmaker_map,95,$.events[5].pages[1].list[4].parameters[0],1,「ん……？
T000596,B0002,D:\Dev\Desenvolvimento\Projetos\TradutorDGames\[Kimochi] RJ01696894,www\data\Map002.json,0,.json,utf-8-sig,"cjk,kana",rpgmaker_map,95,$.events[5].pages[1].list[50].parameters[0],1,「私の汗かかってないか……？
T000597,B0002,D:\Dev\Desenvolvimento\Projetos\TradutorDGames\[Kimochi] RJ01696894,www\data\Map002.json,0,.json,utf-8-sig,"cjk,kana",rpgmaker_map,95,$.events[5].pages[1].list[51].parameters[0],1,暑かったら無理しなくていいからな……？」
T000598,B0002,D:\Dev\Desenvolvimento\Projetos\TradutorDGames\[Kimochi] RJ01696894,www\data\Map002.json,0,.json,utf-8-sig,kana,rpgmaker_map,95,$.events[5].pages[1].list[53].parameters[0],1,サツキ
T000599,B0002,D:\Dev\Desenvolvimento\Projetos\TradutorDGames\[Kimochi] RJ01696894,www\data\Map002.json,0,.json,utf-8-sig,kana,rpgmaker_map,95,$.events[5].pages[1].list[54].parameters[0],1,「んっ…………ふぅ…………」
T000600,B0002,D:\Dev\Desenvolvimento\Projetos\TradutorDGames\[Kimochi] RJ01696894,www\data\Map002.json,0,.json,utf-8-sig,kana,rpgmaker_map,95,$.events[5].pages[1].list[56].parameters[0],1,サツキ
T000601,B0002,D:\Dev\Desenvolvimento\Projetos\TradutorDGames\[Kimochi] RJ01696894,www\data\Map002.json,0,.json,utf-8-sig,"cjk,kana",rpgmaker_map,95,$.events[5].pages[1].list[57].parameters[0],1,「そうそう、その調子……！」
T000602,B0002,D:\Dev\Desenvolvimento\Projetos\TradutorDGames\[Kimochi] RJ01696894,www\data\Map002.json,0,.json,utf-8-sig,kana,rpgmaker_map,95,$.events[5].pages[1].list[59].parameters[0],1,サツキ
T000603,B0002,D:\Dev\Desenvolvimento\Projetos\TradutorDGames\[Kimochi] RJ01696894,www\data\Map002.json,0,.json,utf-8-sig,"cjk,kana",rpgmaker_map,95,$.events[5].pages[1].list[5].parameters[0],1,あれ？私ぼーっとしてたか……？」
T000604,B0002,D:\Dev\Desenvolvimento\Projetos\TradutorDGames\[Kimochi] RJ01696894,www\data\Map002.json,0,.json,utf-8-sig,"cjk,kana",rpgmaker_map,95,$.events[5].pages[1].list[60].parameters[0],1,「なかなか上手いじゃないか？
T000605,B0002,D:\Dev\Desenvolvimento\Projetos\TradutorDGames\[Kimochi] RJ01696894,www\data\Map002.json,0,.json,utf-8-sig,"cjk,kana",rpgmaker_map,95,$.events[5].pages[1].list[61].parameters[0],1,他にも誰かに種付けしたのか？」
T000606,B0002,D:\Dev\Desenvolvimento\Projetos\TradutorDGames\[Kimochi] RJ01696894,www\data\Map002.json,0,.json,utf-8-sig,kana,rpgmaker_map,95,$.events[5].pages[1].list[63].parameters[0],1,サツキ
T000607,B0002,D:\Dev\Desenvolvimento\Projetos\TradutorDGames\[Kimochi] RJ01696894,www\data\Map002.json,0,.json,utf-8-sig,"cjk,kana",rpgmaker_map,95,$.events[5].pages[1].list[64].parameters[0],1,「お姉ちゃんと……？
T000608,B0002,D:\Dev\Desenvolvimento\Projetos\TradutorDGames\[Kimochi] RJ01696894,www\data\Map002.json,0,.json,utf-8-sig,kana,rpgmaker_map,95,$.events[5].pages[1].list[65].parameters[0],1,そ、そうか、それは…………」
T000609,B0002,D:\Dev\Desenvolvimento\Projetos\TradutorDGames\[Kimochi] RJ01696894,www\data\Map002.json,0,.json,utf-8-sig,kana,rpgmaker_map,95,$.events[5].pages[1].list[67].parameters[0],1,サツキ
T000610,B0002,D:\Dev\Desenvolvimento\Projetos\TradutorDGames\[Kimochi] RJ01696894,www\data\Map002.json,0,.json,utf-8-sig,kana,rpgmaker_map,95,$.events[5].pages[1].list[68].parameters[0],1,「……え、えらいな！」
T000611,B0002,D:\Dev\Desenvolvimento\Projetos\TradutorDGames\[Kimochi] RJ01696894,www\data\Map002.json,0,.json,utf-8-sig,kana,rpgmaker_map,95,$.events[5].pages[1].list[70].parameters[0],1,サツキ
T000612,B0002,D:\Dev\Desenvolvimento\Projetos\TradutorDGames\[Kimochi] RJ01696894,www\data\Map002.json,0,.json,utf-8-sig,"cjk,kana",rpgmaker_map,95,$.events[5].pages[1].list[71].parameters[0],1,「その調子で私にも種付け頑張ってくれ……」
T000613,B0002,D:\Dev\Desenvolvimento\Projetos\TradutorDGames\[Kimochi] RJ01696894,www\data\Map002.json,0,.json,utf-8-sig,cjk,rpgmaker_map,95,$.events[5].pages[1].list[72].parameters[0],1,PA_INIT 4 6 横 0
T000614,B0002,D:\Dev\Desenvolvimento\Projetos\TradutorDGames\[Kimochi] RJ01696894,www\data\Map002.json,0,.json,utf-8-sig,kana,rpgmaker_map,95,$.events[5].pages[1].list[78].parameters[0],1,サツキ
T000615,B0002,D:\Dev\Desenvolvimento\Projetos\TradutorDGames\[Kimochi] RJ01696894,www\data\Map002.json,0,.json,utf-8-sig,kana,rpgmaker_map,95,$.events[5].pages[1].list[79].parameters[0],1,「んっ、んっ……
T000616,B0002,D:\Dev\Desenvolvimento\Projetos\TradutorDGames\[Kimochi] RJ01696894,www\data\Map002.json,0,.json,utf-8-sig,kana,rpgmaker_map,95,$.events[5].pages[1].list[7].parameters[0],1,サツキ
T000617,B0002,D:\Dev\Desenvolvimento\Projetos\TradutorDGames\[Kimochi] RJ01696894,www\data\Map002.json,0,.json,utf-8-sig,kana,rpgmaker_map,95,$.events[5].pages[1].list[80].parameters[0],1,い、いいぞ……がんばれがんばれ……！」
T000618,B0002,D:\Dev\Desenvolvimento\Projetos\TradutorDGames\[Kimochi] RJ01696894,www\data\Map002.json,0,.json,utf-8-sig,kana,rpgmaker_map,95,$.events[5].pages[1].list[82].parameters[0],1,サツキ
T000619,B0002,D:\Dev\Desenvolvimento\Projetos\TradutorDGames\[Kimochi] RJ01696894,www\data\Map002.json,0,.json,utf-8-sig,kana,rpgmaker_map,95,$.events[5].pages[1].list[83].parameters[0],1,「ん……
T000620,B0002,D:\Dev\Desenvolvimento\Projetos\TradutorDGames\[Kimochi] RJ01696894,www\data\Map002.json,0,.json,utf-8-sig,"cjk,kana",rpgmaker_map,95,$.events[5].pages[1].list[84].parameters[0],1,そろそろ出そうか……？」
T000621,B0002,D:\Dev\Desenvolvimento\Projetos\TradutorDGames\[Kimochi] RJ01696894,www\data\Map002.json,0,.json,utf-8-sig,kana,rpgmaker_map,95,$.events[5].pages[1].list[86].parameters[0],1,サツキ
T000622,B0002,D:\Dev\Desenvolvimento\Projetos\TradutorDGames\[Kimochi] RJ01696894,www\data\Map002.json,0,.json,utf-8-sig,"cjk,kana",rpgmaker_map,95,$.events[5].pages[1].list[87].parameters[0],1,「いつでも出していいからな……！」
T000623,B0002,D:\Dev\Desenvolvimento\Projetos\TradutorDGames\[Kimochi] RJ01696894,www\data\Map002.json,0,.json,utf-8-sig,kana,rpgmaker_map,95,$.events[5].pages[1].list[89].parameters[0],1,サツキ
T000624,B0002,D:\Dev\Desenvolvimento\Projetos\TradutorDGames\[Kimochi] RJ01696894,www\data\Map002.json,0,.json,utf-8-sig,kana,rpgmaker_map,95,$.events[5].pages[1].list[8].parameters[0],1,「えーと
T000625,B0002,D:\Dev\Desenvolvimento\Projetos\TradutorDGames\[Kimochi] RJ01696894,www\data\Map002.json,0,.json,utf-8-sig,"cjk,kana",rpgmaker_map,95,$.events[5].pages[1].list[90].parameters[0],1,「たくさん射精してっ……！
T000626,B0002,D:\Dev\Desenvolvimento\Projetos\TradutorDGames\[Kimochi] RJ01696894,www\data\Map002.json,0,.json,utf-8-sig,"cjk,kana",rpgmaker_map,95,$.events[5].pages[1].list[91].parameters[0],1,しっかり先生を孕ませてくれ……！」
T000627,B0002,D:\Dev\Desenvolvimento\Projetos\TradutorDGames\[Kimochi] RJ01696894,www\data\Map002.json,0,.json,utf-8-sig,cjk,rpgmaker_map,95,$.events[5].pages[1].list[93].parameters[0],1,PA_INIT 9 12 横 0
T000628,B0002,D:\Dev\Desenvolvimento\Projetos\TradutorDGames\[Kimochi] RJ01696894,www\data\Map002.json,0,.json,utf-8-sig,"cjk,kana",rpgmaker_map,95,$.events[5].pages[1].list[9].parameters[0],1,何の話してたっけ……」
T000629,B0002,D:\Dev\Desenvolvimento\Projetos\TradutorDGames\[Kimochi] RJ01696894,www\data\Map002.json,0,.json,utf-8-sig,"cjk,kana",rpgmaker_map,95,$.events[6].pages[0].list[11].parameters[0],1,日陰の涼しそうな場所でたばこを
T000630,B0002,D:\Dev\Desenvolvimento\Projetos\TradutorDGames\[Kimochi] RJ01696894,www\data\Map002.json,0,.json,utf-8-sig,"cjk,kana",rpgmaker_map,95,$.events[6].pages[0].list[12].parameters[0],1,吸っているお姉さんがいる。
T000631,B0002,D:\Dev\Desenvolvimento\Projetos\TradutorDGames\[Kimochi] RJ01696894,www\data\Map002.json,0,.json,utf-8-sig,"cjk,kana",rpgmaker_map,95,$.events[6].pages[0].list[15].parameters[0],1,お姉さん
T000632,B0002,D:\Dev\Desenvolvimento\Projetos\TradutorDGames\[Kimochi] RJ01696894,www\data\Map002.json,0,.json,utf-8-sig,"cjk,kana",rpgmaker_map,95,$.events[6].pages[0].list[16].parameters[0],1,「ん……なんか用？」
T000633,B0002,D:\Dev\Desenvolvimento\Projetos\TradutorDGames\[Kimochi] RJ01696894,www\data\Map002.json,0,.json,utf-8-sig,"cjk,kana",rpgmaker_map,95,$.events[6].pages[0].list[19].parameters[0],1,お姉さん
T000634,B0002,D:\Dev\Desenvolvimento\Projetos\TradutorDGames\[Kimochi] RJ01696894,www\data\Map002.json,0,.json,utf-8-sig,"cjk,kana",rpgmaker_map,95,$.events[6].pages[0].list[20].parameters[0],1,「ここは私が占領してるから、暑いなら家に帰りなー？」
T000635,B0002,D:\Dev\Desenvolvimento\Projetos\TradutorDGames\[Kimochi] RJ01696894,www\data\Map002.json,0,.json,utf-8-sig,"cjk,kana",rpgmaker_map,95,$.events[6].pages[0].list[23].parameters[0],1,僕はお姉さんに近づいていく。
T000636,B0002,D:\Dev\Desenvolvimento\Projetos\TradutorDGames\[Kimochi] RJ01696894,www\data\Map002.json,0,.json,utf-8-sig,"cjk,kana",rpgmaker_map,95,$.events[6].pages[0].list[26].parameters[0],1,お姉さん
T000637,B0002,D:\Dev\Desenvolvimento\Projetos\TradutorDGames\[Kimochi] RJ01696894,www\data\Map002.json,0,.json,utf-8-sig,"cjk,kana",rpgmaker_map,95,$.events[6].pages[0].list[27].parameters[0],1,「なんだよ……夏休みで暇なのか？
T000638,B0002,D:\Dev\Desenvolvimento\Projetos\TradutorDGames\[Kimochi] RJ01696894,www\data\Map002.json,0,.json,utf-8-sig,"cjk,kana",rpgmaker_map,95,$.events[6].pages[0].list[28].parameters[0],1,ここに面白い物なんてないぞ？」
T000639,B0002,D:\Dev\Desenvolvimento\Projetos\TradutorDGames\[Kimochi] RJ01696894,www\data\Map002.json,0,.json,utf-8-sig,"cjk,kana",rpgmaker_map,95,$.events[6].pages[0].list[31].parameters[0],1,お姉さんは拒絶しながらも、僕が近づくとたばこをやめる。
T000640,B0002,D:\Dev\Desenvolvimento\Projetos\TradutorDGames\[Kimochi] RJ01696894,www\data\Map002.json,0,.json,utf-8-sig,"cjk,kana",rpgmaker_map,95,$.events[6].pages[0].list[34].parameters[0],1,お姉さん
T000641,B0002,D:\Dev\Desenvolvimento\Projetos\TradutorDGames\[Kimochi] RJ01696894,www\data\Map002.json,0,.json,utf-8-sig,"cjk,kana",rpgmaker_map,95,$.events[6].pages[0].list[35].parameters[0],1,「まぁ少しくらいなら、涼んでいってもいいけど」
T000642,B0002,D:\Dev\Desenvolvimento\Projetos\TradutorDGames\[Kimochi] RJ01696894,www\data\Map002.json,0,.json,utf-8-sig,"cjk,kana",rpgmaker_map,95,$.events[6].pages[0].list[38].parameters[0],1,僕は要件を伝える。
T000643,B0002,D:\Dev\Desenvolvimento\Projetos\TradutorDGames\[Kimochi] RJ01696894,www\data\Map002.json,0,.json,utf-8-sig,"cjk,kana",rpgmaker_map,95,$.events[6].pages[0].list[41].parameters[0],1,お姉さん
T000644,B0002,D:\Dev\Desenvolvimento\Projetos\TradutorDGames\[Kimochi] RJ01696894,www\data\Map002.json,0,.json,utf-8-sig,kana,rpgmaker_map,95,$.events[6].pages[0].list[42].parameters[0],1,「んん？アプリがなに……？
T000645,B0002,D:\Dev\Desenvolvimento\Projetos\TradutorDGames\[Kimochi] RJ01696894,www\data\Map002.json,0,.json,utf-8-sig,"cjk,kana",rpgmaker_map,95,$.events[6].pages[0].list[43].parameters[0],1,最近流行ってるゲームとか？」
T000646,B0002,D:\Dev\Desenvolvimento\Projetos\TradutorDGames\[Kimochi] RJ01696894,www\data\Map002.json,0,.json,utf-8-sig,"cjk,kana",rpgmaker_map,95,$.events[6].pages[0].list[46].parameters[0],1,お姉さん
T000647,B0002,D:\Dev\Desenvolvimento\Projetos\TradutorDGames\[Kimochi] RJ01696894,www\data\Map002.json,0,.json,utf-8-sig,"cjk,kana",rpgmaker_map,95,$.events[6].pages[0].list[47].parameters[0],1,「まあいいよ、暑くてまいってたから
T000648,B0002,D:\Dev\Desenvolvimento\Projetos\TradutorDGames\[Kimochi] RJ01696894,www\data\Map002.json,0,.json,utf-8-sig,"cjk,kana",rpgmaker_map,95,$.events[6].pages[0].list[48].parameters[0],1,気がまぎれるかもだし」
T000649,B0002,D:\Dev\Desenvolvimento\Projetos\TradutorDGames\[Kimochi] RJ01696894,www\data\Map002.json,0,.json,utf-8-sig,"cjk,kana",rpgmaker_map,95,$.events[6].pages[0].list[53].parameters[0],1,僕は サヤ にアプリをつかった！
T000650,B0002,D:\Dev\Desenvolvimento\Projetos\TradutorDGames\[Kimochi] RJ01696894,www\data\Map002.json,0,.json,utf-8-sig,kana,rpgmaker_map,95,$.events[6].pages[0].list[61].parameters[0],1,サヤ
T000651,B0002,D:\Dev\Desenvolvimento\Projetos\TradutorDGames\[Kimochi] RJ01696894,www\data\Map002.json,0,.json,utf-8-sig,kana,rpgmaker_map,95,$.events[6].pages[0].list[65].parameters[0],1,"サヤは ""にんしきかいへん"" された！"
T000652,B0002,D:\Dev\Desenvolvimento\Projetos\TradutorDGames\[Kimochi] RJ01696894,www\data\Map002.json,0,.json,utf-8-sig,kana,rpgmaker_map,95,$.events[6].pages[1].list[100].parameters[0],1,「あ……あぁ……
T000653,B0002,D:\Dev\Desenvolvimento\Projetos\TradutorDGames\[Kimochi] RJ01696894,www\data\Map002.json,0,.json,utf-8-sig,kana,rpgmaker_map,95,$.events[6].pages[1].list[101].parameters[0],1,またいく……っ♥♥」
T000654,B0002,D:\Dev\Desenvolvimento\Projetos\TradutorDGames\[Kimochi] RJ01696894,www\data\Map002.json,0,.json,utf-8-sig,kana,rpgmaker_map,95,$.events[6].pages[1].list[105].parameters[0],1,サヤ
T000655,B0002,D:\Dev\Desenvolvimento\Projetos\TradutorDGames\[Kimochi] RJ01696894,www\data\Map002.json,0,.json,utf-8-sig,kana,rpgmaker_map,95,$.events[6].pages[1].list[106].parameters[0],1,「いっ……ぎぃぃぃ♥♥♥」
T000656,B0002,D:\Dev\Desenvolvimento\Projetos\TradutorDGames\[Kimochi] RJ01696894,www\data\Map002.json,0,.json,utf-8-sig,kana,rpgmaker_map,95,$.events[6].pages[1].list[108].parameters[0],1,サヤ
T000657,B0002,D:\Dev\Desenvolvimento\Projetos\TradutorDGames\[Kimochi] RJ01696894,www\data\Map002.json,0,.json,utf-8-sig,kana,rpgmaker_map,95,$.events[6].pages[1].list[109].parameters[0],1,「あぁ……♥♥
T000658,B0002,D:\Dev\Desenvolvimento\Projetos\TradutorDGames\[Kimochi] RJ01696894,www\data\Map002.json,0,.json,utf-8-sig,kana,rpgmaker_map,95,$.events[6].pages[1].list[10].parameters[0],1,サヤ
T000659,B0002,D:\Dev\Desenvolvimento\Projetos\TradutorDGames\[Kimochi] RJ01696894,www\data\Map002.json,0,.json,utf-8-sig,"cjk,kana",rpgmaker_map,95,$.events[6].pages[1].list[110].parameters[0],1,ちんぽ♥♥ちんぽ気持ちいい♥♥」
T000660,B0002,D:\Dev\Desenvolvimento\Projetos\TradutorDGames\[Kimochi] RJ01696894,www\data\Map002.json,0,.json,utf-8-sig,kana,rpgmaker_map,95,$.events[6].pages[1].list[112].parameters[0],1,サヤ
T000661,B0002,D:\Dev\Desenvolvimento\Projetos\TradutorDGames\[Kimochi] RJ01696894,www\data\Map002.json,0,.json,utf-8-sig,kana,rpgmaker_map,95,$.events[6].pages[1].list[113].parameters[0],1,「とまんない……♥
T000662,B0002,D:\Dev\Desenvolvimento\Projetos\TradutorDGames\[Kimochi] RJ01696894,www\data\Map002.json,0,.json,utf-8-sig,kana,rpgmaker_map,95,$.events[6].pages[1].list[114].parameters[0],1,いくのとまんない……♥♥」
T000663,B0002,D:\Dev\Desenvolvimento\Projetos\TradutorDGames\[Kimochi] RJ01696894,www\data\Map002.json,0,.json,utf-8-sig,kana,rpgmaker_map,95,$.events[6].pages[1].list[116].parameters[0],1,サヤ
T000664,B0002,D:\Dev\Desenvolvimento\Projetos\TradutorDGames\[Kimochi] RJ01696894,www\data\Map002.json,0,.json,utf-8-sig,kana,rpgmaker_map,95,$.events[6].pages[1].list[117].parameters[0],1,「あたまバカになっちゃう……♥♥」
T000665,B0002,D:\Dev\Desenvolvimento\Projetos\TradutorDGames\[Kimochi] RJ01696894,www\data\Map002.json,0,.json,utf-8-sig,kana,rpgmaker_map,95,$.events[6].pages[1].list[119].parameters[0],1,サヤ
T000666,B0002,D:\Dev\Desenvolvimento\Projetos\TradutorDGames\[Kimochi] RJ01696894,www\data\Map002.json,0,.json,utf-8-sig,"cjk,kana",rpgmaker_map,95,$.events[6].pages[1].list[11].parameters[0],1,「なんか……ここも暑くなってきた？」
T000667,B0002,D:\Dev\Desenvolvimento\Projetos\TradutorDGames\[Kimochi] RJ01696894,www\data\Map002.json,0,.json,utf-8-sig,kana,rpgmaker_map,95,$.events[6].pages[1].list[120].parameters[0],1,「あぁこれ……♥またくる……♥♥」
T000668,B0002,D:\Dev\Desenvolvimento\Projetos\TradutorDGames\[Kimochi] RJ01696894,www\data\Map002.json,0,.json,utf-8-sig,kana,rpgmaker_map,95,$.events[6].pages[1].list[122].parameters[0],1,サヤ
T000669,B0002,D:\Dev\Desenvolvimento\Projetos\TradutorDGames\[Kimochi] RJ01696894,www\data\Map002.json,0,.json,utf-8-sig,kana,rpgmaker_map,95,$.events[6].pages[1].list[123].parameters[0],1,「い、いくっ…………
T000670,B0002,D:\Dev\Desenvolvimento\Projetos\TradutorDGames\[Kimochi] RJ01696894,www\data\Map002.json,0,.json,utf-8-sig,kana,rpgmaker_map,95,$.events[6].pages[1].list[124].parameters[0],1,いくいくっ……！！」
T000671,B0002,D:\Dev\Desenvolvimento\Projetos\TradutorDGames\[Kimochi] RJ01696894,www\data\Map002.json,0,.json,utf-8-sig,kana,rpgmaker_map,95,$.events[6].pages[1].list[126].parameters[0],1,サヤ
T000672,B0002,D:\Dev\Desenvolvimento\Projetos\TradutorDGames\[Kimochi] RJ01696894,www\data\Map002.json,0,.json,utf-8-sig,kana,rpgmaker_map,95,$.events[6].pages[1].list[127].parameters[0],1,「いっ……♥
T000673,B0002,D:\Dev\Desenvolvimento\Projetos\TradutorDGames\[Kimochi] RJ01696894,www\data\Map002.json,0,.json,utf-8-sig,kana,rpgmaker_map,95,$.events[6].pages[1].list[128].parameters[0],1,あっ……あぁっ……♥♥」
T000674,B0002,D:\Dev\Desenvolvimento\Projetos\TradutorDGames\[Kimochi] RJ01696894,www\data\Map002.json,0,.json,utf-8-sig,cjk,rpgmaker_map,95,$.events[6].pages[1].list[130].parameters[0],1,PA_INIT 9 12 横 0
T000675,B0002,D:\Dev\Desenvolvimento\Projetos\TradutorDGames\[Kimochi] RJ01696894,www\data\Map002.json,0,.json,utf-8-sig,kana,rpgmaker_map,95,$.events[6].pages[1].list[138].parameters[0],1,サヤ
T000676,B0002,D:\Dev\Desenvolvimento\Projetos\TradutorDGames\[Kimochi] RJ01696894,www\data\Map002.json,0,.json,utf-8-sig,kana,rpgmaker_map,95,$.events[6].pages[1].list[139].parameters[0],1,「んんっ……♥♥
T000677,B0002,D:\Dev\Desenvolvimento\Projetos\TradutorDGames\[Kimochi] RJ01696894,www\data\Map002.json,0,.json,utf-8-sig,kana,rpgmaker_map,95,$.events[6].pages[1].list[140].parameters[0],1,いっ……♥ぐぅ……！？！？♥♥」
T000678,B0002,D:\Dev\Desenvolvimento\Projetos\TradutorDGames\[Kimochi] RJ01696894,www\data\Map002.json,0,.json,utf-8-sig,cjk,rpgmaker_map,95,$.events[6].pages[1].list[145].parameters[0],1,PA_INIT 12 24 横 0
T000679,B0002,D:\Dev\Desenvolvimento\Projetos\TradutorDGames\[Kimochi] RJ01696894,www\data\Map002.json,0,.json,utf-8-sig,kana,rpgmaker_map,95,$.events[6].pages[1].list[14].parameters[0],1,サヤ
T000680,B0002,D:\Dev\Desenvolvimento\Projetos\TradutorDGames\[Kimochi] RJ01696894,www\data\Map002.json,0,.json,utf-8-sig,kana,rpgmaker_map,95,$.events[6].pages[1].list[152].parameters[0],1,サヤ
T000681,B0002,D:\Dev\Desenvolvimento\Projetos\TradutorDGames\[Kimochi] RJ01696894,www\data\Map002.json,0,.json,utf-8-sig,kana,rpgmaker_map,95,$.events[6].pages[1].list[153].parameters[0],1,「おっ……♥いぎっ……っ♥」
T000682,B0002,D:\Dev\Desenvolvimento\Projetos\TradutorDGames\[Kimochi] RJ01696894,www\data\Map002.json,0,.json,utf-8-sig,"cjk,kana",rpgmaker_map,95,$.events[6].pages[1].list[157].parameters[0],1,僕は サヤ に種付けした！
T000683,B0002,D:\Dev\Desenvolvimento\Projetos\TradutorDGames\[Kimochi] RJ01696894,www\data\Map002.json,0,.json,utf-8-sig,kana,rpgmaker_map,95,$.events[6].pages[1].list[15].parameters[0],1,「あっ……
T000684,B0002,D:\Dev\Desenvolvimento\Projetos\TradutorDGames\[Kimochi] RJ01696894,www\data\Map002.json,0,.json,utf-8-sig,"cjk,kana",rpgmaker_map,95,$.events[6].pages[1].list[16].parameters[0],1,た、種付け……するんだよね……？」
T000685,B0002,D:\Dev\Desenvolvimento\Projetos\TradutorDGames\[Kimochi] RJ01696894,www\data\Map002.json,0,.json,utf-8-sig,kana,rpgmaker_map,95,$.events[6].pages[1].list[19].parameters[0],1,サヤ
T000686,B0002,D:\Dev\Desenvolvimento\Projetos\TradutorDGames\[Kimochi] RJ01696894,www\data\Map002.json,0,.json,utf-8-sig,kana,rpgmaker_map,95,$.events[6].pages[1].list[20].parameters[0],1,「あれ……？
T000687,B0002,D:\Dev\Desenvolvimento\Projetos\TradutorDGames\[Kimochi] RJ01696894,www\data\Map002.json,0,.json,utf-8-sig,kana,rpgmaker_map,95,$.events[6].pages[1].list[21].parameters[0],1,こんないきなりするもんだっけ？」
T000688,B0002,D:\Dev\Desenvolvimento\Projetos\TradutorDGames\[Kimochi] RJ01696894,www\data\Map002.json,0,.json,utf-8-sig,kana,rpgmaker_map,95,$.events[6].pages[1].list[24].parameters[0],1,サヤ
T000689,B0002,D:\Dev\Desenvolvimento\Projetos\TradutorDGames\[Kimochi] RJ01696894,www\data\Map002.json,0,.json,utf-8-sig,kana,rpgmaker_map,95,$.events[6].pages[1].list[25].parameters[0],1,「まあいいか……
T000690,B0002,D:\Dev\Desenvolvimento\Projetos\TradutorDGames\[Kimochi] RJ01696894,www\data\Map002.json,0,.json,utf-8-sig,"cjk,kana",rpgmaker_map,95,$.events[6].pages[1].list[26].parameters[0],1,でも私じゃ、あんま楽しめないと思うよ？」
T000691,B0002,D:\Dev\Desenvolvimento\Projetos\TradutorDGames\[Kimochi] RJ01696894,www\data\Map002.json,0,.json,utf-8-sig,kana,rpgmaker_map,95,$.events[6].pages[1].list[29].parameters[0],1,サヤ
T000692,B0002,D:\Dev\Desenvolvimento\Projetos\TradutorDGames\[Kimochi] RJ01696894,www\data\Map002.json,0,.json,utf-8-sig,kana,rpgmaker_map,95,$.events[6].pages[1].list[30].parameters[0],1,「セックスでいったことないんだよね……」
T000693,B0002,D:\Dev\Desenvolvimento\Projetos\TradutorDGames\[Kimochi] RJ01696894,www\data\Map002.json,0,.json,utf-8-sig,cjk,rpgmaker_map,95,$.events[6].pages[1].list[34].parameters[0],1,PA_INIT 4 12 横 0
T000694,B0002,D:\Dev\Desenvolvimento\Projetos\TradutorDGames\[Kimochi] RJ01696894,www\data\Map002.json,0,.json,utf-8-sig,kana,rpgmaker_map,95,$.events[6].pages[1].list[42].parameters[0],1,サヤ
T000695,B0002,D:\Dev\Desenvolvimento\Projetos\TradutorDGames\[Kimochi] RJ01696894,www\data\Map002.json,0,.json,utf-8-sig,kana,rpgmaker_map,95,$.events[6].pages[1].list[43].parameters[0],1,「……んおぉっ！？！？♥♥」
T000696,B0002,D:\Dev\Desenvolvimento\Projetos\TradutorDGames\[Kimochi] RJ01696894,www\data\Map002.json,0,.json,utf-8-sig,kana,rpgmaker_map,95,$.events[6].pages[1].list[45].parameters[0],1,サヤ
T000697,B0002,D:\Dev\Desenvolvimento\Projetos\TradutorDGames\[Kimochi] RJ01696894,www\data\Map002.json,0,.json,utf-8-sig,kana,rpgmaker_map,95,$.events[6].pages[1].list[46].parameters[0],1,「あっ……あっ……！？
T000698,B0002,D:\Dev\Desenvolvimento\Projetos\TradutorDGames\[Kimochi] RJ01696894,www\data\Map002.json,0,.json,utf-8-sig,kana,rpgmaker_map,95,$.events[6].pages[1].list[47].parameters[0],1,ま、まって……
T000699,B0002,D:\Dev\Desenvolvimento\Projetos\TradutorDGames\[Kimochi] RJ01696894,www\data\Map002.json,0,.json,utf-8-sig,kana,rpgmaker_map,95,$.events[6].pages[1].list[48].parameters[0],1,なんかおかしい……！！」
T000700,B0002,D:\Dev\Desenvolvimento\Projetos\TradutorDGames\[Kimochi] RJ01696894,www\data\Map002.json,0,.json,utf-8-sig,cjk,rpgmaker_map,95,$.events[6].pages[1].list[49].parameters[0],1,PA_INIT 4 12 横 0
T000701,B0002,D:\Dev\Desenvolvimento\Projetos\TradutorDGames\[Kimochi] RJ01696894,www\data\Map002.json,0,.json,utf-8-sig,kana,rpgmaker_map,95,$.events[6].pages[1].list[55].parameters[0],1,サヤ
T000702,B0002,D:\Dev\Desenvolvimento\Projetos\TradutorDGames\[Kimochi] RJ01696894,www\data\Map002.json,0,.json,utf-8-sig,kana,rpgmaker_map,95,$.events[6].pages[1].list[56].parameters[0],1,「んおおぉぉっ……？♥？♥」
T000703,B0002,D:\Dev\Desenvolvimento\Projetos\TradutorDGames\[Kimochi] RJ01696894,www\data\Map002.json,0,.json,utf-8-sig,kana,rpgmaker_map,95,$.events[6].pages[1].list[58].parameters[0],1,サヤ
T000704,B0002,D:\Dev\Desenvolvimento\Projetos\TradutorDGames\[Kimochi] RJ01696894,www\data\Map002.json,0,.json,utf-8-sig,kana,rpgmaker_map,95,$.events[6].pages[1].list[59].parameters[0],1,「あぁっ……ま、まって
T000705,B0002,D:\Dev\Desenvolvimento\Projetos\TradutorDGames\[Kimochi] RJ01696894,www\data\Map002.json,0,.json,utf-8-sig,kana,rpgmaker_map,95,$.events[6].pages[1].list[5].parameters[0],1,サヤ
T000706,B0002,D:\Dev\Desenvolvimento\Projetos\TradutorDGames\[Kimochi] RJ01696894,www\data\Map002.json,0,.json,utf-8-sig,"cjk,kana",rpgmaker_map,95,$.events[6].pages[1].list[60].parameters[0],1,いったん止まって……♥」
T000707,B0002,D:\Dev\Desenvolvimento\Projetos\TradutorDGames\[Kimochi] RJ01696894,www\data\Map002.json,0,.json,utf-8-sig,kana,rpgmaker_map,95,$.events[6].pages[1].list[62].parameters[0],1,サヤ
T000708,B0002,D:\Dev\Desenvolvimento\Projetos\TradutorDGames\[Kimochi] RJ01696894,www\data\Map002.json,0,.json,utf-8-sig,kana,rpgmaker_map,95,$.events[6].pages[1].list[63].parameters[0],1,「な、なにこれ……！？
T000709,B0002,D:\Dev\Desenvolvimento\Projetos\TradutorDGames\[Kimochi] RJ01696894,www\data\Map002.json,0,.json,utf-8-sig,kana,rpgmaker_map,95,$.events[6].pages[1].list[64].parameters[0],1,しらないっ……！？！？」
T000710,B0002,D:\Dev\Desenvolvimento\Projetos\TradutorDGames\[Kimochi] RJ01696894,www\data\Map002.json,0,.json,utf-8-sig,kana,rpgmaker_map,95,$.events[6].pages[1].list[66].parameters[0],1,サヤ
T000711,B0002,D:\Dev\Desenvolvimento\Projetos\TradutorDGames\[Kimochi] RJ01696894,www\data\Map002.json,0,.json,utf-8-sig,kana,rpgmaker_map,95,$.events[6].pages[1].list[67].parameters[0],1,「こ、これっ……
T000712,B0002,D:\Dev\Desenvolvimento\Projetos\TradutorDGames\[Kimochi] RJ01696894,www\data\Map002.json,0,.json,utf-8-sig,kana,rpgmaker_map,95,$.events[6].pages[1].list[68].parameters[0],1,こんなぁっ…………♥♥」
T000713,B0002,D:\Dev\Desenvolvimento\Projetos\TradutorDGames\[Kimochi] RJ01696894,www\data\Map002.json,0,.json,utf-8-sig,kana,rpgmaker_map,95,$.events[6].pages[1].list[6].parameters[0],1,「ん……ふぅっ……♥
T000714,B0002,D:\Dev\Desenvolvimento\Projetos\TradutorDGames\[Kimochi] RJ01696894,www\data\Map002.json,0,.json,utf-8-sig,kana,rpgmaker_map,95,$.events[6].pages[1].list[70].parameters[0],1,サヤ
T000715,B0002,D:\Dev\Desenvolvimento\Projetos\TradutorDGames\[Kimochi] RJ01696894,www\data\Map002.json,0,.json,utf-8-sig,kana,rpgmaker_map,95,$.events[6].pages[1].list[71].parameters[0],1,「あっ……あぁっ♥♥
T000716,B0002,D:\Dev\Desenvolvimento\Projetos\TradutorDGames\[Kimochi] RJ01696894,www\data\Map002.json,0,.json,utf-8-sig,kana,rpgmaker_map,95,$.events[6].pages[1].list[72].parameters[0],1,うそっ……！？♥♥」
T000717,B0002,D:\Dev\Desenvolvimento\Projetos\TradutorDGames\[Kimochi] RJ01696894,www\data\Map002.json,0,.json,utf-8-sig,kana,rpgmaker_map,95,$.events[6].pages[1].list[74].parameters[0],1,サヤ
T000718,B0002,D:\Dev\Desenvolvimento\Projetos\TradutorDGames\[Kimochi] RJ01696894,www\data\Map002.json,0,.json,utf-8-sig,kana,rpgmaker_map,95,$.events[6].pages[1].list[75].parameters[0],1,「い、いくっっ……！？♥♥」
T000719,B0002,D:\Dev\Desenvolvimento\Projetos\TradutorDGames\[Kimochi] RJ01696894,www\data\Map002.json,0,.json,utf-8-sig,kana,rpgmaker_map,95,$.events[6].pages[1].list[79].parameters[0],1,サヤ
T000720,B0002,D:\Dev\Desenvolvimento\Projetos\TradutorDGames\[Kimochi] RJ01696894,www\data\Map002.json,0,.json,utf-8-sig,"cjk,kana",rpgmaker_map,95,$.events[6].pages[1].list[7].parameters[0],1,あれ？意識が飛んでたような……」
T000721,B0002,D:\Dev\Desenvolvimento\Projetos\TradutorDGames\[Kimochi] RJ01696894,www\data\Map002.json,0,.json,utf-8-sig,kana,rpgmaker_map,95,$.events[6].pages[1].list[80].parameters[0],1,「あぁっ♥♥あっ……♥
T000722,B0002,D:\Dev\Desenvolvimento\Projetos\TradutorDGames\[Kimochi] RJ01696894,www\data\Map002.json,0,.json,utf-8-sig,kana,rpgmaker_map,95,$.events[6].pages[1].list[81].parameters[0],1,ひぎっ……♥♥」
T000723,B0002,D:\Dev\Desenvolvimento\Projetos\TradutorDGames\[Kimochi] RJ01696894,www\data\Map002.json,0,.json,utf-8-sig,cjk,rpgmaker_map,95,$.events[6].pages[1].list[82].parameters[0],1,PA_INIT 4 6 横 0
T000724,B0002,D:\Dev\Desenvolvimento\Projetos\TradutorDGames\[Kimochi] RJ01696894,www\data\Map002.json,0,.json,utf-8-sig,kana,rpgmaker_map,95,$.events[6].pages[1].list[88].parameters[0],1,サヤ
T000725,B0002,D:\Dev\Desenvolvimento\Projetos\TradutorDGames\[Kimochi] RJ01696894,www\data\Map002.json,0,.json,utf-8-sig,kana,rpgmaker_map,95,$.events[6].pages[1].list[89].parameters[0],1,「だ、だめっ……♥もうむりっ……♥」
T000726,B0002,D:\Dev\Desenvolvimento\Projetos\TradutorDGames\[Kimochi] RJ01696894,www\data\Map002.json,0,.json,utf-8-sig,kana,rpgmaker_map,95,$.events[6].pages[1].list[91].parameters[0],1,サヤ
T000727,B0002,D:\Dev\Desenvolvimento\Projetos\TradutorDGames\[Kimochi] RJ01696894,www\data\Map002.json,0,.json,utf-8-sig,kana,rpgmaker_map,95,$.events[6].pages[1].list[92].parameters[0],1,「い、いきたくない……♥
T000728,B0002,D:\Dev\Desenvolvimento\Projetos\TradutorDGames\[Kimochi] RJ01696894,www\data\Map002.json,0,.json,utf-8-sig,kana,rpgmaker_map,95,$.events[6].pages[1].list[93].parameters[0],1,これだめっ……♥♥」
T000729,B0002,D:\Dev\Desenvolvimento\Projetos\TradutorDGames\[Kimochi] RJ01696894,www\data\Map002.json,0,.json,utf-8-sig,kana,rpgmaker_map,95,$.events[6].pages[1].list[95].parameters[0],1,サヤ
T000730,B0002,D:\Dev\Desenvolvimento\Projetos\TradutorDGames\[Kimochi] RJ01696894,www\data\Map002.json,0,.json,utf-8-sig,kana,rpgmaker_map,95,$.events[6].pages[1].list[96].parameters[0],1,「か、からだ……♥♥
T000731,B0002,D:\Dev\Desenvolvimento\Projetos\TradutorDGames\[Kimochi] RJ01696894,www\data\Map002.json,0,.json,utf-8-sig,kana,rpgmaker_map,95,$.events[6].pages[1].list[97].parameters[0],1,もどれなくなる……♥♥♥」
T000732,B0002,D:\Dev\Desenvolvimento\Projetos\TradutorDGames\[Kimochi] RJ01696894,www\data\Map002.json,0,.json,utf-8-sig,kana,rpgmaker_map,95,$.events[6].pages[1].list[99].parameters[0],1,サヤ
T000733,B0002,D:\Dev\Desenvolvimento\Projetos\TradutorDGames\[Kimochi] RJ01696894,www\data\Map002.json,0,.json,utf-8-sig,"cjk,kana",rpgmaker_map,95,$.events[7].pages[0].list[11].parameters[0],1,ここはヒマリちゃんの家の酒屋だ。
T000734,B0002,D:\Dev\Desenvolvimento\Projetos\TradutorDGames\[Kimochi] RJ01696894,www\data\Map002.json,0,.json,utf-8-sig,"cjk,kana",rpgmaker_map,95,$.events[7].pages[0].list[12].parameters[0],1,母のエリさんが店の準備をしている。
T000735,B0002,D:\Dev\Desenvolvimento\Projetos\TradutorDGames\[Kimochi] RJ01696894,www\data\Map002.json,0,.json,utf-8-sig,kana,rpgmaker_map,95,$.events[7].pages[0].list[15].parameters[0],1,エリ
T000736,B0002,D:\Dev\Desenvolvimento\Projetos\TradutorDGames\[Kimochi] RJ01696894,www\data\Map002.json,0,.json,utf-8-sig,kana,rpgmaker_map,95,$.events[7].pages[0].list[16].parameters[0],1,「あら～ヒマリならどこかにいっちゃったわよー？」
T000737,B0002,D:\Dev\Desenvolvimento\Projetos\TradutorDGames\[Kimochi] RJ01696894,www\data\Map002.json,0,.json,utf-8-sig,"cjk,kana",rpgmaker_map,95,$.events[7].pages[0].list[19].parameters[0],1,僕はスマホを取り出して要件を伝える。
T000738,B0002,D:\Dev\Desenvolvimento\Projetos\TradutorDGames\[Kimochi] RJ01696894,www\data\Map002.json,0,.json,utf-8-sig,kana,rpgmaker_map,95,$.events[7].pages[0].list[22].parameters[0],1,エリ
T000739,B0002,D:\Dev\Desenvolvimento\Projetos\TradutorDGames\[Kimochi] RJ01696894,www\data\Map002.json,0,.json,utf-8-sig,kana,rpgmaker_map,95,$.events[7].pages[0].list[23].parameters[0],1,「んん～？
T000740,B0002,D:\Dev\Desenvolvimento\Projetos\TradutorDGames\[Kimochi] RJ01696894,www\data\Map002.json,0,.json,utf-8-sig,kana,rpgmaker_map,95,$.events[7].pages[0].list[24].parameters[0],1,おばさん、そういうのはよくわからないんだけど……」
T000741,B0002,D:\Dev\Desenvolvimento\Projetos\TradutorDGames\[Kimochi] RJ01696894,www\data\Map002.json,0,.json,utf-8-sig,kana,rpgmaker_map,95,$.events[7].pages[0].list[27].parameters[0],1,エリ
T000742,B0002,D:\Dev\Desenvolvimento\Projetos\TradutorDGames\[Kimochi] RJ01696894,www\data\Map002.json,0,.json,utf-8-sig,"cjk,kana",rpgmaker_map,95,$.events[7].pages[0].list[28].parameters[0],1,「ちょっと時間あるし、すこしだけならいいわよ～」
T000743,B0002,D:\Dev\Desenvolvimento\Projetos\TradutorDGames\[Kimochi] RJ01696894,www\data\Map002.json,0,.json,utf-8-sig,"cjk,kana",rpgmaker_map,95,$.events[7].pages[0].list[33].parameters[0],1,僕は エリ にアプリをつかった！
T000744,B0002,D:\Dev\Desenvolvimento\Projetos\TradutorDGames\[Kimochi] RJ01696894,www\data\Map002.json,0,.json,utf-8-sig,kana,rpgmaker_map,95,$.events[7].pages[0].list[41].parameters[0],1,エリ
T000745,B0002,D:\Dev\Desenvolvimento\Projetos\TradutorDGames\[Kimochi] RJ01696894,www\data\Map002.json,0,.json,utf-8-sig,kana,rpgmaker_map,95,$.events[7].pages[0].list[42].parameters[0],1,「ん……………」
T000746,B0002,D:\Dev\Desenvolvimento\Projetos\TradutorDGames\[Kimochi] RJ01696894,www\data\Map002.json,0,.json,utf-8-sig,kana,rpgmaker_map,95,$.events[7].pages[0].list[45].parameters[0],1,"エリは ""にんしきかいへん"" された！"
T000747,B0002,D:\Dev\Desenvolvimento\Projetos\TradutorDGames\[Kimochi] RJ01696894,www\data\Map002.json,0,.json,utf-8-sig,kana,rpgmaker_map,95,$.events[7].pages[1].list[102].parameters[0],1,エリ
T000748,B0002,D:\Dev\Desenvolvimento\Projetos\TradutorDGames\[Kimochi] RJ01696894,www\data\Map002.json,0,.json,utf-8-sig,"cjk,kana",rpgmaker_map,95,$.events[7].pages[1].list[103].parameters[0],1,「ボク君ありがとね……♥
T000749,B0002,D:\Dev\Desenvolvimento\Projetos\TradutorDGames\[Kimochi] RJ01696894,www\data\Map002.json,0,.json,utf-8-sig,"cjk,kana",rpgmaker_map,95,$.events[7].pages[1].list[104].parameters[0],1,また気が向いたらよろしくね……♥」
T000750,B0002,D:\Dev\Desenvolvimento\Projetos\TradutorDGames\[Kimochi] RJ01696894,www\data\Map002.json,0,.json,utf-8-sig,"cjk,kana",rpgmaker_map,95,$.events[7].pages[1].list[108].parameters[0],1,僕は エリ に種付けした！
T000751,B0002,D:\Dev\Desenvolvimento\Projetos\TradutorDGames\[Kimochi] RJ01696894,www\data\Map002.json,0,.json,utf-8-sig,kana,rpgmaker_map,95,$.events[7].pages[1].list[12].parameters[0],1,エリ
T000752,B0002,D:\Dev\Desenvolvimento\Projetos\TradutorDGames\[Kimochi] RJ01696894,www\data\Map002.json,0,.json,utf-8-sig,"cjk,kana",rpgmaker_map,95,$.events[7].pages[1].list[13].parameters[0],1,「偉いわねぇ……
T000753,B0002,D:\Dev\Desenvolvimento\Projetos\TradutorDGames\[Kimochi] RJ01696894,www\data\Map002.json,0,.json,utf-8-sig,kana,rpgmaker_map,95,$.events[7].pages[1].list[14].parameters[0],1,こんなおばさんだけど、
T000754,B0002,D:\Dev\Desenvolvimento\Projetos\TradutorDGames\[Kimochi] RJ01696894,www\data\Map002.json,0,.json,utf-8-sig,kana,rpgmaker_map,95,$.events[7].pages[1].list[15].parameters[0],1,ほんとにいいの？」
T000755,B0002,D:\Dev\Desenvolvimento\Projetos\TradutorDGames\[Kimochi] RJ01696894,www\data\Map002.json,0,.json,utf-8-sig,cjk,rpgmaker_map,95,$.events[7].pages[1].list[18].parameters[0],1,PA_INIT 8 12 横 0
T000756,B0002,D:\Dev\Desenvolvimento\Projetos\TradutorDGames\[Kimochi] RJ01696894,www\data\Map002.json,0,.json,utf-8-sig,kana,rpgmaker_map,95,$.events[7].pages[1].list[22].parameters[0],1,エリ
T000757,B0002,D:\Dev\Desenvolvimento\Projetos\TradutorDGames\[Kimochi] RJ01696894,www\data\Map002.json,0,.json,utf-8-sig,kana,rpgmaker_map,95,$.events[7].pages[1].list[23].parameters[0],1,「どう？はいりそー？
T000758,B0002,D:\Dev\Desenvolvimento\Projetos\TradutorDGames\[Kimochi] RJ01696894,www\data\Map002.json,0,.json,utf-8-sig,kana,rpgmaker_map,95,$.events[7].pages[1].list[24].parameters[0],1,ゆっくりでいいからね～」
T000759,B0002,D:\Dev\Desenvolvimento\Projetos\TradutorDGames\[Kimochi] RJ01696894,www\data\Map002.json,0,.json,utf-8-sig,kana,rpgmaker_map,95,$.events[7].pages[1].list[29].parameters[0],1,エリ
T000760,B0002,D:\Dev\Desenvolvimento\Projetos\TradutorDGames\[Kimochi] RJ01696894,www\data\Map002.json,0,.json,utf-8-sig,kana,rpgmaker_map,95,$.events[7].pages[1].list[30].parameters[0],1,「そう、そこそこっ……
T000761,B0002,D:\Dev\Desenvolvimento\Projetos\TradutorDGames\[Kimochi] RJ01696894,www\data\Map002.json,0,.json,utf-8-sig,kana,rpgmaker_map,95,$.events[7].pages[1].list[31].parameters[0],1,んっ……」
T000762,B0002,D:\Dev\Desenvolvimento\Projetos\TradutorDGames\[Kimochi] RJ01696894,www\data\Map002.json,0,.json,utf-8-sig,cjk,rpgmaker_map,95,$.events[7].pages[1].list[32].parameters[0],1,PA_INIT 4 12 横 0
T000763,B0002,D:\Dev\Desenvolvimento\Projetos\TradutorDGames\[Kimochi] RJ01696894,www\data\Map002.json,0,.json,utf-8-sig,kana,rpgmaker_map,95,$.events[7].pages[1].list[38].parameters[0],1,エリ
T000764,B0002,D:\Dev\Desenvolvimento\Projetos\TradutorDGames\[Kimochi] RJ01696894,www\data\Map002.json,0,.json,utf-8-sig,kana,rpgmaker_map,95,$.events[7].pages[1].list[39].parameters[0],1,「あっ……あぁっ……」
T000765,B0002,D:\Dev\Desenvolvimento\Projetos\TradutorDGames\[Kimochi] RJ01696894,www\data\Map002.json,0,.json,utf-8-sig,kana,rpgmaker_map,95,$.events[7].pages[1].list[3].parameters[0],1,エリ
T000766,B0002,D:\Dev\Desenvolvimento\Projetos\TradutorDGames\[Kimochi] RJ01696894,www\data\Map002.json,0,.json,utf-8-sig,kana,rpgmaker_map,95,$.events[7].pages[1].list[41].parameters[0],1,エリ
T000767,B0002,D:\Dev\Desenvolvimento\Projetos\TradutorDGames\[Kimochi] RJ01696894,www\data\Map002.json,0,.json,utf-8-sig,"cjk,kana",rpgmaker_map,95,$.events[7].pages[1].list[42].parameters[0],1,「で、出そうになったら……
T000768,B0002,D:\Dev\Desenvolvimento\Projetos\TradutorDGames\[Kimochi] RJ01696894,www\data\Map002.json,0,.json,utf-8-sig,"cjk,kana",rpgmaker_map,95,$.events[7].pages[1].list[43].parameters[0],1,すぐに出していいからね……」
T000769,B0002,D:\Dev\Desenvolvimento\Projetos\TradutorDGames\[Kimochi] RJ01696894,www\data\Map002.json,0,.json,utf-8-sig,kana,rpgmaker_map,95,$.events[7].pages[1].list[45].parameters[0],1,エリ
T000770,B0002,D:\Dev\Desenvolvimento\Projetos\TradutorDGames\[Kimochi] RJ01696894,www\data\Map002.json,0,.json,utf-8-sig,kana,rpgmaker_map,95,$.events[7].pages[1].list[46].parameters[0],1,「んっ……あぁっ……」
T000771,B0002,D:\Dev\Desenvolvimento\Projetos\TradutorDGames\[Kimochi] RJ01696894,www\data\Map002.json,0,.json,utf-8-sig,kana,rpgmaker_map,95,$.events[7].pages[1].list[48].parameters[0],1,エリ
T000772,B0002,D:\Dev\Desenvolvimento\Projetos\TradutorDGames\[Kimochi] RJ01696894,www\data\Map002.json,0,.json,utf-8-sig,"cjk,kana",rpgmaker_map,95,$.events[7].pages[1].list[49].parameters[0],1,「久しぶりだからかしらっ……
T000773,B0002,D:\Dev\Desenvolvimento\Projetos\TradutorDGames\[Kimochi] RJ01696894,www\data\Map002.json,0,.json,utf-8-sig,kana,rpgmaker_map,95,$.events[7].pages[1].list[50].parameters[0],1,すごくきもちいいわ……♥」
T000774,B0002,D:\Dev\Desenvolvimento\Projetos\TradutorDGames\[Kimochi] RJ01696894,www\data\Map002.json,0,.json,utf-8-sig,kana,rpgmaker_map,95,$.events[7].pages[1].list[52].parameters[0],1,エリ
T000775,B0002,D:\Dev\Desenvolvimento\Projetos\TradutorDGames\[Kimochi] RJ01696894,www\data\Map002.json,0,.json,utf-8-sig,"cjk,kana",rpgmaker_map,95,$.events[7].pages[1].list[53].parameters[0],1,「ボク君も私に構わず好きなだけ
T000776,B0002,D:\Dev\Desenvolvimento\Projetos\TradutorDGames\[Kimochi] RJ01696894,www\data\Map002.json,0,.json,utf-8-sig,"cjk,kana",rpgmaker_map,95,$.events[7].pages[1].list[54].parameters[0],1,気持ちよくなってね……♥」
T000777,B0002,D:\Dev\Desenvolvimento\Projetos\TradutorDGames\[Kimochi] RJ01696894,www\data\Map002.json,0,.json,utf-8-sig,cjk,rpgmaker_map,95,$.events[7].pages[1].list[55].parameters[0],1,PA_INIT 4 6 横 0
T000778,B0002,D:\Dev\Desenvolvimento\Projetos\TradutorDGames\[Kimochi] RJ01696894,www\data\Map002.json,0,.json,utf-8-sig,kana,rpgmaker_map,95,$.events[7].pages[1].list[61].parameters[0],1,エリ
T000779,B0002,D:\Dev\Desenvolvimento\Projetos\TradutorDGames\[Kimochi] RJ01696894,www\data\Map002.json,0,.json,utf-8-sig,kana,rpgmaker_map,95,$.events[7].pages[1].list[62].parameters[0],1,「あっあっ……！
T000780,B0002,D:\Dev\Desenvolvimento\Projetos\TradutorDGames\[Kimochi] RJ01696894,www\data\Map002.json,0,.json,utf-8-sig,kana,rpgmaker_map,95,$.events[7].pages[1].list[63].parameters[0],1,きもちいい……」
T000781,B0002,D:\Dev\Desenvolvimento\Projetos\TradutorDGames\[Kimochi] RJ01696894,www\data\Map002.json,0,.json,utf-8-sig,kana,rpgmaker_map,95,$.events[7].pages[1].list[65].parameters[0],1,エリ
T000782,B0002,D:\Dev\Desenvolvimento\Projetos\TradutorDGames\[Kimochi] RJ01696894,www\data\Map002.json,0,.json,utf-8-sig,kana,rpgmaker_map,95,$.events[7].pages[1].list[66].parameters[0],1,「そ、そこっ……いいところ……
T000783,B0002,D:\Dev\Desenvolvimento\Projetos\TradutorDGames\[Kimochi] RJ01696894,www\data\Map002.json,0,.json,utf-8-sig,"cjk,kana",rpgmaker_map,95,$.events[7].pages[1].list[67].parameters[0],1,当たってる……
T000784,B0002,D:\Dev\Desenvolvimento\Projetos\TradutorDGames\[Kimochi] RJ01696894,www\data\Map002.json,0,.json,utf-8-sig,kana,rpgmaker_map,95,$.events[7].pages[1].list[68].parameters[0],1,あぁっ……」
T000785,B0002,D:\Dev\Desenvolvimento\Projetos\TradutorDGames\[Kimochi] RJ01696894,www\data\Map002.json,0,.json,utf-8-sig,kana,rpgmaker_map,95,$.events[7].pages[1].list[70].parameters[0],1,エリ
T000786,B0002,D:\Dev\Desenvolvimento\Projetos\TradutorDGames\[Kimochi] RJ01696894,www\data\Map002.json,0,.json,utf-8-sig,kana,rpgmaker_map,95,$.events[7].pages[1].list[71].parameters[0],1,「う、うそ……
T000787,B0002,D:\Dev\Desenvolvimento\Projetos\TradutorDGames\[Kimochi] RJ01696894,www\data\Map002.json,0,.json,utf-8-sig,kana,rpgmaker_map,95,$.events[7].pages[1].list[72].parameters[0],1,いっちゃうかも……♥」
T000788,B0002,D:\Dev\Desenvolvimento\Projetos\TradutorDGames\[Kimochi] RJ01696894,www\data\Map002.json,0,.json,utf-8-sig,kana,rpgmaker_map,95,$.events[7].pages[1].list[74].parameters[0],1,エリ
T000789,B0002,D:\Dev\Desenvolvimento\Projetos\TradutorDGames\[Kimochi] RJ01696894,www\data\Map002.json,0,.json,utf-8-sig,kana,rpgmaker_map,95,$.events[7].pages[1].list[75].parameters[0],1,「いっ……！
T000790,B0002,D:\Dev\Desenvolvimento\Projetos\TradutorDGames\[Kimochi] RJ01696894,www\data\Map002.json,0,.json,utf-8-sig,kana,rpgmaker_map,95,$.events[7].pages[1].list[76].parameters[0],1,ああぁっ……♥♥」
T000791,B0002,D:\Dev\Desenvolvimento\Projetos\TradutorDGames\[Kimochi] RJ01696894,www\data\Map002.json,0,.json,utf-8-sig,cjk,rpgmaker_map,95,$.events[7].pages[1].list[78].parameters[0],1,PA_INIT 9 12 横 0
T000792,B0002,D:\Dev\Desenvolvimento\Projetos\TradutorDGames\[Kimochi] RJ01696894,www\data\Map002.json,0,.json,utf-8-sig,kana,rpgmaker_map,95,$.events[7].pages[1].list[7].parameters[0],1,エリ
T000793,B0002,D:\Dev\Desenvolvimento\Projetos\TradutorDGames\[Kimochi] RJ01696894,www\data\Map002.json,0,.json,utf-8-sig,kana,rpgmaker_map,95,$.events[7].pages[1].list[86].parameters[0],1,エリ
T000794,B0002,D:\Dev\Desenvolvimento\Projetos\TradutorDGames\[Kimochi] RJ01696894,www\data\Map002.json,0,.json,utf-8-sig,kana,rpgmaker_map,95,$.events[7].pages[1].list[87].parameters[0],1,「あぁぁっ……♥♥♥」
T000795,B0002,D:\Dev\Desenvolvimento\Projetos\TradutorDGames\[Kimochi] RJ01696894,www\data\Map002.json,0,.json,utf-8-sig,kana,rpgmaker_map,95,$.events[7].pages[1].list[8].parameters[0],1,「あーなるほど！
T000796,B0002,D:\Dev\Desenvolvimento\Projetos\TradutorDGames\[Kimochi] RJ01696894,www\data\Map002.json,0,.json,utf-8-sig,kana,rpgmaker_map,95,$.events[7].pages[1].list[97].parameters[0],1,エリ
T000797,B0002,D:\Dev\Desenvolvimento\Projetos\TradutorDGames\[Kimochi] RJ01696894,www\data\Map002.json,0,.json,utf-8-sig,"cjk,kana",rpgmaker_map,95,$.events[7].pages[1].list[98].parameters[0],1,「あっ……♥すごい量……
T000798,B0002,D:\Dev\Desenvolvimento\Projetos\TradutorDGames\[Kimochi] RJ01696894,www\data\Map002.json,0,.json,utf-8-sig,kana,rpgmaker_map,95,$.events[7].pages[1].list[99].parameters[0],1,こぼれちゃう……」
T000799,B0002,D:\Dev\Desenvolvimento\Projetos\TradutorDGames\[Kimochi] RJ01696894,www\data\Map002.json,0,.json,utf-8-sig,"cjk,kana",rpgmaker_map,95,$.events[7].pages[1].list[9].parameters[0],1,ボク君種付けしてくれるのね？」
T000800,B0002,D:\Dev\Desenvolvimento\Projetos\TradutorDGames\[Kimochi] RJ01696894,www\data\Map002.json,0,.json,utf-8-sig,"cjk,kana",rpgmaker_map,95,$.events[8].pages[0].list[11].parameters[0],1,日陰でおまわりさんが休憩している様だ。
T000801,B0002,D:\Dev\Desenvolvimento\Projetos\TradutorDGames\[Kimochi] RJ01696894,www\data\Map002.json,0,.json,utf-8-sig,kana,rpgmaker_map,95,$.events[8].pages[0].list[14].parameters[0],1,おまわりさん
T000802,B0002,D:\Dev\Desenvolvimento\Projetos\TradutorDGames\[Kimochi] RJ01696894,www\data\Map002.json,0,.json,utf-8-sig,"cjk,kana",rpgmaker_map,95,$.events[8].pages[0].list[15].parameters[0],1,「やあ、今日も暑いねぇ
T000803,B0002,D:\Dev\Desenvolvimento\Projetos\TradutorDGames\[Kimochi] RJ01696894,www\data\Map002.json,0,.json,utf-8-sig,"cjk,kana",rpgmaker_map,95,$.events[8].pages[0].list[16].parameters[0],1,熱中症に気を付けてね……」
T000804,B0002,D:\Dev\Desenvolvimento\Projetos\TradutorDGames\[Kimochi] RJ01696894,www\data\Map002.json,0,.json,utf-8-sig,kana,rpgmaker_map,95,$.events[8].pages[0].list[19].parameters[0],1,おまわりさん
T000805,B0002,D:\Dev\Desenvolvimento\Projetos\TradutorDGames\[Kimochi] RJ01696894,www\data\Map002.json,0,.json,utf-8-sig,"cjk,kana",rpgmaker_map,95,$.events[8].pages[0].list[20].parameters[0],1,「しかしこの日差しの中、外で遊んでるの？
T000806,B0002,D:\Dev\Desenvolvimento\Projetos\TradutorDGames\[Kimochi] RJ01696894,www\data\Map002.json,0,.json,utf-8-sig,"cjk,kana",rpgmaker_map,95,$.events[8].pages[0].list[21].parameters[0],1,元気だね……」
T000807,B0002,D:\Dev\Desenvolvimento\Projetos\TradutorDGames\[Kimochi] RJ01696894,www\data\Map002.json,0,.json,utf-8-sig,"cjk,kana",rpgmaker_map,95,$.events[8].pages[0].list[24].parameters[0],1,僕は汗を拭いながら要件を伝える。
T000808,B0002,D:\Dev\Desenvolvimento\Projetos\TradutorDGames\[Kimochi] RJ01696894,www\data\Map002.json,0,.json,utf-8-sig,kana,rpgmaker_map,95,$.events[8].pages[0].list[27].parameters[0],1,おまわりさん
T000809,B0002,D:\Dev\Desenvolvimento\Projetos\TradutorDGames\[Kimochi] RJ01696894,www\data\Map002.json,0,.json,utf-8-sig,kana,rpgmaker_map,95,$.events[8].pages[0].list[28].parameters[0],1,「ん？アプリ……？」
T000810,B0002,D:\Dev\Desenvolvimento\Projetos\TradutorDGames\[Kimochi] RJ01696894,www\data\Map002.json,0,.json,utf-8-sig,kana,rpgmaker_map,95,$.events[8].pages[0].list[31].parameters[0],1,おまわりさん
T000811,B0002,D:\Dev\Desenvolvimento\Projetos\TradutorDGames\[Kimochi] RJ01696894,www\data\Map002.json,0,.json,utf-8-sig,"cjk,kana",rpgmaker_map,95,$.events[8].pages[0].list[32].parameters[0],1,「うーん、一応仕事中なんだけどな……
T000812,B0002,D:\Dev\Desenvolvimento\Projetos\TradutorDGames\[Kimochi] RJ01696894,www\data\Map002.json,0,.json,utf-8-sig,kana,rpgmaker_map,95,$.events[8].pages[0].list[33].parameters[0],1,ちょっとだけね？」
T000813,B0002,D:\Dev\Desenvolvimento\Projetos\TradutorDGames\[Kimochi] RJ01696894,www\data\Map002.json,0,.json,utf-8-sig,"cjk,kana",rpgmaker_map,95,$.events[8].pages[0].list[38].parameters[0],1,僕は シオリ にアプリをつかった！
T000814,B0002,D:\Dev\Desenvolvimento\Projetos\TradutorDGames\[Kimochi] RJ01696894,www\data\Map002.json,0,.json,utf-8-sig,kana,rpgmaker_map,95,$.events[8].pages[0].list[46].parameters[0],1,おまわりさん
T000815,B0002,D:\Dev\Desenvolvimento\Projetos\TradutorDGames\[Kimochi] RJ01696894,www\data\Map002.json,0,.json,utf-8-sig,kana,rpgmaker_map,95,$.events[8].pages[0].list[50].parameters[0],1,"シオリは ""にんしきかいへん"" された！"
T000816,B0002,D:\Dev\Desenvolvimento\Projetos\TradutorDGames\[Kimochi] RJ01696894,www\data\Map002.json,0,.json,utf-8-sig,kana,rpgmaker_map,95,$.events[8].pages[1].list[106].parameters[0],1,おまわりさん
T000817,B0002,D:\Dev\Desenvolvimento\Projetos\TradutorDGames\[Kimochi] RJ01696894,www\data\Map002.json,0,.json,utf-8-sig,kana,rpgmaker_map,95,$.events[8].pages[1].list[107].parameters[0],1,「ん……ふぅ…………」
T000818,B0002,D:\Dev\Desenvolvimento\Projetos\TradutorDGames\[Kimochi] RJ01696894,www\data\Map002.json,0,.json,utf-8-sig,kana,rpgmaker_map,95,$.events[8].pages[1].list[109].parameters[0],1,おまわりさん
T000819,B0002,D:\Dev\Desenvolvimento\Projetos\TradutorDGames\[Kimochi] RJ01696894,www\data\Map002.json,0,.json,utf-8-sig,kana,rpgmaker_map,95,$.events[8].pages[1].list[10].parameters[0],1,あぁなるほど……」
T000820,B0002,D:\Dev\Desenvolvimento\Projetos\TradutorDGames\[Kimochi] RJ01696894,www\data\Map002.json,0,.json,utf-8-sig,"cjk,kana",rpgmaker_map,95,$.events[8].pages[1].list[110].parameters[0],1,「う、うん……いっぱい出せて偉いね♥」
T000821,B0002,D:\Dev\Desenvolvimento\Projetos\TradutorDGames\[Kimochi] RJ01696894,www\data\Map002.json,0,.json,utf-8-sig,kana,rpgmaker_map,95,$.events[8].pages[1].list[113].parameters[0],1,おまわりさん
T000822,B0002,D:\Dev\Desenvolvimento\Projetos\TradutorDGames\[Kimochi] RJ01696894,www\data\Map002.json,0,.json,utf-8-sig,"cjk,kana",rpgmaker_map,95,$.events[8].pages[1].list[114].parameters[0],1,「これなら絶対に妊娠しちゃうだろうね♥」
T000823,B0002,D:\Dev\Desenvolvimento\Projetos\TradutorDGames\[Kimochi] RJ01696894,www\data\Map002.json,0,.json,utf-8-sig,"cjk,kana",rpgmaker_map,95,$.events[8].pages[1].list[118].parameters[0],1,僕は シオリ に種付けした！
T000824,B0002,D:\Dev\Desenvolvimento\Projetos\TradutorDGames\[Kimochi] RJ01696894,www\data\Map002.json,0,.json,utf-8-sig,kana,rpgmaker_map,95,$.events[8].pages[1].list[13].parameters[0],1,おまわりさん
T000825,B0002,D:\Dev\Desenvolvimento\Projetos\TradutorDGames\[Kimochi] RJ01696894,www\data\Map002.json,0,.json,utf-8-sig,"cjk,kana",rpgmaker_map,95,$.events[8].pages[1].list[14].parameters[0],1,「私に種付けしたいのね？」
T000826,B0002,D:\Dev\Desenvolvimento\Projetos\TradutorDGames\[Kimochi] RJ01696894,www\data\Map002.json,0,.json,utf-8-sig,kana,rpgmaker_map,95,$.events[8].pages[1].list[17].parameters[0],1,おまわりさん
T000827,B0002,D:\Dev\Desenvolvimento\Projetos\TradutorDGames\[Kimochi] RJ01696894,www\data\Map002.json,0,.json,utf-8-sig,"cjk,kana",rpgmaker_map,95,$.events[8].pages[1].list[18].parameters[0],1,「いいよ、ちょっと待ってね」
T000828,B0002,D:\Dev\Desenvolvimento\Projetos\TradutorDGames\[Kimochi] RJ01696894,www\data\Map002.json,0,.json,utf-8-sig,cjk,rpgmaker_map,95,$.events[8].pages[1].list[21].parameters[0],1,PA_INIT 4 12 横 0
T000829,B0002,D:\Dev\Desenvolvimento\Projetos\TradutorDGames\[Kimochi] RJ01696894,www\data\Map002.json,0,.json,utf-8-sig,kana,rpgmaker_map,95,$.events[8].pages[1].list[25].parameters[0],1,おまわりさん
T000830,B0002,D:\Dev\Desenvolvimento\Projetos\TradutorDGames\[Kimochi] RJ01696894,www\data\Map002.json,0,.json,utf-8-sig,kana,rpgmaker_map,95,$.events[8].pages[1].list[26].parameters[0],1,「これでどう……？いれられそう？」
T000831,B0002,D:\Dev\Desenvolvimento\Projetos\TradutorDGames\[Kimochi] RJ01696894,www\data\Map002.json,0,.json,utf-8-sig,kana,rpgmaker_map,95,$.events[8].pages[1].list[31].parameters[0],1,おまわりさん
T000832,B0002,D:\Dev\Desenvolvimento\Projetos\TradutorDGames\[Kimochi] RJ01696894,www\data\Map002.json,0,.json,utf-8-sig,kana,rpgmaker_map,95,$.events[8].pages[1].list[32].parameters[0],1,「あっ……」
T000833,B0002,D:\Dev\Desenvolvimento\Projetos\TradutorDGames\[Kimochi] RJ01696894,www\data\Map002.json,0,.json,utf-8-sig,kana,rpgmaker_map,95,$.events[8].pages[1].list[34].parameters[0],1,おまわりさん
T000834,B0002,D:\Dev\Desenvolvimento\Projetos\TradutorDGames\[Kimochi] RJ01696894,www\data\Map002.json,0,.json,utf-8-sig,kana,rpgmaker_map,95,$.events[8].pages[1].list[35].parameters[0],1,「んっ……はいったね……」
T000835,B0002,D:\Dev\Desenvolvimento\Projetos\TradutorDGames\[Kimochi] RJ01696894,www\data\Map002.json,0,.json,utf-8-sig,cjk,rpgmaker_map,95,$.events[8].pages[1].list[36].parameters[0],1,PA_INIT 4 12 横 0
T000836,B0002,D:\Dev\Desenvolvimento\Projetos\TradutorDGames\[Kimochi] RJ01696894,www\data\Map002.json,0,.json,utf-8-sig,kana,rpgmaker_map,95,$.events[8].pages[1].list[3].parameters[0],1,おまわりさん
T000837,B0002,D:\Dev\Desenvolvimento\Projetos\TradutorDGames\[Kimochi] RJ01696894,www\data\Map002.json,0,.json,utf-8-sig,kana,rpgmaker_map,95,$.events[8].pages[1].list[42].parameters[0],1,おまわりさん
T000838,B0002,D:\Dev\Desenvolvimento\Projetos\TradutorDGames\[Kimochi] RJ01696894,www\data\Map002.json,0,.json,utf-8-sig,kana,rpgmaker_map,95,$.events[8].pages[1].list[43].parameters[0],1,「んっ……あっ……」
T000839,B0002,D:\Dev\Desenvolvimento\Projetos\TradutorDGames\[Kimochi] RJ01696894,www\data\Map002.json,0,.json,utf-8-sig,kana,rpgmaker_map,95,$.events[8].pages[1].list[45].parameters[0],1,おまわりさん
T000840,B0002,D:\Dev\Desenvolvimento\Projetos\TradutorDGames\[Kimochi] RJ01696894,www\data\Map002.json,0,.json,utf-8-sig,kana,rpgmaker_map,95,$.events[8].pages[1].list[46].parameters[0],1,「どう？きもちいい？」
T000841,B0002,D:\Dev\Desenvolvimento\Projetos\TradutorDGames\[Kimochi] RJ01696894,www\data\Map002.json,0,.json,utf-8-sig,kana,rpgmaker_map,95,$.events[8].pages[1].list[48].parameters[0],1,おまわりさん
T000842,B0002,D:\Dev\Desenvolvimento\Projetos\TradutorDGames\[Kimochi] RJ01696894,www\data\Map002.json,0,.json,utf-8-sig,kana,rpgmaker_map,95,$.events[8].pages[1].list[49].parameters[0],1,「ちんぽ……ガチガチだね……」
T000843,B0002,D:\Dev\Desenvolvimento\Projetos\TradutorDGames\[Kimochi] RJ01696894,www\data\Map002.json,0,.json,utf-8-sig,kana,rpgmaker_map,95,$.events[8].pages[1].list[4].parameters[0],1,「ん……？
T000844,B0002,D:\Dev\Desenvolvimento\Projetos\TradutorDGames\[Kimochi] RJ01696894,www\data\Map002.json,0,.json,utf-8-sig,kana,rpgmaker_map,95,$.events[8].pages[1].list[51].parameters[0],1,おまわりさん
T000845,B0002,D:\Dev\Desenvolvimento\Projetos\TradutorDGames\[Kimochi] RJ01696894,www\data\Map002.json,0,.json,utf-8-sig,kana,rpgmaker_map,95,$.events[8].pages[1].list[52].parameters[0],1,「ん……
T000846,B0002,D:\Dev\Desenvolvimento\Projetos\TradutorDGames\[Kimochi] RJ01696894,www\data\Map002.json,0,.json,utf-8-sig,"cjk,kana",rpgmaker_map,95,$.events[8].pages[1].list[53].parameters[0],1,もっと激しくしてもいいよ……？」
T000847,B0002,D:\Dev\Desenvolvimento\Projetos\TradutorDGames\[Kimochi] RJ01696894,www\data\Map002.json,0,.json,utf-8-sig,kana,rpgmaker_map,95,$.events[8].pages[1].list[55].parameters[0],1,おまわりさん
T000848,B0002,D:\Dev\Desenvolvimento\Projetos\TradutorDGames\[Kimochi] RJ01696894,www\data\Map002.json,0,.json,utf-8-sig,"cjk,kana",rpgmaker_map,95,$.events[8].pages[1].list[56].parameters[0],1,「いっぱい射精できるように
T000849,B0002,D:\Dev\Desenvolvimento\Projetos\TradutorDGames\[Kimochi] RJ01696894,www\data\Map002.json,0,.json,utf-8-sig,"cjk,kana",rpgmaker_map,95,$.events[8].pages[1].list[57].parameters[0],1,好きなように使っていいからね……！」
T000850,B0002,D:\Dev\Desenvolvimento\Projetos\TradutorDGames\[Kimochi] RJ01696894,www\data\Map002.json,0,.json,utf-8-sig,cjk,rpgmaker_map,95,$.events[8].pages[1].list[58].parameters[0],1,PA_INIT 4 6 横 0
T000851,B0002,D:\Dev\Desenvolvimento\Projetos\TradutorDGames\[Kimochi] RJ01696894,www\data\Map002.json,0,.json,utf-8-sig,"cjk,kana",rpgmaker_map,95,$.events[8].pages[1].list[5].parameters[0],1,えーとそれで何してほしいんだっけ？」
T000852,B0002,D:\Dev\Desenvolvimento\Projetos\TradutorDGames\[Kimochi] RJ01696894,www\data\Map002.json,0,.json,utf-8-sig,kana,rpgmaker_map,95,$.events[8].pages[1].list[64].parameters[0],1,おまわりさん
T000853,B0002,D:\Dev\Desenvolvimento\Projetos\TradutorDGames\[Kimochi] RJ01696894,www\data\Map002.json,0,.json,utf-8-sig,kana,rpgmaker_map,95,$.events[8].pages[1].list[65].parameters[0],1,「あっ……うっ……」
T000854,B0002,D:\Dev\Desenvolvimento\Projetos\TradutorDGames\[Kimochi] RJ01696894,www\data\Map002.json,0,.json,utf-8-sig,kana,rpgmaker_map,95,$.events[8].pages[1].list[67].parameters[0],1,おまわりさん
T000855,B0002,D:\Dev\Desenvolvimento\Projetos\TradutorDGames\[Kimochi] RJ01696894,www\data\Map002.json,0,.json,utf-8-sig,kana,rpgmaker_map,95,$.events[8].pages[1].list[68].parameters[0],1,「い、いいかんじ……♥」
T000856,B0002,D:\Dev\Desenvolvimento\Projetos\TradutorDGames\[Kimochi] RJ01696894,www\data\Map002.json,0,.json,utf-8-sig,kana,rpgmaker_map,95,$.events[8].pages[1].list[70].parameters[0],1,おまわりさん
T000857,B0002,D:\Dev\Desenvolvimento\Projetos\TradutorDGames\[Kimochi] RJ01696894,www\data\Map002.json,0,.json,utf-8-sig,kana,rpgmaker_map,95,$.events[8].pages[1].list[71].parameters[0],1,「ど、どう……？きもちいい……？」
T000858,B0002,D:\Dev\Desenvolvimento\Projetos\TradutorDGames\[Kimochi] RJ01696894,www\data\Map002.json,0,.json,utf-8-sig,kana,rpgmaker_map,95,$.events[8].pages[1].list[73].parameters[0],1,おまわりさん
T000859,B0002,D:\Dev\Desenvolvimento\Projetos\TradutorDGames\[Kimochi] RJ01696894,www\data\Map002.json,0,.json,utf-8-sig,kana,rpgmaker_map,95,$.events[8].pages[1].list[74].parameters[0],1,「んんっ…………♥」
T000860,B0002,D:\Dev\Desenvolvimento\Projetos\TradutorDGames\[Kimochi] RJ01696894,www\data\Map002.json,0,.json,utf-8-sig,kana,rpgmaker_map,95,$.events[8].pages[1].list[76].parameters[0],1,おまわりさん
T000861,B0002,D:\Dev\Desenvolvimento\Projetos\TradutorDGames\[Kimochi] RJ01696894,www\data\Map002.json,0,.json,utf-8-sig,"cjk,kana",rpgmaker_map,95,$.events[8].pages[1].list[77].parameters[0],1,「い、いつでも出していいからね……」
T000862,B0002,D:\Dev\Desenvolvimento\Projetos\TradutorDGames\[Kimochi] RJ01696894,www\data\Map002.json,0,.json,utf-8-sig,kana,rpgmaker_map,95,$.events[8].pages[1].list[79].parameters[0],1,おまわりさん
T000863,B0002,D:\Dev\Desenvolvimento\Projetos\TradutorDGames\[Kimochi] RJ01696894,www\data\Map002.json,0,.json,utf-8-sig,"cjk,kana",rpgmaker_map,95,$.events[8].pages[1].list[80].parameters[0],1,「いっぱい出して……♥
T000864,B0002,D:\Dev\Desenvolvimento\Projetos\TradutorDGames\[Kimochi] RJ01696894,www\data\Map002.json,0,.json,utf-8-sig,"cjk,kana",rpgmaker_map,95,$.events[8].pages[1].list[81].parameters[0],1,無責任中出しでしっかり孕ませて……♥」
T000865,B0002,D:\Dev\Desenvolvimento\Projetos\TradutorDGames\[Kimochi] RJ01696894,www\data\Map002.json,0,.json,utf-8-sig,kana,rpgmaker_map,95,$.events[8].pages[1].list[83].parameters[0],1,おまわりさん
T000866,B0002,D:\Dev\Desenvolvimento\Projetos\TradutorDGames\[Kimochi] RJ01696894,www\data\Map002.json,0,.json,utf-8-sig,kana,rpgmaker_map,95,$.events[8].pages[1].list[84].parameters[0],1,「んんっ…………あぁっ……♥」
T000867,B0002,D:\Dev\Desenvolvimento\Projetos\TradutorDGames\[Kimochi] RJ01696894,www\data\Map002.json,0,.json,utf-8-sig,cjk,rpgmaker_map,95,$.events[8].pages[1].list[86].parameters[0],1,PA_INIT 9 12 横 0
T000868,B0002,D:\Dev\Desenvolvimento\Projetos\TradutorDGames\[Kimochi] RJ01696894,www\data\Map002.json,0,.json,utf-8-sig,kana,rpgmaker_map,95,$.events[8].pages[1].list[8].parameters[0],1,おまわりさん
T000869,B0002,D:\Dev\Desenvolvimento\Projetos\TradutorDGames\[Kimochi] RJ01696894,www\data\Map002.json,0,.json,utf-8-sig,kana,rpgmaker_map,95,$.events[8].pages[1].list[94].parameters[0],1,おまわりさん
T000870,B0002,D:\Dev\Desenvolvimento\Projetos\TradutorDGames\[Kimochi] RJ01696894,www\data\Map002.json,0,.json,utf-8-sig,kana,rpgmaker_map,95,$.events[8].pages[1].list[95].parameters[0],1,「あっ……ん…………♥」
T000871,B0002,D:\Dev\Desenvolvimento\Projetos\TradutorDGames\[Kimochi] RJ01696894,www\data\Map002.json,0,.json,utf-8-sig,kana,rpgmaker_map,95,$.events[8].pages[1].list[9].parameters[0],1,「ん……？
T000872,B0002,D:\Dev\Desenvolvimento\Projetos\TradutorDGames\[Kimochi] RJ01696894,www\data\Map002.json,0,.json,utf-8-sig,"cjk,kana",rpgmaker_map,95,$.events[9].pages[0].list[11].parameters[0],1,見覚えのある人がいる。
T000873,B0002,D:\Dev\Desenvolvimento\Projetos\TradutorDGames\[Kimochi] RJ01696894,www\data\Map002.json,0,.json,utf-8-sig,kana,rpgmaker_map,95,$.events[9].pages[0].list[14].parameters[0],1,コト
T000874,B0002,D:\Dev\Desenvolvimento\Projetos\TradutorDGames\[Kimochi] RJ01696894,www\data\Map002.json,0,.json,utf-8-sig,"cjk,kana",rpgmaker_map,95,$.events[9].pages[0].list[15].parameters[0],1,「んーー？あれボク君？」
T000875,B0002,D:\Dev\Desenvolvimento\Projetos\TradutorDGames\[Kimochi] RJ01696894,www\data\Map002.json,0,.json,utf-8-sig,"cjk,kana",rpgmaker_map,95,$.events[9].pages[0].list[18].parameters[0],1,家も近くて卒業するまで良く面倒を見てくれてた
T000876,B0002,D:\Dev\Desenvolvimento\Projetos\TradutorDGames\[Kimochi] RJ01696894,www\data\Map002.json,0,.json,utf-8-sig,kana,rpgmaker_map,95,$.events[9].pages[0].list[19].parameters[0],1,コトちゃんだ。
T000877,B0002,D:\Dev\Desenvolvimento\Projetos\TradutorDGames\[Kimochi] RJ01696894,www\data\Map002.json,0,.json,utf-8-sig,kana,rpgmaker_map,95,$.events[9].pages[0].list[22].parameters[0],1,コト
T000878,B0002,D:\Dev\Desenvolvimento\Projetos\TradutorDGames\[Kimochi] RJ01696894,www\data\Map002.json,0,.json,utf-8-sig,"cjk,kana",rpgmaker_map,95,$.events[9].pages[0].list[23].parameters[0],1,「久しぶりだね？ここらへんで遊んでるの？
T000879,B0002,D:\Dev\Desenvolvimento\Projetos\TradutorDGames\[Kimochi] RJ01696894,www\data\Map002.json,0,.json,utf-8-sig,"cjk,kana",rpgmaker_map,95,$.events[9].pages[0].list[24].parameters[0],1,私は部活帰りだよ」
T000880,B0002,D:\Dev\Desenvolvimento\Projetos\TradutorDGames\[Kimochi] RJ01696894,www\data\Map002.json,0,.json,utf-8-sig,kana,rpgmaker_map,95,$.events[9].pages[0].list[27].parameters[0],1,コト
T000881,B0002,D:\Dev\Desenvolvimento\Projetos\TradutorDGames\[Kimochi] RJ01696894,www\data\Map002.json,0,.json,utf-8-sig,"cjk,kana",rpgmaker_map,95,$.events[9].pages[0].list[28].parameters[0],1,「種付けしてる……？
T000882,B0002,D:\Dev\Desenvolvimento\Projetos\TradutorDGames\[Kimochi] RJ01696894,www\data\Map002.json,0,.json,utf-8-sig,"cjk,kana",rpgmaker_map,95,$.events[9].pages[0].list[29].parameters[0],1,何？自由研究とか？私も手伝おうか？」
T000883,B0002,D:\Dev\Desenvolvimento\Projetos\TradutorDGames\[Kimochi] RJ01696894,www\data\Map002.json,0,.json,utf-8-sig,"cjk,kana",rpgmaker_map,95,$.events[9].pages[0].list[34].parameters[0],1,僕は コト にアプリをつかった！
T000884,B0002,D:\Dev\Desenvolvimento\Projetos\TradutorDGames\[Kimochi] RJ01696894,www\data\Map002.json,0,.json,utf-8-sig,kana,rpgmaker_map,95,$.events[9].pages[0].list[42].parameters[0],1,コト
T000885,B0002,D:\Dev\Desenvolvimento\Projetos\TradutorDGames\[Kimochi] RJ01696894,www\data\Map002.json,0,.json,utf-8-sig,kana,rpgmaker_map,95,$.events[9].pages[0].list[46].parameters[0],1,"コトは ""にんしきかいへん"" された！"
T000886,B0002,D:\Dev\Desenvolvimento\Projetos\TradutorDGames\[Kimochi] RJ01696894,www\data\Map002.json,0,.json,utf-8-sig,kana,rpgmaker_map,95,$.events[9].pages[1].list[100].parameters[0],1,「お、おつかれ……
T000887,B0002,D:\Dev\Desenvolvimento\Projetos\TradutorDGames\[Kimochi] RJ01696894,www\data\Map002.json,0,.json,utf-8-sig,"cjk,kana",rpgmaker_map,95,$.events[9].pages[1].list[101].parameters[0],1,たくさん出たね……」
T000888,B0002,D:\Dev\Desenvolvimento\Projetos\TradutorDGames\[Kimochi] RJ01696894,www\data\Map002.json,0,.json,utf-8-sig,kana,rpgmaker_map,95,$.events[9].pages[1].list[104].parameters[0],1,コト
T000889,B0002,D:\Dev\Desenvolvimento\Projetos\TradutorDGames\[Kimochi] RJ01696894,www\data\Map002.json,0,.json,utf-8-sig,cjk,rpgmaker_map,95,$.events[9].pages[1].list[105].parameters[0],1,「私……
T000890,B0002,D:\Dev\Desenvolvimento\Projetos\TradutorDGames\[Kimochi] RJ01696894,www\data\Map002.json,0,.json,utf-8-sig,"cjk,kana",rpgmaker_map,95,$.events[9].pages[1].list[106].parameters[0],1,これで本当に孕んじゃったのかな？」
T000891,B0002,D:\Dev\Desenvolvimento\Projetos\TradutorDGames\[Kimochi] RJ01696894,www\data\Map002.json,0,.json,utf-8-sig,kana,rpgmaker_map,95,$.events[9].pages[1].list[108].parameters[0],1,コト
T000892,B0002,D:\Dev\Desenvolvimento\Projetos\TradutorDGames\[Kimochi] RJ01696894,www\data\Map002.json,0,.json,utf-8-sig,"cjk,kana",rpgmaker_map,95,$.events[9].pages[1].list[109].parameters[0],1,「まぁ、一発で必ず出来るとも
T000893,B0002,D:\Dev\Desenvolvimento\Projetos\TradutorDGames\[Kimochi] RJ01696894,www\data\Map002.json,0,.json,utf-8-sig,"cjk,kana",rpgmaker_map,95,$.events[9].pages[1].list[10].parameters[0],1,手伝うよー何すればいい？」
T000894,B0002,D:\Dev\Desenvolvimento\Projetos\TradutorDGames\[Kimochi] RJ01696894,www\data\Map002.json,0,.json,utf-8-sig,"cjk,kana",rpgmaker_map,95,$.events[9].pages[1].list[110].parameters[0],1,限らないか……」
T000895,B0002,D:\Dev\Desenvolvimento\Projetos\TradutorDGames\[Kimochi] RJ01696894,www\data\Map002.json,0,.json,utf-8-sig,"cjk,kana",rpgmaker_map,95,$.events[9].pages[1].list[114].parameters[0],1,僕は コト に種付けした！
T000896,B0002,D:\Dev\Desenvolvimento\Projetos\TradutorDGames\[Kimochi] RJ01696894,www\data\Map002.json,0,.json,utf-8-sig,cjk,rpgmaker_map,95,$.events[9].pages[1].list[13].parameters[0],1,PA_INIT 4 12 横 0
T000897,B0002,D:\Dev\Desenvolvimento\Projetos\TradutorDGames\[Kimochi] RJ01696894,www\data\Map002.json,0,.json,utf-8-sig,kana,rpgmaker_map,95,$.events[9].pages[1].list[20].parameters[0],1,コト
T000898,B0002,D:\Dev\Desenvolvimento\Projetos\TradutorDGames\[Kimochi] RJ01696894,www\data\Map002.json,0,.json,utf-8-sig,kana,rpgmaker_map,95,$.events[9].pages[1].list[21].parameters[0],1,「いぃっ…………あっ……」
T000899,B0002,D:\Dev\Desenvolvimento\Projetos\TradutorDGames\[Kimochi] RJ01696894,www\data\Map002.json,0,.json,utf-8-sig,cjk,rpgmaker_map,95,$.events[9].pages[1].list[22].parameters[0],1,PA_INIT 4 12 横 0
T000900,B0002,D:\Dev\Desenvolvimento\Projetos\TradutorDGames\[Kimochi] RJ01696894,www\data\Map002.json,0,.json,utf-8-sig,kana,rpgmaker_map,95,$.events[9].pages[1].list[28].parameters[0],1,コト
T000901,B0002,D:\Dev\Desenvolvimento\Projetos\TradutorDGames\[Kimochi] RJ01696894,www\data\Map002.json,0,.json,utf-8-sig,"cjk,kana",rpgmaker_map,95,$.events[9].pages[1].list[29].parameters[0],1,「あっ……、た、種付けって
T000902,B0002,D:\Dev\Desenvolvimento\Projetos\TradutorDGames\[Kimochi] RJ01696894,www\data\Map002.json,0,.json,utf-8-sig,"cjk,kana",rpgmaker_map,95,$.events[9].pages[1].list[30].parameters[0],1,エッチの事だったのね……」
T000903,B0002,D:\Dev\Desenvolvimento\Projetos\TradutorDGames\[Kimochi] RJ01696894,www\data\Map002.json,0,.json,utf-8-sig,kana,rpgmaker_map,95,$.events[9].pages[1].list[32].parameters[0],1,コト
T000904,B0002,D:\Dev\Desenvolvimento\Projetos\TradutorDGames\[Kimochi] RJ01696894,www\data\Map002.json,0,.json,utf-8-sig,"cjk,kana",rpgmaker_map,95,$.events[9].pages[1].list[33].parameters[0],1,「大丈夫……痛くは……ないけどっ……」
T000905,B0002,D:\Dev\Desenvolvimento\Projetos\TradutorDGames\[Kimochi] RJ01696894,www\data\Map002.json,0,.json,utf-8-sig,kana,rpgmaker_map,95,$.events[9].pages[1].list[35].parameters[0],1,コト
T000906,B0002,D:\Dev\Desenvolvimento\Projetos\TradutorDGames\[Kimochi] RJ01696894,www\data\Map002.json,0,.json,utf-8-sig,"cjk,kana",rpgmaker_map,95,$.events[9].pages[1].list[36].parameters[0],1,「は、初めては……
T000907,B0002,D:\Dev\Desenvolvimento\Projetos\TradutorDGames\[Kimochi] RJ01696894,www\data\Map002.json,0,.json,utf-8-sig,"cjk,kana",rpgmaker_map,95,$.events[9].pages[1].list[37].parameters[0],1,好きな人としたかったかな……」
T000908,B0002,D:\Dev\Desenvolvimento\Projetos\TradutorDGames\[Kimochi] RJ01696894,www\data\Map002.json,0,.json,utf-8-sig,kana,rpgmaker_map,95,$.events[9].pages[1].list[39].parameters[0],1,コト
T000909,B0002,D:\Dev\Desenvolvimento\Projetos\TradutorDGames\[Kimochi] RJ01696894,www\data\Map002.json,0,.json,utf-8-sig,kana,rpgmaker_map,95,$.events[9].pages[1].list[3].parameters[0],1,コト
T000910,B0002,D:\Dev\Desenvolvimento\Projetos\TradutorDGames\[Kimochi] RJ01696894,www\data\Map002.json,0,.json,utf-8-sig,kana,rpgmaker_map,95,$.events[9].pages[1].list[40].parameters[0],1,「まあ、しょうがないよねっ……！
T000911,B0002,D:\Dev\Desenvolvimento\Projetos\TradutorDGames\[Kimochi] RJ01696894,www\data\Map002.json,0,.json,utf-8-sig,"cjk,kana",rpgmaker_map,95,$.events[9].pages[1].list[41].parameters[0],1,そういう決まりだし……！」
T000912,B0002,D:\Dev\Desenvolvimento\Projetos\TradutorDGames\[Kimochi] RJ01696894,www\data\Map002.json,0,.json,utf-8-sig,kana,rpgmaker_map,95,$.events[9].pages[1].list[43].parameters[0],1,コト
T000913,B0002,D:\Dev\Desenvolvimento\Projetos\TradutorDGames\[Kimochi] RJ01696894,www\data\Map002.json,0,.json,utf-8-sig,"cjk,kana",rpgmaker_map,95,$.events[9].pages[1].list[44].parameters[0],1,「ボク君となら、まぁ……
T000914,B0002,D:\Dev\Desenvolvimento\Projetos\TradutorDGames\[Kimochi] RJ01696894,www\data\Map002.json,0,.json,utf-8-sig,kana,rpgmaker_map,95,$.events[9].pages[1].list[45].parameters[0],1,いいかな……？」
T000915,B0002,D:\Dev\Desenvolvimento\Projetos\TradutorDGames\[Kimochi] RJ01696894,www\data\Map002.json,0,.json,utf-8-sig,kana,rpgmaker_map,95,$.events[9].pages[1].list[47].parameters[0],1,コト
T000916,B0002,D:\Dev\Desenvolvimento\Projetos\TradutorDGames\[Kimochi] RJ01696894,www\data\Map002.json,0,.json,utf-8-sig,kana,rpgmaker_map,95,$.events[9].pages[1].list[48].parameters[0],1,「んっ…………」
T000917,B0002,D:\Dev\Desenvolvimento\Projetos\TradutorDGames\[Kimochi] RJ01696894,www\data\Map002.json,0,.json,utf-8-sig,kana,rpgmaker_map,95,$.events[9].pages[1].list[4].parameters[0],1,「うん……？
T000918,B0002,D:\Dev\Desenvolvimento\Projetos\TradutorDGames\[Kimochi] RJ01696894,www\data\Map002.json,0,.json,utf-8-sig,kana,rpgmaker_map,95,$.events[9].pages[1].list[50].parameters[0],1,コト
T000919,B0002,D:\Dev\Desenvolvimento\Projetos\TradutorDGames\[Kimochi] RJ01696894,www\data\Map002.json,0,.json,utf-8-sig,"cjk,kana",rpgmaker_map,95,$.events[9].pages[1].list[51].parameters[0],1,「た、たくさん中に出してね……」
T000920,B0002,D:\Dev\Desenvolvimento\Projetos\TradutorDGames\[Kimochi] RJ01696894,www\data\Map002.json,0,.json,utf-8-sig,cjk,rpgmaker_map,95,$.events[9].pages[1].list[52].parameters[0],1,PA_INIT 4 6 横 0
T000921,B0002,D:\Dev\Desenvolvimento\Projetos\TradutorDGames\[Kimochi] RJ01696894,www\data\Map002.json,0,.json,utf-8-sig,kana,rpgmaker_map,95,$.events[9].pages[1].list[58].parameters[0],1,コト
T000922,B0002,D:\Dev\Desenvolvimento\Projetos\TradutorDGames\[Kimochi] RJ01696894,www\data\Map002.json,0,.json,utf-8-sig,kana,rpgmaker_map,95,$.events[9].pages[1].list[59].parameters[0],1,「んっ……あぁっ……」
T000923,B0002,D:\Dev\Desenvolvimento\Projetos\TradutorDGames\[Kimochi] RJ01696894,www\data\Map002.json,0,.json,utf-8-sig,kana,rpgmaker_map,95,$.events[9].pages[1].list[5].parameters[0],1,なんかぼーっとしてたような……」
T000924,B0002,D:\Dev\Desenvolvimento\Projetos\TradutorDGames\[Kimochi] RJ01696894,www\data\Map002.json,0,.json,utf-8-sig,kana,rpgmaker_map,95,$.events[9].pages[1].list[61].parameters[0],1,コト
T000925,B0002,D:\Dev\Desenvolvimento\Projetos\TradutorDGames\[Kimochi] RJ01696894,www\data\Map002.json,0,.json,utf-8-sig,kana,rpgmaker_map,95,$.events[9].pages[1].list[62].parameters[0],1,「そ、そろそろでそう……？」
T000926,B0002,D:\Dev\Desenvolvimento\Projetos\TradutorDGames\[Kimochi] RJ01696894,www\data\Map002.json,0,.json,utf-8-sig,kana,rpgmaker_map,95,$.events[9].pages[1].list[64].parameters[0],1,コト
T000927,B0002,D:\Dev\Desenvolvimento\Projetos\TradutorDGames\[Kimochi] RJ01696894,www\data\Map002.json,0,.json,utf-8-sig,kana,rpgmaker_map,95,$.events[9].pages[1].list[65].parameters[0],1,「あっ……んんっ……」
T000928,B0002,D:\Dev\Desenvolvimento\Projetos\TradutorDGames\[Kimochi] RJ01696894,www\data\Map002.json,0,.json,utf-8-sig,kana,rpgmaker_map,95,$.events[9].pages[1].list[67].parameters[0],1,コト
T000929,B0002,D:\Dev\Desenvolvimento\Projetos\TradutorDGames\[Kimochi] RJ01696894,www\data\Map002.json,0,.json,utf-8-sig,kana,rpgmaker_map,95,$.events[9].pages[1].list[68].parameters[0],1,「こ、これ……
T000930,B0002,D:\Dev\Desenvolvimento\Projetos\TradutorDGames\[Kimochi] RJ01696894,www\data\Map002.json,0,.json,utf-8-sig,kana,rpgmaker_map,95,$.events[9].pages[1].list[69].parameters[0],1,いっちゃうかも……」
T000931,B0002,D:\Dev\Desenvolvimento\Projetos\TradutorDGames\[Kimochi] RJ01696894,www\data\Map002.json,0,.json,utf-8-sig,kana,rpgmaker_map,95,$.events[9].pages[1].list[71].parameters[0],1,コト
T000932,B0002,D:\Dev\Desenvolvimento\Projetos\TradutorDGames\[Kimochi] RJ01696894,www\data\Map002.json,0,.json,utf-8-sig,kana,rpgmaker_map,95,$.events[9].pages[1].list[72].parameters[0],1,「いっ……あっ……だめ……！」
T000933,B0002,D:\Dev\Desenvolvimento\Projetos\TradutorDGames\[Kimochi] RJ01696894,www\data\Map002.json,0,.json,utf-8-sig,kana,rpgmaker_map,95,$.events[9].pages[1].list[74].parameters[0],1,コト
T000934,B0002,D:\Dev\Desenvolvimento\Projetos\TradutorDGames\[Kimochi] RJ01696894,www\data\Map002.json,0,.json,utf-8-sig,kana,rpgmaker_map,95,$.events[9].pages[1].list[75].parameters[0],1,「いっ……く…………！」
T000935,B0002,D:\Dev\Desenvolvimento\Projetos\TradutorDGames\[Kimochi] RJ01696894,www\data\Map002.json,0,.json,utf-8-sig,cjk,rpgmaker_map,95,$.events[9].pages[1].list[77].parameters[0],1,PA_INIT 9 12 横 0
T000936,B0002,D:\Dev\Desenvolvimento\Projetos\TradutorDGames\[Kimochi] RJ01696894,www\data\Map002.json,0,.json,utf-8-sig,kana,rpgmaker_map,95,$.events[9].pages[1].list[85].parameters[0],1,コト
T000937,B0002,D:\Dev\Desenvolvimento\Projetos\TradutorDGames\[Kimochi] RJ01696894,www\data\Map002.json,0,.json,utf-8-sig,kana,rpgmaker_map,95,$.events[9].pages[1].list[86].parameters[0],1,「んっ……あぁっ……！」
T000938,B0002,D:\Dev\Desenvolvimento\Projetos\TradutorDGames\[Kimochi] RJ01696894,www\data\Map002.json,0,.json,utf-8-sig,kana,rpgmaker_map,95,$.events[9].pages[1].list[8].parameters[0],1,コト
T000939,B0002,D:\Dev\Desenvolvimento\Projetos\TradutorDGames\[Kimochi] RJ01696894,www\data\Map002.json,0,.json,utf-8-sig,kana,rpgmaker_map,95,$.events[9].pages[1].list[96].parameters[0],1,コト
T000940,B0002,D:\Dev\Desenvolvimento\Projetos\TradutorDGames\[Kimochi] RJ01696894,www\data\Map002.json,0,.json,utf-8-sig,kana,rpgmaker_map,95,$.events[9].pages[1].list[97].parameters[0],1,「うぅっ…………」
T000941,B0002,D:\Dev\Desenvolvimento\Projetos\TradutorDGames\[Kimochi] RJ01696894,www\data\Map002.json,0,.json,utf-8-sig,kana,rpgmaker_map,95,$.events[9].pages[1].list[99].parameters[0],1,コト
T000942,B0002,D:\Dev\Desenvolvimento\Projetos\TradutorDGames\[Kimochi] RJ01696894,www\data\Map002.json,0,.json,utf-8-sig,"cjk,kana",rpgmaker_map,95,$.events[9].pages[1].list[9].parameters[0],1,「あぁえっと、種付けだっけ？
T000943,B0002,D:\Dev\Desenvolvimento\Projetos\TradutorDGames\[Kimochi] RJ01696894,www\data\Map003.json,0,.json,utf-8-sig,"cjk,kana",rpgmaker_map,95,$.events[1].pages[0].list[0].parameters[0],1,ピクチャ番号　5　14
T000944,B0002,D:\Dev\Desenvolvimento\Projetos\TradutorDGames\[Kimochi] RJ01696894,www\data\Map003.json,0,.json,utf-8-sig,cjk,rpgmaker_map,95,$.events[2].pages[0].list[8].parameters[0],1,D_TEXT  酒屋 24
T000945,B0002,D:\Dev\Desenvolvimento\Projetos\TradutorDGames\[Kimochi] RJ01696894,www\data\Map003.json,0,.json,utf-8-sig,cjk,rpgmaker_map,95,$.events[5].pages[0].list[8].parameters[0],1,D_TEXT  路地裏 24
T000946,B0002,D:\Dev\Desenvolvimento\Projetos\TradutorDGames\[Kimochi] RJ01696894,www\data\Map004.json,0,.json,utf-8-sig,"cjk,kana",rpgmaker_map,95,$.events[3].pages[0].list[10].parameters[0],1,母のエリさんが店の準備をしている。
T000947,B0002,D:\Dev\Desenvolvimento\Projetos\TradutorDGames\[Kimochi] RJ01696894,www\data\Map004.json,0,.json,utf-8-sig,kana,rpgmaker_map,95,$.events[3].pages[0].list[13].parameters[0],1,エリ
T000948,B0002,D:\Dev\Desenvolvimento\Projetos\TradutorDGames\[Kimochi] RJ01696894,www\data\Map004.json,0,.json,utf-8-sig,kana,rpgmaker_map,95,$.events[3].pages[0].list[14].parameters[0],1,「あら～ヒマリならどこかにいっちゃったわよー？」
T000949,B0002,D:\Dev\Desenvolvimento\Projetos\TradutorDGames\[Kimochi] RJ01696894,www\data\Map004.json,0,.json,utf-8-sig,"cjk,kana",rpgmaker_map,95,$.events[3].pages[0].list[17].parameters[0],1,僕はスマホを取り出して要件を伝える。
T000950,B0002,D:\Dev\Desenvolvimento\Projetos\TradutorDGames\[Kimochi] RJ01696894,www\data\Map004.json,0,.json,utf-8-sig,kana,rpgmaker_map,95,$.events[3].pages[0].list[20].parameters[0],1,エリ
T000951,B0002,D:\Dev\Desenvolvimento\Projetos\TradutorDGames\[Kimochi] RJ01696894,www\data\Map004.json,0,.json,utf-8-sig,kana,rpgmaker_map,95,$.events[3].pages[0].list[21].parameters[0],1,「んん～？
T000952,B0002,D:\Dev\Desenvolvimento\Projetos\TradutorDGames\[Kimochi] RJ01696894,www\data\Map004.json,0,.json,utf-8-sig,kana,rpgmaker_map,95,$.events[3].pages[0].list[22].parameters[0],1,おばさん、そういうのはよくわからないんだけど……」
T000953,B0002,D:\Dev\Desenvolvimento\Projetos\TradutorDGames\[Kimochi] RJ01696894,www\data\Map004.json,0,.json,utf-8-sig,kana,rpgmaker_map,95,$.events[3].pages[0].list[25].parameters[0],1,エリ
T000954,B0002,D:\Dev\Desenvolvimento\Projetos\TradutorDGames\[Kimochi] RJ01696894,www\data\Map004.json,0,.json,utf-8-sig,"cjk,kana",rpgmaker_map,95,$.events[3].pages[0].list[26].parameters[0],1,「ちょっと時間あるし、すこしだけならいいわよ～」
T000955,B0002,D:\Dev\Desenvolvimento\Projetos\TradutorDGames\[Kimochi] RJ01696894,www\data\Map004.json,0,.json,utf-8-sig,"cjk,kana",rpgmaker_map,95,$.events[3].pages[0].list[31].parameters[0],1,僕は エリ にアプリをつかった！
T000956,B0002,D:\Dev\Desenvolvimento\Projetos\TradutorDGames\[Kimochi] RJ01696894,www\data\Map004.json,0,.json,utf-8-sig,kana,rpgmaker_map,95,$.events[3].pages[0].list[39].parameters[0],1,エリ
T000957,B0002,D:\Dev\Desenvolvimento\Projetos\TradutorDGames\[Kimochi] RJ01696894,www\data\Map004.json,0,.json,utf-8-sig,kana,rpgmaker_map,95,$.events[3].pages[0].list[40].parameters[0],1,「ん……………」
T000958,B0002,D:\Dev\Desenvolvimento\Projetos\TradutorDGames\[Kimochi] RJ01696894,www\data\Map004.json,0,.json,utf-8-sig,kana,rpgmaker_map,95,$.events[3].pages[0].list[43].parameters[0],1,"エリは ""にんしきかいへん"" された！"
T000959,B0002,D:\Dev\Desenvolvimento\Projetos\TradutorDGames\[Kimochi] RJ01696894,www\data\Map004.json,0,.json,utf-8-sig,"cjk,kana",rpgmaker_map,95,$.events[3].pages[0].list[9].parameters[0],1,ここはヒマリちゃんの家の酒屋だ。
T000960,B0002,D:\Dev\Desenvolvimento\Projetos\TradutorDGames\[Kimochi] RJ01696894,www\data\Map004.json,0,.json,utf-8-sig,kana,rpgmaker_map,95,$.events[3].pages[1].list[102].parameters[0],1,エリ
T000961,B0002,D:\Dev\Desenvolvimento\Projetos\TradutorDGames\[Kimochi] RJ01696894,www\data\Map004.json,0,.json,utf-8-sig,"cjk,kana",rpgmaker_map,95,$.events[3].pages[1].list[103].parameters[0],1,「ボク君ありがとね……♥
T000962,B0002,D:\Dev\Desenvolvimento\Projetos\TradutorDGames\[Kimochi] RJ01696894,www\data\Map004.json,0,.json,utf-8-sig,"cjk,kana",rpgmaker_map,95,$.events[3].pages[1].list[104].parameters[0],1,また気が向いたらよろしくね……♥」
T000963,B0002,D:\Dev\Desenvolvimento\Projetos\TradutorDGames\[Kimochi] RJ01696894,www\data\Map004.json,0,.json,utf-8-sig,"cjk,kana",rpgmaker_map,95,$.events[3].pages[1].list[108].parameters[0],1,僕は エリ に種付けした！
T000964,B0002,D:\Dev\Desenvolvimento\Projetos\TradutorDGames\[Kimochi] RJ01696894,www\data\Map004.json,0,.json,utf-8-sig,kana,rpgmaker_map,95,$.events[3].pages[1].list[12].parameters[0],1,エリ
T000965,B0002,D:\Dev\Desenvolvimento\Projetos\TradutorDGames\[Kimochi] RJ01696894,www\data\Map004.json,0,.json,utf-8-sig,"cjk,kana",rpgmaker_map,95,$.events[3].pages[1].list[13].parameters[0],1,「偉いわねぇ……
T000966,B0002,D:\Dev\Desenvolvimento\Projetos\TradutorDGames\[Kimochi] RJ01696894,www\data\Map004.json,0,.json,utf-8-sig,kana,rpgmaker_map,95,$.events[3].pages[1].list[14].parameters[0],1,こんなおばさんだけど、
T000967,B0002,D:\Dev\Desenvolvimento\Projetos\TradutorDGames\[Kimochi] RJ01696894,www\data\Map004.json,0,.json,utf-8-sig,kana,rpgmaker_map,95,$.events[3].pages[1].list[15].parameters[0],1,ほんとにいいの？」
T000968,B0002,D:\Dev\Desenvolvimento\Projetos\TradutorDGames\[Kimochi] RJ01696894,www\data\Map004.json,0,.json,utf-8-sig,cjk,rpgmaker_map,95,$.events[3].pages[1].list[18].parameters[0],1,PA_INIT 8 12 横 0
T000969,B0002,D:\Dev\Desenvolvimento\Projetos\TradutorDGames\[Kimochi] RJ01696894,www\data\Map004.json,0,.json,utf-8-sig,kana,rpgmaker_map,95,$.events[3].pages[1].list[22].parameters[0],1,エリ
T000970,B0002,D:\Dev\Desenvolvimento\Projetos\TradutorDGames\[Kimochi] RJ01696894,www\data\Map004.json,0,.json,utf-8-sig,kana,rpgmaker_map,95,$.events[3].pages[1].list[23].parameters[0],1,「どう？はいりそー？
T000971,B0002,D:\Dev\Desenvolvimento\Projetos\TradutorDGames\[Kimochi] RJ01696894,www\data\Map004.json,0,.json,utf-8-sig,kana,rpgmaker_map,95,$.events[3].pages[1].list[24].parameters[0],1,ゆっくりでいいからね～」
T000972,B0002,D:\Dev\Desenvolvimento\Projetos\TradutorDGames\[Kimochi] RJ01696894,www\data\Map004.json,0,.json,utf-8-sig,kana,rpgmaker_map,95,$.events[3].pages[1].list[29].parameters[0],1,エリ
T000973,B0002,D:\Dev\Desenvolvimento\Projetos\TradutorDGames\[Kimochi] RJ01696894,www\data\Map004.json,0,.json,utf-8-sig,kana,rpgmaker_map,95,$.events[3].pages[1].list[30].parameters[0],1,「そう、そこそこっ……
T000974,B0002,D:\Dev\Desenvolvimento\Projetos\TradutorDGames\[Kimochi] RJ01696894,www\data\Map004.json,0,.json,utf-8-sig,kana,rpgmaker_map,95,$.events[3].pages[1].list[31].parameters[0],1,んっ……」
T000975,B0002,D:\Dev\Desenvolvimento\Projetos\TradutorDGames\[Kimochi] RJ01696894,www\data\Map004.json,0,.json,utf-8-sig,cjk,rpgmaker_map,95,$.events[3].pages[1].list[32].parameters[0],1,PA_INIT 4 12 横 0
T000976,B0002,D:\Dev\Desenvolvimento\Projetos\TradutorDGames\[Kimochi] RJ01696894,www\data\Map004.json,0,.json,utf-8-sig,kana,rpgmaker_map,95,$.events[3].pages[1].list[38].parameters[0],1,エリ
T000977,B0002,D:\Dev\Desenvolvimento\Projetos\TradutorDGames\[Kimochi] RJ01696894,www\data\Map004.json,0,.json,utf-8-sig,kana,rpgmaker_map,95,$.events[3].pages[1].list[39].parameters[0],1,「あっ……あぁっ……」
T000978,B0002,D:\Dev\Desenvolvimento\Projetos\TradutorDGames\[Kimochi] RJ01696894,www\data\Map004.json,0,.json,utf-8-sig,kana,rpgmaker_map,95,$.events[3].pages[1].list[3].parameters[0],1,エリ
T000979,B0002,D:\Dev\Desenvolvimento\Projetos\TradutorDGames\[Kimochi] RJ01696894,www\data\Map004.json,0,.json,utf-8-sig,kana,rpgmaker_map,95,$.events[3].pages[1].list[41].parameters[0],1,エリ
T000980,B0002,D:\Dev\Desenvolvimento\Projetos\TradutorDGames\[Kimochi] RJ01696894,www\data\Map004.json,0,.json,utf-8-sig,"cjk,kana",rpgmaker_map,95,$.events[3].pages[1].list[42].parameters[0],1,「で、出そうになったら……
T000981,B0002,D:\Dev\Desenvolvimento\Projetos\TradutorDGames\[Kimochi] RJ01696894,www\data\Map004.json,0,.json,utf-8-sig,"cjk,kana",rpgmaker_map,95,$.events[3].pages[1].list[43].parameters[0],1,すぐに出していいからね……」
T000982,B0002,D:\Dev\Desenvolvimento\Projetos\TradutorDGames\[Kimochi] RJ01696894,www\data\Map004.json,0,.json,utf-8-sig,kana,rpgmaker_map,95,$.events[3].pages[1].list[45].parameters[0],1,エリ
T000983,B0002,D:\Dev\Desenvolvimento\Projetos\TradutorDGames\[Kimochi] RJ01696894,www\data\Map004.json,0,.json,utf-8-sig,kana,rpgmaker_map,95,$.events[3].pages[1].list[46].parameters[0],1,「んっ……あぁっ……」
T000984,B0002,D:\Dev\Desenvolvimento\Projetos\TradutorDGames\[Kimochi] RJ01696894,www\data\Map004.json,0,.json,utf-8-sig,kana,rpgmaker_map,95,$.events[3].pages[1].list[48].parameters[0],1,エリ
T000985,B0002,D:\Dev\Desenvolvimento\Projetos\TradutorDGames\[Kimochi] RJ01696894,www\data\Map004.json,0,.json,utf-8-sig,"cjk,kana",rpgmaker_map,95,$.events[3].pages[1].list[49].parameters[0],1,「久しぶりだからかしらっ……
T000986,B0002,D:\Dev\Desenvolvimento\Projetos\TradutorDGames\[Kimochi] RJ01696894,www\data\Map004.json,0,.json,utf-8-sig,kana,rpgmaker_map,95,$.events[3].pages[1].list[50].parameters[0],1,すごくきもちいいわ……♥」
T000987,B0002,D:\Dev\Desenvolvimento\Projetos\TradutorDGames\[Kimochi] RJ01696894,www\data\Map004.json,0,.json,utf-8-sig,kana,rpgmaker_map,95,$.events[3].pages[1].list[52].parameters[0],1,エリ
T000988,B0002,D:\Dev\Desenvolvimento\Projetos\TradutorDGames\[Kimochi] RJ01696894,www\data\Map004.json,0,.json,utf-8-sig,"cjk,kana",rpgmaker_map,95,$.events[3].pages[1].list[53].parameters[0],1,「ボク君も私に構わず好きなだけ
T000989,B0002,D:\Dev\Desenvolvimento\Projetos\TradutorDGames\[Kimochi] RJ01696894,www\data\Map004.json,0,.json,utf-8-sig,"cjk,kana",rpgmaker_map,95,$.events[3].pages[1].list[54].parameters[0],1,気持ちよくなってね……♥」
T000990,B0002,D:\Dev\Desenvolvimento\Projetos\TradutorDGames\[Kimochi] RJ01696894,www\data\Map004.json,0,.json,utf-8-sig,cjk,rpgmaker_map,95,$.events[3].pages[1].list[55].parameters[0],1,PA_INIT 4 6 横 0
T000991,B0002,D:\Dev\Desenvolvimento\Projetos\TradutorDGames\[Kimochi] RJ01696894,www\data\Map004.json,0,.json,utf-8-sig,kana,rpgmaker_map,95,$.events[3].pages[1].list[61].parameters[0],1,エリ
T000992,B0002,D:\Dev\Desenvolvimento\Projetos\TradutorDGames\[Kimochi] RJ01696894,www\data\Map004.json,0,.json,utf-8-sig,kana,rpgmaker_map,95,$.events[3].pages[1].list[62].parameters[0],1,「あっあっ……！
T000993,B0002,D:\Dev\Desenvolvimento\Projetos\TradutorDGames\[Kimochi] RJ01696894,www\data\Map004.json,0,.json,utf-8-sig,kana,rpgmaker_map,95,$.events[3].pages[1].list[63].parameters[0],1,きもちいい……」
T000994,B0002,D:\Dev\Desenvolvimento\Projetos\TradutorDGames\[Kimochi] RJ01696894,www\data\Map004.json,0,.json,utf-8-sig,kana,rpgmaker_map,95,$.events[3].pages[1].list[65].parameters[0],1,エリ
T000995,B0002,D:\Dev\Desenvolvimento\Projetos\TradutorDGames\[Kimochi] RJ01696894,www\data\Map004.json,0,.json,utf-8-sig,kana,rpgmaker_map,95,$.events[3].pages[1].list[66].parameters[0],1,「そ、そこっ……いいところ……
T000996,B0002,D:\Dev\Desenvolvimento\Projetos\TradutorDGames\[Kimochi] RJ01696894,www\data\Map004.json,0,.json,utf-8-sig,"cjk,kana",rpgmaker_map,95,$.events[3].pages[1].list[67].parameters[0],1,当たってる……
T000997,B0002,D:\Dev\Desenvolvimento\Projetos\TradutorDGames\[Kimochi] RJ01696894,www\data\Map004.json,0,.json,utf-8-sig,kana,rpgmaker_map,95,$.events[3].pages[1].list[68].parameters[0],1,あぁっ……」
T000998,B0002,D:\Dev\Desenvolvimento\Projetos\TradutorDGames\[Kimochi] RJ01696894,www\data\Map004.json,0,.json,utf-8-sig,kana,rpgmaker_map,95,$.events[3].pages[1].list[70].parameters[0],1,エリ
T000999,B0002,D:\Dev\Desenvolvimento\Projetos\TradutorDGames\[Kimochi] RJ01696894,www\data\Map004.json,0,.json,utf-8-sig,kana,rpgmaker_map,95,$.events[3].pages[1].list[71].parameters[0],1,「う、うそ……
T001000,B0002,D:\Dev\Desenvolvimento\Projetos\TradutorDGames\[Kimochi] RJ01696894,www\data\Map004.json,0,.json,utf-8-sig,kana,rpgmaker_map,95,$.events[3].pages[1].list[72].parameters[0],1,いっちゃうかも……♥」
T001001,B0003,D:\Dev\Desenvolvimento\Projetos\TradutorDGames\[Kimochi] RJ01696894,www\data\Map004.json,0,.json,utf-8-sig,kana,rpgmaker_map,95,$.events[3].pages[1].list[74].parameters[0],1,エリ
T001002,B0003,D:\Dev\Desenvolvimento\Projetos\TradutorDGames\[Kimochi] RJ01696894,www\data\Map004.json,0,.json,utf-8-sig,kana,rpgmaker_map,95,$.events[3].pages[1].list[75].parameters[0],1,「いっ……！
T001003,B0003,D:\Dev\Desenvolvimento\Projetos\TradutorDGames\[Kimochi] RJ01696894,www\data\Map004.json,0,.json,utf-8-sig,kana,rpgmaker_map,95,$.events[3].pages[1].list[76].parameters[0],1,ああぁっ……♥♥」
T001004,B0003,D:\Dev\Desenvolvimento\Projetos\TradutorDGames\[Kimochi] RJ01696894,www\data\Map004.json,0,.json,utf-8-sig,cjk,rpgmaker_map,95,$.events[3].pages[1].list[78].parameters[0],1,PA_INIT 9 12 横 0
T001005,B0003,D:\Dev\Desenvolvimento\Projetos\TradutorDGames\[Kimochi] RJ01696894,www\data\Map004.json,0,.json,utf-8-sig,kana,rpgmaker_map,95,$.events[3].pages[1].list[7].parameters[0],1,エリ
T001006,B0003,D:\Dev\Desenvolvimento\Projetos\TradutorDGames\[Kimochi] RJ01696894,www\data\Map004.json,0,.json,utf-8-sig,kana,rpgmaker_map,95,$.events[3].pages[1].list[86].parameters[0],1,エリ
T001007,B0003,D:\Dev\Desenvolvimento\Projetos\TradutorDGames\[Kimochi] RJ01696894,www\data\Map004.json,0,.json,utf-8-sig,kana,rpgmaker_map,95,$.events[3].pages[1].list[87].parameters[0],1,「あぁぁっ……♥♥♥」
T001008,B0003,D:\Dev\Desenvolvimento\Projetos\TradutorDGames\[Kimochi] RJ01696894,www\data\Map004.json,0,.json,utf-8-sig,kana,rpgmaker_map,95,$.events[3].pages[1].list[8].parameters[0],1,「あーなるほど！
T001009,B0003,D:\Dev\Desenvolvimento\Projetos\TradutorDGames\[Kimochi] RJ01696894,www\data\Map004.json,0,.json,utf-8-sig,kana,rpgmaker_map,95,$.events[3].pages[1].list[97].parameters[0],1,エリ
T001010,B0003,D:\Dev\Desenvolvimento\Projetos\TradutorDGames\[Kimochi] RJ01696894,www\data\Map004.json,0,.json,utf-8-sig,"cjk,kana",rpgmaker_map,95,$.events[3].pages[1].list[98].parameters[0],1,「あっ……♥すごい量……
T001011,B0003,D:\Dev\Desenvolvimento\Projetos\TradutorDGames\[Kimochi] RJ01696894,www\data\Map004.json,0,.json,utf-8-sig,kana,rpgmaker_map,95,$.events[3].pages[1].list[99].parameters[0],1,こぼれちゃう……」
T001012,B0003,D:\Dev\Desenvolvimento\Projetos\TradutorDGames\[Kimochi] RJ01696894,www\data\Map004.json,0,.json,utf-8-sig,"cjk,kana",rpgmaker_map,95,$.events[3].pages[1].list[9].parameters[0],1,ボク君種付けしてくれるのね？」
T001013,B0003,D:\Dev\Desenvolvimento\Projetos\TradutorDGames\[Kimochi] RJ01696894,www\data\Map005.json,0,.json,utf-8-sig,kana,rpgmaker_map,95,$.events[5].pages[0].list[11].parameters[0],1,ヒマリ
T001014,B0003,D:\Dev\Desenvolvimento\Projetos\TradutorDGames\[Kimochi] RJ01696894,www\data\Map005.json,0,.json,utf-8-sig,"cjk,kana",rpgmaker_map,95,$.events[5].pages[0].list[12].parameters[0],1,「あれー？ボク君じゃん！」
T001015,B0003,D:\Dev\Desenvolvimento\Projetos\TradutorDGames\[Kimochi] RJ01696894,www\data\Map005.json,0,.json,utf-8-sig,"cjk,kana",rpgmaker_map,95,$.events[5].pages[0].list[15].parameters[0],1,同じクラスの女子のヒマリちゃんが一人で遊んでいた。
T001016,B0003,D:\Dev\Desenvolvimento\Projetos\TradutorDGames\[Kimochi] RJ01696894,www\data\Map005.json,0,.json,utf-8-sig,kana,rpgmaker_map,95,$.events[5].pages[0].list[18].parameters[0],1,ヒマリ
T001017,B0003,D:\Dev\Desenvolvimento\Projetos\TradutorDGames\[Kimochi] RJ01696894,www\data\Map005.json,0,.json,utf-8-sig,"cjk,kana",rpgmaker_map,95,$.events[5].pages[0].list[19].parameters[0],1,「ボク君も暇で学校に来たの？
T001018,B0003,D:\Dev\Desenvolvimento\Projetos\TradutorDGames\[Kimochi] RJ01696894,www\data\Map005.json,0,.json,utf-8-sig,"cjk,kana",rpgmaker_map,95,$.events[5].pages[0].list[20].parameters[0],1,じゃあ一緒にあそぼ！」
T001019,B0003,D:\Dev\Desenvolvimento\Projetos\TradutorDGames\[Kimochi] RJ01696894,www\data\Map005.json,0,.json,utf-8-sig,"cjk,kana",rpgmaker_map,95,$.events[5].pages[0].list[23].parameters[0],1,僕はしばらく一緒に遊ぶことにした。
T001020,B0003,D:\Dev\Desenvolvimento\Projetos\TradutorDGames\[Kimochi] RJ01696894,www\data\Map005.json,0,.json,utf-8-sig,kana,rpgmaker_map,95,$.events[5].pages[0].list[28].parameters[0],1,ヒマリ
T001021,B0003,D:\Dev\Desenvolvimento\Projetos\TradutorDGames\[Kimochi] RJ01696894,www\data\Map005.json,0,.json,utf-8-sig,kana,rpgmaker_map,95,$.events[5].pages[0].list[29].parameters[0],1,「はぁ……はぁ……
T001022,B0003,D:\Dev\Desenvolvimento\Projetos\TradutorDGames\[Kimochi] RJ01696894,www\data\Map005.json,0,.json,utf-8-sig,"cjk,kana",rpgmaker_map,95,$.events[5].pages[0].list[30].parameters[0],1,汗だくになっちゃったね……！」
T001023,B0003,D:\Dev\Desenvolvimento\Projetos\TradutorDGames\[Kimochi] RJ01696894,www\data\Map005.json,0,.json,utf-8-sig,"cjk,kana",rpgmaker_map,95,$.events[5].pages[0].list[36].parameters[0],1,僕はヒマリちゃんの張り付いた服を見て
T001024,B0003,D:\Dev\Desenvolvimento\Projetos\TradutorDGames\[Kimochi] RJ01696894,www\data\Map005.json,0,.json,utf-8-sig,"cjk,kana",rpgmaker_map,95,$.events[5].pages[0].list[37].parameters[0],1,自分の目的を思い出す。
T001025,B0003,D:\Dev\Desenvolvimento\Projetos\TradutorDGames\[Kimochi] RJ01696894,www\data\Map005.json,0,.json,utf-8-sig,kana,rpgmaker_map,95,$.events[5].pages[0].list[40].parameters[0],1,ヒマリ
T001026,B0003,D:\Dev\Desenvolvimento\Projetos\TradutorDGames\[Kimochi] RJ01696894,www\data\Map005.json,0,.json,utf-8-sig,"cjk,kana",rpgmaker_map,95,$.events[5].pages[0].list[41].parameters[0],1,「え？ヒマリに用があったの？
T001027,B0003,D:\Dev\Desenvolvimento\Projetos\TradutorDGames\[Kimochi] RJ01696894,www\data\Map005.json,0,.json,utf-8-sig,kana,rpgmaker_map,95,$.events[5].pages[0].list[42].parameters[0],1,なにー？」
T001028,B0003,D:\Dev\Desenvolvimento\Projetos\TradutorDGames\[Kimochi] RJ01696894,www\data\Map005.json,0,.json,utf-8-sig,kana,rpgmaker_map,95,$.events[5].pages[0].list[45].parameters[0],1,ヒマリ
T001029,B0003,D:\Dev\Desenvolvimento\Projetos\TradutorDGames\[Kimochi] RJ01696894,www\data\Map005.json,0,.json,utf-8-sig,kana,rpgmaker_map,95,$.events[5].pages[0].list[46].parameters[0],1,「たねづけ？なにそれ？」
T001030,B0003,D:\Dev\Desenvolvimento\Projetos\TradutorDGames\[Kimochi] RJ01696894,www\data\Map005.json,0,.json,utf-8-sig,kana,rpgmaker_map,95,$.events[5].pages[0].list[49].parameters[0],1,ヒマリ
T001031,B0003,D:\Dev\Desenvolvimento\Projetos\TradutorDGames\[Kimochi] RJ01696894,www\data\Map005.json,0,.json,utf-8-sig,kana,rpgmaker_map,95,$.events[5].pages[0].list[50].parameters[0],1,「よくわかんないけどいいよー！」
T001032,B0003,D:\Dev\Desenvolvimento\Projetos\TradutorDGames\[Kimochi] RJ01696894,www\data\Map005.json,0,.json,utf-8-sig,"cjk,kana",rpgmaker_map,95,$.events[5].pages[0].list[56].parameters[0],1,僕は ヒマリ にアプリをつかった！
T001033,B0003,D:\Dev\Desenvolvimento\Projetos\TradutorDGames\[Kimochi] RJ01696894,www\data\Map005.json,0,.json,utf-8-sig,kana,rpgmaker_map,95,$.events[5].pages[0].list[63].parameters[0],1,ヒマリ
T001034,B0003,D:\Dev\Desenvolvimento\Projetos\TradutorDGames\[Kimochi] RJ01696894,www\data\Map005.json,0,.json,utf-8-sig,kana,rpgmaker_map,95,$.events[5].pages[0].list[64].parameters[0],1,「んっ…………
T001035,B0003,D:\Dev\Desenvolvimento\Projetos\TradutorDGames\[Kimochi] RJ01696894,www\data\Map005.json,0,.json,utf-8-sig,kana,rpgmaker_map,95,$.events[5].pages[0].list[68].parameters[0],1,"ヒマリは ""にんしきかいへん"" された！"
T001036,B0003,D:\Dev\Desenvolvimento\Projetos\TradutorDGames\[Kimochi] RJ01696894,www\data\Map005.json,0,.json,utf-8-sig,"cjk,kana",rpgmaker_map,95,$.events[5].pages[0].list[9].parameters[0],1,この暑さの中、元気に走り回っている女子がいる。
T001037,B0003,D:\Dev\Desenvolvimento\Projetos\TradutorDGames\[Kimochi] RJ01696894,www\data\Map005.json,0,.json,utf-8-sig,kana,rpgmaker_map,95,$.events[5].pages[1].list[101].parameters[0],1,ヒマリ
T001038,B0003,D:\Dev\Desenvolvimento\Projetos\TradutorDGames\[Kimochi] RJ01696894,www\data\Map005.json,0,.json,utf-8-sig,kana,rpgmaker_map,95,$.events[5].pages[1].list[102].parameters[0],1,「あぁっ……あぁ……
T001039,B0003,D:\Dev\Desenvolvimento\Projetos\TradutorDGames\[Kimochi] RJ01696894,www\data\Map005.json,0,.json,utf-8-sig,kana,rpgmaker_map,95,$.events[5].pages[1].list[103].parameters[0],1,いぎぃぃっ…………」
T001040,B0003,D:\Dev\Desenvolvimento\Projetos\TradutorDGames\[Kimochi] RJ01696894,www\data\Map005.json,0,.json,utf-8-sig,kana,rpgmaker_map,95,$.events[5].pages[1].list[113].parameters[0],1,ヒマリ
T001041,B0003,D:\Dev\Desenvolvimento\Projetos\TradutorDGames\[Kimochi] RJ01696894,www\data\Map005.json,0,.json,utf-8-sig,kana,rpgmaker_map,95,$.events[5].pages[1].list[114].parameters[0],1,「んっ……あっ……」
T001042,B0003,D:\Dev\Desenvolvimento\Projetos\TradutorDGames\[Kimochi] RJ01696894,www\data\Map005.json,0,.json,utf-8-sig,kana,rpgmaker_map,95,$.events[5].pages[1].list[117].parameters[0],1,ヒマリ
T001043,B0003,D:\Dev\Desenvolvimento\Projetos\TradutorDGames\[Kimochi] RJ01696894,www\data\Map005.json,0,.json,utf-8-sig,"cjk,kana",rpgmaker_map,95,$.events[5].pages[1].list[118].parameters[0],1,「な、なんか……ちょっと怖かったけど
T001044,B0003,D:\Dev\Desenvolvimento\Projetos\TradutorDGames\[Kimochi] RJ01696894,www\data\Map005.json,0,.json,utf-8-sig,kana,rpgmaker_map,95,$.events[5].pages[1].list[119].parameters[0],1,きもちよかった……！」
T001045,B0003,D:\Dev\Desenvolvimento\Projetos\TradutorDGames\[Kimochi] RJ01696894,www\data\Map005.json,0,.json,utf-8-sig,kana,rpgmaker_map,95,$.events[5].pages[1].list[122].parameters[0],1,ヒマリ
T001046,B0003,D:\Dev\Desenvolvimento\Projetos\TradutorDGames\[Kimochi] RJ01696894,www\data\Map005.json,0,.json,utf-8-sig,kana,rpgmaker_map,95,$.events[5].pages[1].list[123].parameters[0],1,「またやろうね……！」
T001047,B0003,D:\Dev\Desenvolvimento\Projetos\TradutorDGames\[Kimochi] RJ01696894,www\data\Map005.json,0,.json,utf-8-sig,"cjk,kana",rpgmaker_map,95,$.events[5].pages[1].list[127].parameters[0],1,僕は ヒマリ に種付けした！
T001048,B0003,D:\Dev\Desenvolvimento\Projetos\TradutorDGames\[Kimochi] RJ01696894,www\data\Map005.json,0,.json,utf-8-sig,kana,rpgmaker_map,95,$.events[5].pages[1].list[12].parameters[0],1,ヒマリ
T001049,B0003,D:\Dev\Desenvolvimento\Projetos\TradutorDGames\[Kimochi] RJ01696894,www\data\Map005.json,0,.json,utf-8-sig,kana,rpgmaker_map,95,$.events[5].pages[1].list[13].parameters[0],1,「たねづけ……？
T001050,B0003,D:\Dev\Desenvolvimento\Projetos\TradutorDGames\[Kimochi] RJ01696894,www\data\Map005.json,0,.json,utf-8-sig,kana,rpgmaker_map,95,$.events[5].pages[1].list[14].parameters[0],1,してもらえばいいんだよね！」
T001051,B0003,D:\Dev\Desenvolvimento\Projetos\TradutorDGames\[Kimochi] RJ01696894,www\data\Map005.json,0,.json,utf-8-sig,kana,rpgmaker_map,95,$.events[5].pages[1].list[16].parameters[0],1,ヒマリ
T001052,B0003,D:\Dev\Desenvolvimento\Projetos\TradutorDGames\[Kimochi] RJ01696894,www\data\Map005.json,0,.json,utf-8-sig,"cjk,kana",rpgmaker_map,95,$.events[5].pages[1].list[17].parameters[0],1,「よくわかんないけど、協力するね！」
T001053,B0003,D:\Dev\Desenvolvimento\Projetos\TradutorDGames\[Kimochi] RJ01696894,www\data\Map005.json,0,.json,utf-8-sig,cjk,rpgmaker_map,95,$.events[5].pages[1].list[20].parameters[0],1,PA_INIT 7 12 横 0
T001054,B0003,D:\Dev\Desenvolvimento\Projetos\TradutorDGames\[Kimochi] RJ01696894,www\data\Map005.json,0,.json,utf-8-sig,kana,rpgmaker_map,95,$.events[5].pages[1].list[24].parameters[0],1,ヒマリ
T001055,B0003,D:\Dev\Desenvolvimento\Projetos\TradutorDGames\[Kimochi] RJ01696894,www\data\Map005.json,0,.json,utf-8-sig,kana,rpgmaker_map,95,$.events[5].pages[1].list[25].parameters[0],1,「え……？
T001056,B0003,D:\Dev\Desenvolvimento\Projetos\TradutorDGames\[Kimochi] RJ01696894,www\data\Map005.json,0,.json,utf-8-sig,"cjk,kana",rpgmaker_map,95,$.events[5].pages[1].list[26].parameters[0],1,こ、ここにおちんちん入れるの？」
T001057,B0003,D:\Dev\Desenvolvimento\Projetos\TradutorDGames\[Kimochi] RJ01696894,www\data\Map005.json,0,.json,utf-8-sig,kana,rpgmaker_map,95,$.events[5].pages[1].list[28].parameters[0],1,ヒマリ
T001058,B0003,D:\Dev\Desenvolvimento\Projetos\TradutorDGames\[Kimochi] RJ01696894,www\data\Map005.json,0,.json,utf-8-sig,kana,rpgmaker_map,95,$.events[5].pages[1].list[29].parameters[0],1,「い、いいけど……
T001059,B0003,D:\Dev\Desenvolvimento\Projetos\TradutorDGames\[Kimochi] RJ01696894,www\data\Map005.json,0,.json,utf-8-sig,"cjk,kana",rpgmaker_map,95,$.events[5].pages[1].list[30].parameters[0],1,入るかな……？」
T001060,B0003,D:\Dev\Desenvolvimento\Projetos\TradutorDGames\[Kimochi] RJ01696894,www\data\Map005.json,0,.json,utf-8-sig,kana,rpgmaker_map,95,$.events[5].pages[1].list[35].parameters[0],1,ヒマリ
T001061,B0003,D:\Dev\Desenvolvimento\Projetos\TradutorDGames\[Kimochi] RJ01696894,www\data\Map005.json,0,.json,utf-8-sig,kana,rpgmaker_map,95,$.events[5].pages[1].list[36].parameters[0],1,「んっ……！あっ、あぁっ……！」
T001062,B0003,D:\Dev\Desenvolvimento\Projetos\TradutorDGames\[Kimochi] RJ01696894,www\data\Map005.json,0,.json,utf-8-sig,kana,rpgmaker_map,95,$.events[5].pages[1].list[38].parameters[0],1,ヒマリ
T001063,B0003,D:\Dev\Desenvolvimento\Projetos\TradutorDGames\[Kimochi] RJ01696894,www\data\Map005.json,0,.json,utf-8-sig,"cjk,kana",rpgmaker_map,95,$.events[5].pages[1].list[39].parameters[0],1,「お、おちんちん入っ……！？
T001064,B0003,D:\Dev\Desenvolvimento\Projetos\TradutorDGames\[Kimochi] RJ01696894,www\data\Map005.json,0,.json,utf-8-sig,kana,rpgmaker_map,95,$.events[5].pages[1].list[3].parameters[0],1,ヒマリ
T001065,B0003,D:\Dev\Desenvolvimento\Projetos\TradutorDGames\[Kimochi] RJ01696894,www\data\Map005.json,0,.json,utf-8-sig,kana,rpgmaker_map,95,$.events[5].pages[1].list[40].parameters[0],1,……った！？」
T001066,B0003,D:\Dev\Desenvolvimento\Projetos\TradutorDGames\[Kimochi] RJ01696894,www\data\Map005.json,0,.json,utf-8-sig,kana,rpgmaker_map,95,$.events[5].pages[1].list[42].parameters[0],1,ヒマリ
T001067,B0003,D:\Dev\Desenvolvimento\Projetos\TradutorDGames\[Kimochi] RJ01696894,www\data\Map005.json,0,.json,utf-8-sig,kana,rpgmaker_map,95,$.events[5].pages[1].list[43].parameters[0],1,「こ、これっ……
T001068,B0003,D:\Dev\Desenvolvimento\Projetos\TradutorDGames\[Kimochi] RJ01696894,www\data\Map005.json,0,.json,utf-8-sig,kana,rpgmaker_map,95,$.events[5].pages[1].list[44].parameters[0],1,これが たねづけ なの……？？」
T001069,B0003,D:\Dev\Desenvolvimento\Projetos\TradutorDGames\[Kimochi] RJ01696894,www\data\Map005.json,0,.json,utf-8-sig,kana,rpgmaker_map,95,$.events[5].pages[1].list[46].parameters[0],1,ヒマリ
T001070,B0003,D:\Dev\Desenvolvimento\Projetos\TradutorDGames\[Kimochi] RJ01696894,www\data\Map005.json,0,.json,utf-8-sig,"cjk,kana",rpgmaker_map,95,$.events[5].pages[1].list[47].parameters[0],1,「ちょっとっ……苦しいかも……」
T001071,B0003,D:\Dev\Desenvolvimento\Projetos\TradutorDGames\[Kimochi] RJ01696894,www\data\Map005.json,0,.json,utf-8-sig,cjk,rpgmaker_map,95,$.events[5].pages[1].list[48].parameters[0],1,PA_INIT 4 12 横 0
T001072,B0003,D:\Dev\Desenvolvimento\Projetos\TradutorDGames\[Kimochi] RJ01696894,www\data\Map005.json,0,.json,utf-8-sig,kana,rpgmaker_map,95,$.events[5].pages[1].list[54].parameters[0],1,ヒマリ
T001073,B0003,D:\Dev\Desenvolvimento\Projetos\TradutorDGames\[Kimochi] RJ01696894,www\data\Map005.json,0,.json,utf-8-sig,kana,rpgmaker_map,95,$.events[5].pages[1].list[55].parameters[0],1,「あっ……あぁっ……」
T001074,B0003,D:\Dev\Desenvolvimento\Projetos\TradutorDGames\[Kimochi] RJ01696894,www\data\Map005.json,0,.json,utf-8-sig,kana,rpgmaker_map,95,$.events[5].pages[1].list[57].parameters[0],1,ヒマリ
T001075,B0003,D:\Dev\Desenvolvimento\Projetos\TradutorDGames\[Kimochi] RJ01696894,www\data\Map005.json,0,.json,utf-8-sig,kana,rpgmaker_map,95,$.events[5].pages[1].list[58].parameters[0],1,「な、なにこれぇっ…
T001076,B0003,D:\Dev\Desenvolvimento\Projetos\TradutorDGames\[Kimochi] RJ01696894,www\data\Map005.json,0,.json,utf-8-sig,"cjk,kana",rpgmaker_map,95,$.events[5].pages[1].list[59].parameters[0],1,なんかっ……声でちゃうっ……」
T001077,B0003,D:\Dev\Desenvolvimento\Projetos\TradutorDGames\[Kimochi] RJ01696894,www\data\Map005.json,0,.json,utf-8-sig,kana,rpgmaker_map,95,$.events[5].pages[1].list[61].parameters[0],1,ヒマリ
T001078,B0003,D:\Dev\Desenvolvimento\Projetos\TradutorDGames\[Kimochi] RJ01696894,www\data\Map005.json,0,.json,utf-8-sig,kana,rpgmaker_map,95,$.events[5].pages[1].list[62].parameters[0],1,「こ、このまま……
T001079,B0003,D:\Dev\Desenvolvimento\Projetos\TradutorDGames\[Kimochi] RJ01696894,www\data\Map005.json,0,.json,utf-8-sig,"cjk,kana",rpgmaker_map,95,$.events[5].pages[1].list[63].parameters[0],1,なかにせーし？出したら完了なの……？」
T001080,B0003,D:\Dev\Desenvolvimento\Projetos\TradutorDGames\[Kimochi] RJ01696894,www\data\Map005.json,0,.json,utf-8-sig,kana,rpgmaker_map,95,$.events[5].pages[1].list[65].parameters[0],1,ヒマリ
T001081,B0003,D:\Dev\Desenvolvimento\Projetos\TradutorDGames\[Kimochi] RJ01696894,www\data\Map005.json,0,.json,utf-8-sig,kana,rpgmaker_map,95,$.events[5].pages[1].list[66].parameters[0],1,「わ、わかった……！」
T001082,B0003,D:\Dev\Desenvolvimento\Projetos\TradutorDGames\[Kimochi] RJ01696894,www\data\Map005.json,0,.json,utf-8-sig,cjk,rpgmaker_map,95,$.events[5].pages[1].list[67].parameters[0],1,PA_INIT 4 6 横 0
T001083,B0003,D:\Dev\Desenvolvimento\Projetos\TradutorDGames\[Kimochi] RJ01696894,www\data\Map005.json,0,.json,utf-8-sig,kana,rpgmaker_map,95,$.events[5].pages[1].list[73].parameters[0],1,ヒマリ
T001084,B0003,D:\Dev\Desenvolvimento\Projetos\TradutorDGames\[Kimochi] RJ01696894,www\data\Map005.json,0,.json,utf-8-sig,kana,rpgmaker_map,95,$.events[5].pages[1].list[74].parameters[0],1,「んっ　あっ　あっ……」
T001085,B0003,D:\Dev\Desenvolvimento\Projetos\TradutorDGames\[Kimochi] RJ01696894,www\data\Map005.json,0,.json,utf-8-sig,kana,rpgmaker_map,95,$.events[5].pages[1].list[76].parameters[0],1,ヒマリ
T001086,B0003,D:\Dev\Desenvolvimento\Projetos\TradutorDGames\[Kimochi] RJ01696894,www\data\Map005.json,0,.json,utf-8-sig,"cjk,kana",rpgmaker_map,95,$.events[5].pages[1].list[77].parameters[0],1,「な、なんかっ……体っ……？
T001087,B0003,D:\Dev\Desenvolvimento\Projetos\TradutorDGames\[Kimochi] RJ01696894,www\data\Map005.json,0,.json,utf-8-sig,kana,rpgmaker_map,95,$.events[5].pages[1].list[78].parameters[0],1,へんになってきた……」
T001088,B0003,D:\Dev\Desenvolvimento\Projetos\TradutorDGames\[Kimochi] RJ01696894,www\data\Map005.json,0,.json,utf-8-sig,kana,rpgmaker_map,95,$.events[5].pages[1].list[7].parameters[0],1,ヒマリ
T001089,B0003,D:\Dev\Desenvolvimento\Projetos\TradutorDGames\[Kimochi] RJ01696894,www\data\Map005.json,0,.json,utf-8-sig,kana,rpgmaker_map,95,$.events[5].pages[1].list[80].parameters[0],1,ヒマリ
T001090,B0003,D:\Dev\Desenvolvimento\Projetos\TradutorDGames\[Kimochi] RJ01696894,www\data\Map005.json,0,.json,utf-8-sig,kana,rpgmaker_map,95,$.events[5].pages[1].list[81].parameters[0],1,「あぁっ……
T001091,B0003,D:\Dev\Desenvolvimento\Projetos\TradutorDGames\[Kimochi] RJ01696894,www\data\Map005.json,0,.json,utf-8-sig,kana,rpgmaker_map,95,$.events[5].pages[1].list[82].parameters[0],1,ま、まって……な、なんか
T001092,B0003,D:\Dev\Desenvolvimento\Projetos\TradutorDGames\[Kimochi] RJ01696894,www\data\Map005.json,0,.json,utf-8-sig,kana,rpgmaker_map,95,$.events[5].pages[1].list[83].parameters[0],1,きちゃっ……うっ……」
T001093,B0003,D:\Dev\Desenvolvimento\Projetos\TradutorDGames\[Kimochi] RJ01696894,www\data\Map005.json,0,.json,utf-8-sig,kana,rpgmaker_map,95,$.events[5].pages[1].list[85].parameters[0],1,ヒマリ
T001094,B0003,D:\Dev\Desenvolvimento\Projetos\TradutorDGames\[Kimochi] RJ01696894,www\data\Map005.json,0,.json,utf-8-sig,kana,rpgmaker_map,95,$.events[5].pages[1].list[86].parameters[0],1,「だ、だめっ……からだっ……
T001095,B0003,D:\Dev\Desenvolvimento\Projetos\TradutorDGames\[Kimochi] RJ01696894,www\data\Map005.json,0,.json,utf-8-sig,kana,rpgmaker_map,95,$.events[5].pages[1].list[87].parameters[0],1,おかしくなるっ……」
T001096,B0003,D:\Dev\Desenvolvimento\Projetos\TradutorDGames\[Kimochi] RJ01696894,www\data\Map005.json,0,.json,utf-8-sig,kana,rpgmaker_map,95,$.events[5].pages[1].list[89].parameters[0],1,ヒマリ
T001097,B0003,D:\Dev\Desenvolvimento\Projetos\TradutorDGames\[Kimochi] RJ01696894,www\data\Map005.json,0,.json,utf-8-sig,kana,rpgmaker_map,95,$.events[5].pages[1].list[8].parameters[0],1,「あー、えーっと？
T001098,B0003,D:\Dev\Desenvolvimento\Projetos\TradutorDGames\[Kimochi] RJ01696894,www\data\Map005.json,0,.json,utf-8-sig,kana,rpgmaker_map,95,$.events[5].pages[1].list[90].parameters[0],1,「いっ、いぎっ……
T001099,B0003,D:\Dev\Desenvolvimento\Projetos\TradutorDGames\[Kimochi] RJ01696894,www\data\Map005.json,0,.json,utf-8-sig,kana,rpgmaker_map,95,$.events[5].pages[1].list[91].parameters[0],1,あぁっ……あっ……！？」
T001100,B0003,D:\Dev\Desenvolvimento\Projetos\TradutorDGames\[Kimochi] RJ01696894,www\data\Map005.json,0,.json,utf-8-sig,cjk,rpgmaker_map,95,$.events[5].pages[1].list[93].parameters[0],1,PA_INIT 9 12 横 0
T001101,B0003,D:\Dev\Desenvolvimento\Projetos\TradutorDGames\[Kimochi] RJ01696894,www\data\Map005.json,0,.json,utf-8-sig,"cjk,kana",rpgmaker_map,95,$.events[5].pages[1].list[9].parameters[0],1,ヒマリがボク君に……」
T001102,B0003,D:\Dev\Desenvolvimento\Projetos\TradutorDGames\[Kimochi] RJ01696894,www\data\Map007.json,0,.json,utf-8-sig,kana,rpgmaker_map,95,$.events[5].pages[0].list[12].parameters[0],1,おまわりさん
T001103,B0003,D:\Dev\Desenvolvimento\Projetos\TradutorDGames\[Kimochi] RJ01696894,www\data\Map007.json,0,.json,utf-8-sig,"cjk,kana",rpgmaker_map,95,$.events[5].pages[0].list[13].parameters[0],1,「やあ、今日も暑いねぇ
T001104,B0003,D:\Dev\Desenvolvimento\Projetos\TradutorDGames\[Kimochi] RJ01696894,www\data\Map007.json,0,.json,utf-8-sig,"cjk,kana",rpgmaker_map,95,$.events[5].pages[0].list[14].parameters[0],1,熱中症に気を付けてね……」
T001105,B0003,D:\Dev\Desenvolvimento\Projetos\TradutorDGames\[Kimochi] RJ01696894,www\data\Map007.json,0,.json,utf-8-sig,kana,rpgmaker_map,95,$.events[5].pages[0].list[17].parameters[0],1,おまわりさん
T001106,B0003,D:\Dev\Desenvolvimento\Projetos\TradutorDGames\[Kimochi] RJ01696894,www\data\Map007.json,0,.json,utf-8-sig,"cjk,kana",rpgmaker_map,95,$.events[5].pages[0].list[18].parameters[0],1,「しかしこの日差しの中、外で遊んでるの？
T001107,B0003,D:\Dev\Desenvolvimento\Projetos\TradutorDGames\[Kimochi] RJ01696894,www\data\Map007.json,0,.json,utf-8-sig,"cjk,kana",rpgmaker_map,95,$.events[5].pages[0].list[19].parameters[0],1,元気だね……」
T001108,B0003,D:\Dev\Desenvolvimento\Projetos\TradutorDGames\[Kimochi] RJ01696894,www\data\Map007.json,0,.json,utf-8-sig,"cjk,kana",rpgmaker_map,95,$.events[5].pages[0].list[22].parameters[0],1,僕は汗を拭いながら要件を伝える。
T001109,B0003,D:\Dev\Desenvolvimento\Projetos\TradutorDGames\[Kimochi] RJ01696894,www\data\Map007.json,0,.json,utf-8-sig,kana,rpgmaker_map,95,$.events[5].pages[0].list[25].parameters[0],1,おまわりさん
T001110,B0003,D:\Dev\Desenvolvimento\Projetos\TradutorDGames\[Kimochi] RJ01696894,www\data\Map007.json,0,.json,utf-8-sig,kana,rpgmaker_map,95,$.events[5].pages[0].list[26].parameters[0],1,「ん？アプリ……？」
T001111,B0003,D:\Dev\Desenvolvimento\Projetos\TradutorDGames\[Kimochi] RJ01696894,www\data\Map007.json,0,.json,utf-8-sig,kana,rpgmaker_map,95,$.events[5].pages[0].list[29].parameters[0],1,おまわりさん
T001112,B0003,D:\Dev\Desenvolvimento\Projetos\TradutorDGames\[Kimochi] RJ01696894,www\data\Map007.json,0,.json,utf-8-sig,"cjk,kana",rpgmaker_map,95,$.events[5].pages[0].list[30].parameters[0],1,「うーん、一応仕事中なんだけどな……
T001113,B0003,D:\Dev\Desenvolvimento\Projetos\TradutorDGames\[Kimochi] RJ01696894,www\data\Map007.json,0,.json,utf-8-sig,kana,rpgmaker_map,95,$.events[5].pages[0].list[31].parameters[0],1,ちょっとだけね？」
T001114,B0003,D:\Dev\Desenvolvimento\Projetos\TradutorDGames\[Kimochi] RJ01696894,www\data\Map007.json,0,.json,utf-8-sig,"cjk,kana",rpgmaker_map,95,$.events[5].pages[0].list[36].parameters[0],1,僕は シオリ にアプリをつかった！
T001115,B0003,D:\Dev\Desenvolvimento\Projetos\TradutorDGames\[Kimochi] RJ01696894,www\data\Map007.json,0,.json,utf-8-sig,kana,rpgmaker_map,95,$.events[5].pages[0].list[44].parameters[0],1,おまわりさん
T001116,B0003,D:\Dev\Desenvolvimento\Projetos\TradutorDGames\[Kimochi] RJ01696894,www\data\Map007.json,0,.json,utf-8-sig,kana,rpgmaker_map,95,$.events[5].pages[0].list[48].parameters[0],1,"シオリは ""にんしきかいへん"" された！"
T001117,B0003,D:\Dev\Desenvolvimento\Projetos\TradutorDGames\[Kimochi] RJ01696894,www\data\Map007.json,0,.json,utf-8-sig,"cjk,kana",rpgmaker_map,95,$.events[5].pages[0].list[9].parameters[0],1,日陰でおまわりさんが休憩している様だ。
T001118,B0003,D:\Dev\Desenvolvimento\Projetos\TradutorDGames\[Kimochi] RJ01696894,www\data\Map007.json,0,.json,utf-8-sig,kana,rpgmaker_map,95,$.events[5].pages[1].list[106].parameters[0],1,おまわりさん
T001119,B0003,D:\Dev\Desenvolvimento\Projetos\TradutorDGames\[Kimochi] RJ01696894,www\data\Map007.json,0,.json,utf-8-sig,kana,rpgmaker_map,95,$.events[5].pages[1].list[107].parameters[0],1,「ん……ふぅ…………」
T001120,B0003,D:\Dev\Desenvolvimento\Projetos\TradutorDGames\[Kimochi] RJ01696894,www\data\Map007.json,0,.json,utf-8-sig,kana,rpgmaker_map,95,$.events[5].pages[1].list[109].parameters[0],1,おまわりさん
T001121,B0003,D:\Dev\Desenvolvimento\Projetos\TradutorDGames\[Kimochi] RJ01696894,www\data\Map007.json,0,.json,utf-8-sig,kana,rpgmaker_map,95,$.events[5].pages[1].list[10].parameters[0],1,あぁなるほど……」
T001122,B0003,D:\Dev\Desenvolvimento\Projetos\TradutorDGames\[Kimochi] RJ01696894,www\data\Map007.json,0,.json,utf-8-sig,"cjk,kana",rpgmaker_map,95,$.events[5].pages[1].list[110].parameters[0],1,「う、うん……いっぱい出せて偉いね♥」
T001123,B0003,D:\Dev\Desenvolvimento\Projetos\TradutorDGames\[Kimochi] RJ01696894,www\data\Map007.json,0,.json,utf-8-sig,kana,rpgmaker_map,95,$.events[5].pages[1].list[113].parameters[0],1,おまわりさん
T001124,B0003,D:\Dev\Desenvolvimento\Projetos\TradutorDGames\[Kimochi] RJ01696894,www\data\Map007.json,0,.json,utf-8-sig,"cjk,kana",rpgmaker_map,95,$.events[5].pages[1].list[114].parameters[0],1,「これなら絶対に妊娠しちゃうだろうね♥」
T001125,B0003,D:\Dev\Desenvolvimento\Projetos\TradutorDGames\[Kimochi] RJ01696894,www\data\Map007.json,0,.json,utf-8-sig,"cjk,kana",rpgmaker_map,95,$.events[5].pages[1].list[118].parameters[0],1,僕は シオリ に種付けした！
T001126,B0003,D:\Dev\Desenvolvimento\Projetos\TradutorDGames\[Kimochi] RJ01696894,www\data\Map007.json,0,.json,utf-8-sig,kana,rpgmaker_map,95,$.events[5].pages[1].list[13].parameters[0],1,おまわりさん
T001127,B0003,D:\Dev\Desenvolvimento\Projetos\TradutorDGames\[Kimochi] RJ01696894,www\data\Map007.json,0,.json,utf-8-sig,"cjk,kana",rpgmaker_map,95,$.events[5].pages[1].list[14].parameters[0],1,「私に種付けしたいのね？」
T001128,B0003,D:\Dev\Desenvolvimento\Projetos\TradutorDGames\[Kimochi] RJ01696894,www\data\Map007.json,0,.json,utf-8-sig,kana,rpgmaker_map,95,$.events[5].pages[1].list[17].parameters[0],1,おまわりさん
T001129,B0003,D:\Dev\Desenvolvimento\Projetos\TradutorDGames\[Kimochi] RJ01696894,www\data\Map007.json,0,.json,utf-8-sig,"cjk,kana",rpgmaker_map,95,$.events[5].pages[1].list[18].parameters[0],1,「いいよ、ちょっと待ってね」
T001130,B0003,D:\Dev\Desenvolvimento\Projetos\TradutorDGames\[Kimochi] RJ01696894,www\data\Map007.json,0,.json,utf-8-sig,cjk,rpgmaker_map,95,$.events[5].pages[1].list[21].parameters[0],1,PA_INIT 4 12 横 0
T001131,B0003,D:\Dev\Desenvolvimento\Projetos\TradutorDGames\[Kimochi] RJ01696894,www\data\Map007.json,0,.json,utf-8-sig,kana,rpgmaker_map,95,$.events[5].pages[1].list[25].parameters[0],1,おまわりさん
T001132,B0003,D:\Dev\Desenvolvimento\Projetos\TradutorDGames\[Kimochi] RJ01696894,www\data\Map007.json,0,.json,utf-8-sig,kana,rpgmaker_map,95,$.events[5].pages[1].list[26].parameters[0],1,「これでどう……？いれられそう？」
T001133,B0003,D:\Dev\Desenvolvimento\Projetos\TradutorDGames\[Kimochi] RJ01696894,www\data\Map007.json,0,.json,utf-8-sig,kana,rpgmaker_map,95,$.events[5].pages[1].list[31].parameters[0],1,おまわりさん
T001134,B0003,D:\Dev\Desenvolvimento\Projetos\TradutorDGames\[Kimochi] RJ01696894,www\data\Map007.json,0,.json,utf-8-sig,kana,rpgmaker_map,95,$.events[5].pages[1].list[32].parameters[0],1,「あっ……」
T001135,B0003,D:\Dev\Desenvolvimento\Projetos\TradutorDGames\[Kimochi] RJ01696894,www\data\Map007.json,0,.json,utf-8-sig,kana,rpgmaker_map,95,$.events[5].pages[1].list[34].parameters[0],1,おまわりさん
T001136,B0003,D:\Dev\Desenvolvimento\Projetos\TradutorDGames\[Kimochi] RJ01696894,www\data\Map007.json,0,.json,utf-8-sig,kana,rpgmaker_map,95,$.events[5].pages[1].list[35].parameters[0],1,「んっ……はいったね……」
T001137,B0003,D:\Dev\Desenvolvimento\Projetos\TradutorDGames\[Kimochi] RJ01696894,www\data\Map007.json,0,.json,utf-8-sig,cjk,rpgmaker_map,95,$.events[5].pages[1].list[36].parameters[0],1,PA_INIT 4 12 横 0
T001138,B0003,D:\Dev\Desenvolvimento\Projetos\TradutorDGames\[Kimochi] RJ01696894,www\data\Map007.json,0,.json,utf-8-sig,kana,rpgmaker_map,95,$.events[5].pages[1].list[3].parameters[0],1,おまわりさん
T001139,B0003,D:\Dev\Desenvolvimento\Projetos\TradutorDGames\[Kimochi] RJ01696894,www\data\Map007.json,0,.json,utf-8-sig,kana,rpgmaker_map,95,$.events[5].pages[1].list[42].parameters[0],1,おまわりさん
T001140,B0003,D:\Dev\Desenvolvimento\Projetos\TradutorDGames\[Kimochi] RJ01696894,www\data\Map007.json,0,.json,utf-8-sig,kana,rpgmaker_map,95,$.events[5].pages[1].list[43].parameters[0],1,「んっ……あっ……」
T001141,B0003,D:\Dev\Desenvolvimento\Projetos\TradutorDGames\[Kimochi] RJ01696894,www\data\Map007.json,0,.json,utf-8-sig,kana,rpgmaker_map,95,$.events[5].pages[1].list[45].parameters[0],1,おまわりさん
T001142,B0003,D:\Dev\Desenvolvimento\Projetos\TradutorDGames\[Kimochi] RJ01696894,www\data\Map007.json,0,.json,utf-8-sig,kana,rpgmaker_map,95,$.events[5].pages[1].list[46].parameters[0],1,「どう？きもちいい？」
T001143,B0003,D:\Dev\Desenvolvimento\Projetos\TradutorDGames\[Kimochi] RJ01696894,www\data\Map007.json,0,.json,utf-8-sig,kana,rpgmaker_map,95,$.events[5].pages[1].list[48].parameters[0],1,おまわりさん
T001144,B0003,D:\Dev\Desenvolvimento\Projetos\TradutorDGames\[Kimochi] RJ01696894,www\data\Map007.json,0,.json,utf-8-sig,kana,rpgmaker_map,95,$.events[5].pages[1].list[49].parameters[0],1,「ちんぽ……ガチガチだね……」
T001145,B0003,D:\Dev\Desenvolvimento\Projetos\TradutorDGames\[Kimochi] RJ01696894,www\data\Map007.json,0,.json,utf-8-sig,kana,rpgmaker_map,95,$.events[5].pages[1].list[4].parameters[0],1,「ん……？
T001146,B0003,D:\Dev\Desenvolvimento\Projetos\TradutorDGames\[Kimochi] RJ01696894,www\data\Map007.json,0,.json,utf-8-sig,kana,rpgmaker_map,95,$.events[5].pages[1].list[51].parameters[0],1,おまわりさん
T001147,B0003,D:\Dev\Desenvolvimento\Projetos\TradutorDGames\[Kimochi] RJ01696894,www\data\Map007.json,0,.json,utf-8-sig,kana,rpgmaker_map,95,$.events[5].pages[1].list[52].parameters[0],1,「ん……
T001148,B0003,D:\Dev\Desenvolvimento\Projetos\TradutorDGames\[Kimochi] RJ01696894,www\data\Map007.json,0,.json,utf-8-sig,"cjk,kana",rpgmaker_map,95,$.events[5].pages[1].list[53].parameters[0],1,もっと激しくしてもいいよ……？」
T001149,B0003,D:\Dev\Desenvolvimento\Projetos\TradutorDGames\[Kimochi] RJ01696894,www\data\Map007.json,0,.json,utf-8-sig,kana,rpgmaker_map,95,$.events[5].pages[1].list[55].parameters[0],1,おまわりさん
T001150,B0003,D:\Dev\Desenvolvimento\Projetos\TradutorDGames\[Kimochi] RJ01696894,www\data\Map007.json,0,.json,utf-8-sig,"cjk,kana",rpgmaker_map,95,$.events[5].pages[1].list[56].parameters[0],1,「いっぱい射精できるように
T001151,B0003,D:\Dev\Desenvolvimento\Projetos\TradutorDGames\[Kimochi] RJ01696894,www\data\Map007.json,0,.json,utf-8-sig,"cjk,kana",rpgmaker_map,95,$.events[5].pages[1].list[57].parameters[0],1,好きなように使っていいからね……！」
T001152,B0003,D:\Dev\Desenvolvimento\Projetos\TradutorDGames\[Kimochi] RJ01696894,www\data\Map007.json,0,.json,utf-8-sig,cjk,rpgmaker_map,95,$.events[5].pages[1].list[58].parameters[0],1,PA_INIT 4 6 横 0
T001153,B0003,D:\Dev\Desenvolvimento\Projetos\TradutorDGames\[Kimochi] RJ01696894,www\data\Map007.json,0,.json,utf-8-sig,"cjk,kana",rpgmaker_map,95,$.events[5].pages[1].list[5].parameters[0],1,えーとそれで何してほしいんだっけ？」
T001154,B0003,D:\Dev\Desenvolvimento\Projetos\TradutorDGames\[Kimochi] RJ01696894,www\data\Map007.json,0,.json,utf-8-sig,kana,rpgmaker_map,95,$.events[5].pages[1].list[64].parameters[0],1,おまわりさん
T001155,B0003,D:\Dev\Desenvolvimento\Projetos\TradutorDGames\[Kimochi] RJ01696894,www\data\Map007.json,0,.json,utf-8-sig,kana,rpgmaker_map,95,$.events[5].pages[1].list[65].parameters[0],1,「あっ……うっ……」
T001156,B0003,D:\Dev\Desenvolvimento\Projetos\TradutorDGames\[Kimochi] RJ01696894,www\data\Map007.json,0,.json,utf-8-sig,kana,rpgmaker_map,95,$.events[5].pages[1].list[67].parameters[0],1,おまわりさん
T001157,B0003,D:\Dev\Desenvolvimento\Projetos\TradutorDGames\[Kimochi] RJ01696894,www\data\Map007.json,0,.json,utf-8-sig,kana,rpgmaker_map,95,$.events[5].pages[1].list[68].parameters[0],1,「い、いいかんじ……♥」
T001158,B0003,D:\Dev\Desenvolvimento\Projetos\TradutorDGames\[Kimochi] RJ01696894,www\data\Map007.json,0,.json,utf-8-sig,kana,rpgmaker_map,95,$.events[5].pages[1].list[70].parameters[0],1,おまわりさん
T001159,B0003,D:\Dev\Desenvolvimento\Projetos\TradutorDGames\[Kimochi] RJ01696894,www\data\Map007.json,0,.json,utf-8-sig,kana,rpgmaker_map,95,$.events[5].pages[1].list[71].parameters[0],1,「ど、どう……？きもちいい……？」
T001160,B0003,D:\Dev\Desenvolvimento\Projetos\TradutorDGames\[Kimochi] RJ01696894,www\data\Map007.json,0,.json,utf-8-sig,kana,rpgmaker_map,95,$.events[5].pages[1].list[73].parameters[0],1,おまわりさん
T001161,B0003,D:\Dev\Desenvolvimento\Projetos\TradutorDGames\[Kimochi] RJ01696894,www\data\Map007.json,0,.json,utf-8-sig,kana,rpgmaker_map,95,$.events[5].pages[1].list[74].parameters[0],1,「んんっ…………♥」
T001162,B0003,D:\Dev\Desenvolvimento\Projetos\TradutorDGames\[Kimochi] RJ01696894,www\data\Map007.json,0,.json,utf-8-sig,kana,rpgmaker_map,95,$.events[5].pages[1].list[76].parameters[0],1,おまわりさん
T001163,B0003,D:\Dev\Desenvolvimento\Projetos\TradutorDGames\[Kimochi] RJ01696894,www\data\Map007.json,0,.json,utf-8-sig,"cjk,kana",rpgmaker_map,95,$.events[5].pages[1].list[77].parameters[0],1,「い、いつでも出していいからね……！」
T001164,B0003,D:\Dev\Desenvolvimento\Projetos\TradutorDGames\[Kimochi] RJ01696894,www\data\Map007.json,0,.json,utf-8-sig,kana,rpgmaker_map,95,$.events[5].pages[1].list[79].parameters[0],1,おまわりさん
T001165,B0003,D:\Dev\Desenvolvimento\Projetos\TradutorDGames\[Kimochi] RJ01696894,www\data\Map007.json,0,.json,utf-8-sig,"cjk,kana",rpgmaker_map,95,$.events[5].pages[1].list[80].parameters[0],1,「いっぱい出して……♥
T001166,B0003,D:\Dev\Desenvolvimento\Projetos\TradutorDGames\[Kimochi] RJ01696894,www\data\Map007.json,0,.json,utf-8-sig,"cjk,kana",rpgmaker_map,95,$.events[5].pages[1].list[81].parameters[0],1,無責任中出しでしっかり孕ませて……♥」
T001167,B0003,D:\Dev\Desenvolvimento\Projetos\TradutorDGames\[Kimochi] RJ01696894,www\data\Map007.json,0,.json,utf-8-sig,kana,rpgmaker_map,95,$.events[5].pages[1].list[83].parameters[0],1,おまわりさん
T001168,B0003,D:\Dev\Desenvolvimento\Projetos\TradutorDGames\[Kimochi] RJ01696894,www\data\Map007.json,0,.json,utf-8-sig,kana,rpgmaker_map,95,$.events[5].pages[1].list[84].parameters[0],1,「んんっ…………あぁっ……♥」
T001169,B0003,D:\Dev\Desenvolvimento\Projetos\TradutorDGames\[Kimochi] RJ01696894,www\data\Map007.json,0,.json,utf-8-sig,cjk,rpgmaker_map,95,$.events[5].pages[1].list[86].parameters[0],1,PA_INIT 9 12 横 0
T001170,B0003,D:\Dev\Desenvolvimento\Projetos\TradutorDGames\[Kimochi] RJ01696894,www\data\Map007.json,0,.json,utf-8-sig,kana,rpgmaker_map,95,$.events[5].pages[1].list[8].parameters[0],1,おまわりさん
T001171,B0003,D:\Dev\Desenvolvimento\Projetos\TradutorDGames\[Kimochi] RJ01696894,www\data\Map007.json,0,.json,utf-8-sig,kana,rpgmaker_map,95,$.events[5].pages[1].list[94].parameters[0],1,おまわりさん
T001172,B0003,D:\Dev\Desenvolvimento\Projetos\TradutorDGames\[Kimochi] RJ01696894,www\data\Map007.json,0,.json,utf-8-sig,kana,rpgmaker_map,95,$.events[5].pages[1].list[95].parameters[0],1,「あっ……ん…………♥」
T001173,B0003,D:\Dev\Desenvolvimento\Projetos\TradutorDGames\[Kimochi] RJ01696894,www\data\Map007.json,0,.json,utf-8-sig,kana,rpgmaker_map,95,$.events[5].pages[1].list[9].parameters[0],1,「ん……？
T001174,B0003,D:\Dev\Desenvolvimento\Projetos\TradutorDGames\[Kimochi] RJ01696894,www\data\Map008.json,0,.json,utf-8-sig,kana,rpgmaker_map,95,$.events[4].pages[0].list[12].parameters[0],1,コト
T001175,B0003,D:\Dev\Desenvolvimento\Projetos\TradutorDGames\[Kimochi] RJ01696894,www\data\Map008.json,0,.json,utf-8-sig,"cjk,kana",rpgmaker_map,95,$.events[4].pages[0].list[13].parameters[0],1,「んーー？あれボク君？」
T001176,B0003,D:\Dev\Desenvolvimento\Projetos\TradutorDGames\[Kimochi] RJ01696894,www\data\Map008.json,0,.json,utf-8-sig,"cjk,kana",rpgmaker_map,95,$.events[4].pages[0].list[16].parameters[0],1,家も近くて卒業するまで良く面倒を見てくれてた
T001177,B0003,D:\Dev\Desenvolvimento\Projetos\TradutorDGames\[Kimochi] RJ01696894,www\data\Map008.json,0,.json,utf-8-sig,kana,rpgmaker_map,95,$.events[4].pages[0].list[17].parameters[0],1,コトちゃんだ。
T001178,B0003,D:\Dev\Desenvolvimento\Projetos\TradutorDGames\[Kimochi] RJ01696894,www\data\Map008.json,0,.json,utf-8-sig,kana,rpgmaker_map,95,$.events[4].pages[0].list[20].parameters[0],1,コト
T001179,B0003,D:\Dev\Desenvolvimento\Projetos\TradutorDGames\[Kimochi] RJ01696894,www\data\Map008.json,0,.json,utf-8-sig,"cjk,kana",rpgmaker_map,95,$.events[4].pages[0].list[21].parameters[0],1,「久しぶりだね？ここらへんで遊んでるの？
T001180,B0003,D:\Dev\Desenvolvimento\Projetos\TradutorDGames\[Kimochi] RJ01696894,www\data\Map008.json,0,.json,utf-8-sig,"cjk,kana",rpgmaker_map,95,$.events[4].pages[0].list[22].parameters[0],1,私は部活帰りだよ」
T001181,B0003,D:\Dev\Desenvolvimento\Projetos\TradutorDGames\[Kimochi] RJ01696894,www\data\Map008.json,0,.json,utf-8-sig,kana,rpgmaker_map,95,$.events[4].pages[0].list[25].parameters[0],1,コト
T001182,B0003,D:\Dev\Desenvolvimento\Projetos\TradutorDGames\[Kimochi] RJ01696894,www\data\Map008.json,0,.json,utf-8-sig,"cjk,kana",rpgmaker_map,95,$.events[4].pages[0].list[26].parameters[0],1,「種付けしてる……？
T001183,B0003,D:\Dev\Desenvolvimento\Projetos\TradutorDGames\[Kimochi] RJ01696894,www\data\Map008.json,0,.json,utf-8-sig,"cjk,kana",rpgmaker_map,95,$.events[4].pages[0].list[27].parameters[0],1,何？自由研究とか？私も手伝おうか？」
T001184,B0003,D:\Dev\Desenvolvimento\Projetos\TradutorDGames\[Kimochi] RJ01696894,www\data\Map008.json,0,.json,utf-8-sig,"cjk,kana",rpgmaker_map,95,$.events[4].pages[0].list[32].parameters[0],1,僕は コト にアプリをつかった！
T001185,B0003,D:\Dev\Desenvolvimento\Projetos\TradutorDGames\[Kimochi] RJ01696894,www\data\Map008.json,0,.json,utf-8-sig,kana,rpgmaker_map,95,$.events[4].pages[0].list[40].parameters[0],1,コト
T001186,B0003,D:\Dev\Desenvolvimento\Projetos\TradutorDGames\[Kimochi] RJ01696894,www\data\Map008.json,0,.json,utf-8-sig,kana,rpgmaker_map,95,$.events[4].pages[0].list[44].parameters[0],1,"コトは ""にんしきかいへん"" された！"
T001187,B0003,D:\Dev\Desenvolvimento\Projetos\TradutorDGames\[Kimochi] RJ01696894,www\data\Map008.json,0,.json,utf-8-sig,"cjk,kana",rpgmaker_map,95,$.events[4].pages[0].list[9].parameters[0],1,見覚えのある人がいる。
T001188,B0003,D:\Dev\Desenvolvimento\Projetos\TradutorDGames\[Kimochi] RJ01696894,www\data\Map008.json,0,.json,utf-8-sig,kana,rpgmaker_map,95,$.events[4].pages[1].list[100].parameters[0],1,「お、おつかれ……
T001189,B0003,D:\Dev\Desenvolvimento\Projetos\TradutorDGames\[Kimochi] RJ01696894,www\data\Map008.json,0,.json,utf-8-sig,"cjk,kana",rpgmaker_map,95,$.events[4].pages[1].list[101].parameters[0],1,たくさん出たね……」
T001190,B0003,D:\Dev\Desenvolvimento\Projetos\TradutorDGames\[Kimochi] RJ01696894,www\data\Map008.json,0,.json,utf-8-sig,kana,rpgmaker_map,95,$.events[4].pages[1].list[104].parameters[0],1,コト
T001191,B0003,D:\Dev\Desenvolvimento\Projetos\TradutorDGames\[Kimochi] RJ01696894,www\data\Map008.json,0,.json,utf-8-sig,cjk,rpgmaker_map,95,$.events[4].pages[1].list[105].parameters[0],1,「私……
T001192,B0003,D:\Dev\Desenvolvimento\Projetos\TradutorDGames\[Kimochi] RJ01696894,www\data\Map008.json,0,.json,utf-8-sig,"cjk,kana",rpgmaker_map,95,$.events[4].pages[1].list[106].parameters[0],1,これで本当に孕んじゃったのかな？」
T001193,B0003,D:\Dev\Desenvolvimento\Projetos\TradutorDGames\[Kimochi] RJ01696894,www\data\Map008.json,0,.json,utf-8-sig,kana,rpgmaker_map,95,$.events[4].pages[1].list[108].parameters[0],1,コト
T001194,B0003,D:\Dev\Desenvolvimento\Projetos\TradutorDGames\[Kimochi] RJ01696894,www\data\Map008.json,0,.json,utf-8-sig,"cjk,kana",rpgmaker_map,95,$.events[4].pages[1].list[109].parameters[0],1,「まぁ、一発で必ず出来るとも
T001195,B0003,D:\Dev\Desenvolvimento\Projetos\TradutorDGames\[Kimochi] RJ01696894,www\data\Map008.json,0,.json,utf-8-sig,"cjk,kana",rpgmaker_map,95,$.events[4].pages[1].list[10].parameters[0],1,手伝うよー何すればいい？」
T001196,B0003,D:\Dev\Desenvolvimento\Projetos\TradutorDGames\[Kimochi] RJ01696894,www\data\Map008.json,0,.json,utf-8-sig,"cjk,kana",rpgmaker_map,95,$.events[4].pages[1].list[110].parameters[0],1,限らないか……」
T001197,B0003,D:\Dev\Desenvolvimento\Projetos\TradutorDGames\[Kimochi] RJ01696894,www\data\Map008.json,0,.json,utf-8-sig,"cjk,kana",rpgmaker_map,95,$.events[4].pages[1].list[114].parameters[0],1,僕は コト に種付けした！
T001198,B0003,D:\Dev\Desenvolvimento\Projetos\TradutorDGames\[Kimochi] RJ01696894,www\data\Map008.json,0,.json,utf-8-sig,cjk,rpgmaker_map,95,$.events[4].pages[1].list[13].parameters[0],1,PA_INIT 4 12 横 0
T001199,B0003,D:\Dev\Desenvolvimento\Projetos\TradutorDGames\[Kimochi] RJ01696894,www\data\Map008.json,0,.json,utf-8-sig,kana,rpgmaker_map,95,$.events[4].pages[1].list[20].parameters[0],1,コト
T001200,B0003,D:\Dev\Desenvolvimento\Projetos\TradutorDGames\[Kimochi] RJ01696894,www\data\Map008.json,0,.json,utf-8-sig,kana,rpgmaker_map,95,$.events[4].pages[1].list[21].parameters[0],1,「いぃっ…………あっ……」
T001201,B0003,D:\Dev\Desenvolvimento\Projetos\TradutorDGames\[Kimochi] RJ01696894,www\data\Map008.json,0,.json,utf-8-sig,cjk,rpgmaker_map,95,$.events[4].pages[1].list[22].parameters[0],1,PA_INIT 4 12 横 0
T001202,B0003,D:\Dev\Desenvolvimento\Projetos\TradutorDGames\[Kimochi] RJ01696894,www\data\Map008.json,0,.json,utf-8-sig,kana,rpgmaker_map,95,$.events[4].pages[1].list[28].parameters[0],1,コト
T001203,B0003,D:\Dev\Desenvolvimento\Projetos\TradutorDGames\[Kimochi] RJ01696894,www\data\Map008.json,0,.json,utf-8-sig,"cjk,kana",rpgmaker_map,95,$.events[4].pages[1].list[29].parameters[0],1,「あっ……、た、種付けって
T001204,B0003,D:\Dev\Desenvolvimento\Projetos\TradutorDGames\[Kimochi] RJ01696894,www\data\Map008.json,0,.json,utf-8-sig,"cjk,kana",rpgmaker_map,95,$.events[4].pages[1].list[30].parameters[0],1,エッチの事だったのね……」
T001205,B0003,D:\Dev\Desenvolvimento\Projetos\TradutorDGames\[Kimochi] RJ01696894,www\data\Map008.json,0,.json,utf-8-sig,kana,rpgmaker_map,95,$.events[4].pages[1].list[32].parameters[0],1,コト
T001206,B0003,D:\Dev\Desenvolvimento\Projetos\TradutorDGames\[Kimochi] RJ01696894,www\data\Map008.json,0,.json,utf-8-sig,"cjk,kana",rpgmaker_map,95,$.events[4].pages[1].list[33].parameters[0],1,「大丈夫……痛くは……ないけどっ……」
T001207,B0003,D:\Dev\Desenvolvimento\Projetos\TradutorDGames\[Kimochi] RJ01696894,www\data\Map008.json,0,.json,utf-8-sig,kana,rpgmaker_map,95,$.events[4].pages[1].list[35].parameters[0],1,コト
T001208,B0003,D:\Dev\Desenvolvimento\Projetos\TradutorDGames\[Kimochi] RJ01696894,www\data\Map008.json,0,.json,utf-8-sig,"cjk,kana",rpgmaker_map,95,$.events[4].pages[1].list[36].parameters[0],1,「は、初めては……
T001209,B0003,D:\Dev\Desenvolvimento\Projetos\TradutorDGames\[Kimochi] RJ01696894,www\data\Map008.json,0,.json,utf-8-sig,"cjk,kana",rpgmaker_map,95,$.events[4].pages[1].list[37].parameters[0],1,好きな人としたかったかな……」
T001210,B0003,D:\Dev\Desenvolvimento\Projetos\TradutorDGames\[Kimochi] RJ01696894,www\data\Map008.json,0,.json,utf-8-sig,kana,rpgmaker_map,95,$.events[4].pages[1].list[39].parameters[0],1,コト
T001211,B0003,D:\Dev\Desenvolvimento\Projetos\TradutorDGames\[Kimochi] RJ01696894,www\data\Map008.json,0,.json,utf-8-sig,kana,rpgmaker_map,95,$.events[4].pages[1].list[3].parameters[0],1,コト
T001212,B0003,D:\Dev\Desenvolvimento\Projetos\TradutorDGames\[Kimochi] RJ01696894,www\data\Map008.json,0,.json,utf-8-sig,kana,rpgmaker_map,95,$.events[4].pages[1].list[40].parameters[0],1,「まあ、しょうがないよねっ……！
T001213,B0003,D:\Dev\Desenvolvimento\Projetos\TradutorDGames\[Kimochi] RJ01696894,www\data\Map008.json,0,.json,utf-8-sig,"cjk,kana",rpgmaker_map,95,$.events[4].pages[1].list[41].parameters[0],1,そういう決まりだし……！」
T001214,B0003,D:\Dev\Desenvolvimento\Projetos\TradutorDGames\[Kimochi] RJ01696894,www\data\Map008.json,0,.json,utf-8-sig,kana,rpgmaker_map,95,$.events[4].pages[1].list[43].parameters[0],1,コト
T001215,B0003,D:\Dev\Desenvolvimento\Projetos\TradutorDGames\[Kimochi] RJ01696894,www\data\Map008.json,0,.json,utf-8-sig,"cjk,kana",rpgmaker_map,95,$.events[4].pages[1].list[44].parameters[0],1,「ボク君となら、まぁ……
T001216,B0003,D:\Dev\Desenvolvimento\Projetos\TradutorDGames\[Kimochi] RJ01696894,www\data\Map008.json,0,.json,utf-8-sig,kana,rpgmaker_map,95,$.events[4].pages[1].list[45].parameters[0],1,いいかな……？」
T001217,B0003,D:\Dev\Desenvolvimento\Projetos\TradutorDGames\[Kimochi] RJ01696894,www\data\Map008.json,0,.json,utf-8-sig,kana,rpgmaker_map,95,$.events[4].pages[1].list[47].parameters[0],1,コト
T001218,B0003,D:\Dev\Desenvolvimento\Projetos\TradutorDGames\[Kimochi] RJ01696894,www\data\Map008.json,0,.json,utf-8-sig,kana,rpgmaker_map,95,$.events[4].pages[1].list[48].parameters[0],1,「んっ…………」
T001219,B0003,D:\Dev\Desenvolvimento\Projetos\TradutorDGames\[Kimochi] RJ01696894,www\data\Map008.json,0,.json,utf-8-sig,kana,rpgmaker_map,95,$.events[4].pages[1].list[4].parameters[0],1,「うん……？
T001220,B0003,D:\Dev\Desenvolvimento\Projetos\TradutorDGames\[Kimochi] RJ01696894,www\data\Map008.json,0,.json,utf-8-sig,kana,rpgmaker_map,95,$.events[4].pages[1].list[50].parameters[0],1,コト
T001221,B0003,D:\Dev\Desenvolvimento\Projetos\TradutorDGames\[Kimochi] RJ01696894,www\data\Map008.json,0,.json,utf-8-sig,"cjk,kana",rpgmaker_map,95,$.events[4].pages[1].list[51].parameters[0],1,「た、たくさん中に出してね……」
T001222,B0003,D:\Dev\Desenvolvimento\Projetos\TradutorDGames\[Kimochi] RJ01696894,www\data\Map008.json,0,.json,utf-8-sig,cjk,rpgmaker_map,95,$.events[4].pages[1].list[52].parameters[0],1,PA_INIT 4 6 横 0
T001223,B0003,D:\Dev\Desenvolvimento\Projetos\TradutorDGames\[Kimochi] RJ01696894,www\data\Map008.json,0,.json,utf-8-sig,kana,rpgmaker_map,95,$.events[4].pages[1].list[58].parameters[0],1,コト
T001224,B0003,D:\Dev\Desenvolvimento\Projetos\TradutorDGames\[Kimochi] RJ01696894,www\data\Map008.json,0,.json,utf-8-sig,kana,rpgmaker_map,95,$.events[4].pages[1].list[59].parameters[0],1,「んっ……あぁっ……」
T001225,B0003,D:\Dev\Desenvolvimento\Projetos\TradutorDGames\[Kimochi] RJ01696894,www\data\Map008.json,0,.json,utf-8-sig,kana,rpgmaker_map,95,$.events[4].pages[1].list[5].parameters[0],1,なんかぼーっとしてたような……」
T001226,B0003,D:\Dev\Desenvolvimento\Projetos\TradutorDGames\[Kimochi] RJ01696894,www\data\Map008.json,0,.json,utf-8-sig,kana,rpgmaker_map,95,$.events[4].pages[1].list[61].parameters[0],1,コト
T001227,B0003,D:\Dev\Desenvolvimento\Projetos\TradutorDGames\[Kimochi] RJ01696894,www\data\Map008.json,0,.json,utf-8-sig,kana,rpgmaker_map,95,$.events[4].pages[1].list[62].parameters[0],1,「そ、そろそろでそう……？」
T001228,B0003,D:\Dev\Desenvolvimento\Projetos\TradutorDGames\[Kimochi] RJ01696894,www\data\Map008.json,0,.json,utf-8-sig,kana,rpgmaker_map,95,$.events[4].pages[1].list[64].parameters[0],1,コト
T001229,B0003,D:\Dev\Desenvolvimento\Projetos\TradutorDGames\[Kimochi] RJ01696894,www\data\Map008.json,0,.json,utf-8-sig,kana,rpgmaker_map,95,$.events[4].pages[1].list[65].parameters[0],1,「あっ……んんっ……」
T001230,B0003,D:\Dev\Desenvolvimento\Projetos\TradutorDGames\[Kimochi] RJ01696894,www\data\Map008.json,0,.json,utf-8-sig,kana,rpgmaker_map,95,$.events[4].pages[1].list[67].parameters[0],1,コト
T001231,B0003,D:\Dev\Desenvolvimento\Projetos\TradutorDGames\[Kimochi] RJ01696894,www\data\Map008.json,0,.json,utf-8-sig,kana,rpgmaker_map,95,$.events[4].pages[1].list[68].parameters[0],1,「こ、これ……
T001232,B0003,D:\Dev\Desenvolvimento\Projetos\TradutorDGames\[Kimochi] RJ01696894,www\data\Map008.json,0,.json,utf-8-sig,kana,rpgmaker_map,95,$.events[4].pages[1].list[69].parameters[0],1,いっちゃうかも……」
T001233,B0003,D:\Dev\Desenvolvimento\Projetos\TradutorDGames\[Kimochi] RJ01696894,www\data\Map008.json,0,.json,utf-8-sig,kana,rpgmaker_map,95,$.events[4].pages[1].list[71].parameters[0],1,コト
T001234,B0003,D:\Dev\Desenvolvimento\Projetos\TradutorDGames\[Kimochi] RJ01696894,www\data\Map008.json,0,.json,utf-8-sig,kana,rpgmaker_map,95,$.events[4].pages[1].list[72].parameters[0],1,「いっ……あっ……だめ……！」
T001235,B0003,D:\Dev\Desenvolvimento\Projetos\TradutorDGames\[Kimochi] RJ01696894,www\data\Map008.json,0,.json,utf-8-sig,kana,rpgmaker_map,95,$.events[4].pages[1].list[74].parameters[0],1,コト
T001236,B0003,D:\Dev\Desenvolvimento\Projetos\TradutorDGames\[Kimochi] RJ01696894,www\data\Map008.json,0,.json,utf-8-sig,kana,rpgmaker_map,95,$.events[4].pages[1].list[75].parameters[0],1,「いっ……く…………！」
T001237,B0003,D:\Dev\Desenvolvimento\Projetos\TradutorDGames\[Kimochi] RJ01696894,www\data\Map008.json,0,.json,utf-8-sig,cjk,rpgmaker_map,95,$.events[4].pages[1].list[77].parameters[0],1,PA_INIT 9 12 横 0
T001238,B0003,D:\Dev\Desenvolvimento\Projetos\TradutorDGames\[Kimochi] RJ01696894,www\data\Map008.json,0,.json,utf-8-sig,kana,rpgmaker_map,95,$.events[4].pages[1].list[85].parameters[0],1,コト
T001239,B0003,D:\Dev\Desenvolvimento\Projetos\TradutorDGames\[Kimochi] RJ01696894,www\data\Map008.json,0,.json,utf-8-sig,kana,rpgmaker_map,95,$.events[4].pages[1].list[86].parameters[0],1,「んっ……あぁっ……！」
T001240,B0003,D:\Dev\Desenvolvimento\Projetos\TradutorDGames\[Kimochi] RJ01696894,www\data\Map008.json,0,.json,utf-8-sig,kana,rpgmaker_map,95,$.events[4].pages[1].list[8].parameters[0],1,コト
T001241,B0003,D:\Dev\Desenvolvimento\Projetos\TradutorDGames\[Kimochi] RJ01696894,www\data\Map008.json,0,.json,utf-8-sig,kana,rpgmaker_map,95,$.events[4].pages[1].list[96].parameters[0],1,コト
T001242,B0003,D:\Dev\Desenvolvimento\Projetos\TradutorDGames\[Kimochi] RJ01696894,www\data\Map008.json,0,.json,utf-8-sig,kana,rpgmaker_map,95,$.events[4].pages[1].list[97].parameters[0],1,「うぅっ…………」
T001243,B0003,D:\Dev\Desenvolvimento\Projetos\TradutorDGames\[Kimochi] RJ01696894,www\data\Map008.json,0,.json,utf-8-sig,kana,rpgmaker_map,95,$.events[4].pages[1].list[99].parameters[0],1,コト
T001244,B0003,D:\Dev\Desenvolvimento\Projetos\TradutorDGames\[Kimochi] RJ01696894,www\data\Map008.json,0,.json,utf-8-sig,"cjk,kana",rpgmaker_map,95,$.events[4].pages[1].list[9].parameters[0],1,「あぁえっと、種付けだっけ？
T001245,B0003,D:\Dev\Desenvolvimento\Projetos\TradutorDGames\[Kimochi] RJ01696894,www\data\Map009.json,0,.json,utf-8-sig,"cjk,kana",rpgmaker_map,95,$.events[1].pages[0].list[10].parameters[0],1,極めて順調で続々と成果を発揮しています」
T001246,B0003,D:\Dev\Desenvolvimento\Projetos\TradutorDGames\[Kimochi] RJ01696894,www\data\Map009.json,0,.json,utf-8-sig,cjk,rpgmaker_map,95,$.events[1].pages[0].list[12].parameters[0],1,局長
T001247,B0003,D:\Dev\Desenvolvimento\Projetos\TradutorDGames\[Kimochi] RJ01696894,www\data\Map009.json,0,.json,utf-8-sig,"cjk,kana",rpgmaker_map,95,$.events[1].pages[0].list[13].parameters[0],1,「そうかそうか……実に素晴らしい……！
T001248,B0003,D:\Dev\Desenvolvimento\Projetos\TradutorDGames\[Kimochi] RJ01696894,www\data\Map009.json,0,.json,utf-8-sig,"cjk,kana",rpgmaker_map,95,$.events[1].pages[0].list[14].parameters[0],1,この調子でどんどん人口を増やしてもらおう……」
T001249,B0003,D:\Dev\Desenvolvimento\Projetos\TradutorDGames\[Kimochi] RJ01696894,www\data\Map009.json,0,.json,utf-8-sig,cjk,rpgmaker_map,95,$.events[1].pages[0].list[16].parameters[0],1,小林
T001250,B0003,D:\Dev\Desenvolvimento\Projetos\TradutorDGames\[Kimochi] RJ01696894,www\data\Map009.json,0,.json,utf-8-sig,"cjk,kana",rpgmaker_map,95,$.events[1].pages[0].list[17].parameters[0],1,「特に例の町の適任者ですが……
T001251,B0003,D:\Dev\Desenvolvimento\Projetos\TradutorDGames\[Kimochi] RJ01696894,www\data\Map009.json,0,.json,utf-8-sig,"cjk,kana",rpgmaker_map,95,$.events[1].pages[0].list[18].parameters[0],1,これまでに２００件以上の成果を上げています」
T001252,B0003,D:\Dev\Desenvolvimento\Projetos\TradutorDGames\[Kimochi] RJ01696894,www\data\Map009.json,0,.json,utf-8-sig,cjk,rpgmaker_map,95,$.events[1].pages[0].list[20].parameters[0],1,局長
T001253,B0003,D:\Dev\Desenvolvimento\Projetos\TradutorDGames\[Kimochi] RJ01696894,www\data\Map009.json,0,.json,utf-8-sig,cjk,rpgmaker_map,95,$.events[1].pages[0].list[21].parameters[0],1,「２００件以上……？
T001254,B0003,D:\Dev\Desenvolvimento\Projetos\TradutorDGames\[Kimochi] RJ01696894,www\data\Map009.json,0,.json,utf-8-sig,kana,rpgmaker_map,95,$.events[1].pages[0].list[22].parameters[0],1,とんだミラクルおちんぽボーイだな……」
T001255,B0003,D:\Dev\Desenvolvimento\Projetos\TradutorDGames\[Kimochi] RJ01696894,www\data\Map009.json,0,.json,utf-8-sig,cjk,rpgmaker_map,95,$.events[1].pages[0].list[24].parameters[0],1,小林
T001256,B0003,D:\Dev\Desenvolvimento\Projetos\TradutorDGames\[Kimochi] RJ01696894,www\data\Map009.json,0,.json,utf-8-sig,kana,rpgmaker_map,95,$.events[1].pages[0].list[25].parameters[0],1,「ミラクル……？」
T001257,B0003,D:\Dev\Desenvolvimento\Projetos\TradutorDGames\[Kimochi] RJ01696894,www\data\Map009.json,0,.json,utf-8-sig,cjk,rpgmaker_map,95,$.events[1].pages[0].list[27].parameters[0],1,局長
T001258,B0003,D:\Dev\Desenvolvimento\Projetos\TradutorDGames\[Kimochi] RJ01696894,www\data\Map009.json,0,.json,utf-8-sig,kana,rpgmaker_map,95,$.events[1].pages[0].list[28].parameters[0],1,「あぁいやなんでもない……
T001259,B0003,D:\Dev\Desenvolvimento\Projetos\TradutorDGames\[Kimochi] RJ01696894,www\data\Map009.json,0,.json,utf-8-sig,"cjk,kana",rpgmaker_map,95,$.events[1].pages[0].list[29].parameters[0],1,引き続き計画を進めてくれ」
T001260,B0003,D:\Dev\Desenvolvimento\Projetos\TradutorDGames\[Kimochi] RJ01696894,www\data\Map009.json,0,.json,utf-8-sig,cjk,rpgmaker_map,95,$.events[1].pages[0].list[31].parameters[0],1,局長
T001261,B0003,D:\Dev\Desenvolvimento\Projetos\TradutorDGames\[Kimochi] RJ01696894,www\data\Map009.json,0,.json,utf-8-sig,"cjk,kana",rpgmaker_map,95,$.events[1].pages[0].list[32].parameters[0],1,「我々には愚民どもには理解できない責務があるのだからな」
T001262,B0003,D:\Dev\Desenvolvimento\Projetos\TradutorDGames\[Kimochi] RJ01696894,www\data\Map009.json,0,.json,utf-8-sig,cjk,rpgmaker_map,95,$.events[1].pages[0].list[34].parameters[0],1,小林
T001263,B0003,D:\Dev\Desenvolvimento\Projetos\TradutorDGames\[Kimochi] RJ01696894,www\data\Map009.json,0,.json,utf-8-sig,"cjk,kana",rpgmaker_map,95,$.events[1].pages[0].list[35].parameters[0],1,「承知しました」
T001264,B0003,D:\Dev\Desenvolvimento\Projetos\TradutorDGames\[Kimochi] RJ01696894,www\data\Map009.json,0,.json,utf-8-sig,cjk,rpgmaker_map,95,$.events[1].pages[0].list[37].parameters[0],1,局長
T001265,B0003,D:\Dev\Desenvolvimento\Projetos\TradutorDGames\[Kimochi] RJ01696894,www\data\Map009.json,0,.json,utf-8-sig,"cjk,kana",rpgmaker_map,95,$.events[1].pages[0].list[38].parameters[0],1,「ところで……君のお腹なんだが……」
T001266,B0003,D:\Dev\Desenvolvimento\Projetos\TradutorDGames\[Kimochi] RJ01696894,www\data\Map009.json,0,.json,utf-8-sig,cjk,rpgmaker_map,95,$.events[1].pages[0].list[40].parameters[0],1,小林
T001267,B0003,D:\Dev\Desenvolvimento\Projetos\TradutorDGames\[Kimochi] RJ01696894,www\data\Map009.json,0,.json,utf-8-sig,"cjk,kana",rpgmaker_map,95,$.events[1].pages[0].list[41].parameters[0],1,「あぁこれですか？私も計画の一助となるため
T001268,B0003,D:\Dev\Desenvolvimento\Projetos\TradutorDGames\[Kimochi] RJ01696894,www\data\Map009.json,0,.json,utf-8-sig,"cjk,kana",rpgmaker_map,95,$.events[1].pages[0].list[42].parameters[0],1,このとおり種付けしてもらいました」
T001269,B0003,D:\Dev\Desenvolvimento\Projetos\TradutorDGames\[Kimochi] RJ01696894,www\data\Map009.json,0,.json,utf-8-sig,cjk,rpgmaker_map,95,$.events[1].pages[0].list[44].parameters[0],1,局長
T001270,B0003,D:\Dev\Desenvolvimento\Projetos\TradutorDGames\[Kimochi] RJ01696894,www\data\Map009.json,0,.json,utf-8-sig,cjk,rpgmaker_map,95,$.events[1].pages[0].list[50].parameters[0],1,局長
T001271,B0003,D:\Dev\Desenvolvimento\Projetos\TradutorDGames\[Kimochi] RJ01696894,www\data\Map009.json,0,.json,utf-8-sig,kana,rpgmaker_map,95,$.events[1].pages[0].list[51].parameters[0],1,「あ…………」
T001272,B0003,D:\Dev\Desenvolvimento\Projetos\TradutorDGames\[Kimochi] RJ01696894,www\data\Map009.json,0,.json,utf-8-sig,cjk,rpgmaker_map,95,$.events[1].pages[0].list[53].parameters[0],1,局長
T001273,B0003,D:\Dev\Desenvolvimento\Projetos\TradutorDGames\[Kimochi] RJ01696894,www\data\Map009.json,0,.json,utf-8-sig,kana,rpgmaker_map,95,$.events[1].pages[0].list[54].parameters[0],1,「あぁ……そうか……そうだな…………」
T001274,B0003,D:\Dev\Desenvolvimento\Projetos\TradutorDGames\[Kimochi] RJ01696894,www\data\Map009.json,0,.json,utf-8-sig,cjk,rpgmaker_map,95,$.events[1].pages[0].list[56].parameters[0],1,局長
T001275,B0003,D:\Dev\Desenvolvimento\Projetos\TradutorDGames\[Kimochi] RJ01696894,www\data\Map009.json,0,.json,utf-8-sig,"cjk,kana",rpgmaker_map,95,$.events[1].pages[0].list[57].parameters[0],1,「私も計画のために……
T001276,B0003,D:\Dev\Desenvolvimento\Projetos\TradutorDGames\[Kimochi] RJ01696894,www\data\Map009.json,0,.json,utf-8-sig,"cjk,kana",rpgmaker_map,95,$.events[1].pages[0].list[58].parameters[0],1,種付けしてもらわないとな……」
T001277,B0003,D:\Dev\Desenvolvimento\Projetos\TradutorDGames\[Kimochi] RJ01696894,www\data\Map009.json,0,.json,utf-8-sig,"cjk,kana",rpgmaker_map,95,$.events[1].pages[0].list[65].parameters[0],1,ここまでプレイして頂きありがとうございました！
T001278,B0003,D:\Dev\Desenvolvimento\Projetos\TradutorDGames\[Kimochi] RJ01696894,www\data\Map009.json,0,.json,utf-8-sig,"cjk,kana",rpgmaker_map,95,$.events[1].pages[0].list[68].parameters[0],1,タイトル画面にギャラリーが追加されました！
T001279,B0003,D:\Dev\Desenvolvimento\Projetos\TradutorDGames\[Kimochi] RJ01696894,www\data\Map009.json,0,.json,utf-8-sig,cjk,rpgmaker_map,95,$.events[1].pages[0].list[8].parameters[0],1,小林
T001280,B0003,D:\Dev\Desenvolvimento\Projetos\TradutorDGames\[Kimochi] RJ01696894,www\data\Map009.json,0,.json,utf-8-sig,"cjk,kana",rpgmaker_map,95,$.events[1].pages[0].list[9].parameters[0],1,「えー例の計画ですが、
T001281,B0003,D:\Dev\Desenvolvimento\Projetos\TradutorDGames\[Kimochi] RJ01696894,www\data\Map011.json,0,.json,utf-8-sig,"cjk,kana",rpgmaker_map,95,$.events[3].pages[0].list[10].parameters[0],1,吸っているお姉さんがいる。
T001282,B0003,D:\Dev\Desenvolvimento\Projetos\TradutorDGames\[Kimochi] RJ01696894,www\data\Map011.json,0,.json,utf-8-sig,"cjk,kana",rpgmaker_map,95,$.events[3].pages[0].list[13].parameters[0],1,お姉さん
T001283,B0003,D:\Dev\Desenvolvimento\Projetos\TradutorDGames\[Kimochi] RJ01696894,www\data\Map011.json,0,.json,utf-8-sig,"cjk,kana",rpgmaker_map,95,$.events[3].pages[0].list[14].parameters[0],1,「ん……なんか用？」
T001284,B0003,D:\Dev\Desenvolvimento\Projetos\TradutorDGames\[Kimochi] RJ01696894,www\data\Map011.json,0,.json,utf-8-sig,"cjk,kana",rpgmaker_map,95,$.events[3].pages[0].list[17].parameters[0],1,お姉さん
T001285,B0003,D:\Dev\Desenvolvimento\Projetos\TradutorDGames\[Kimochi] RJ01696894,www\data\Map011.json,0,.json,utf-8-sig,"cjk,kana",rpgmaker_map,95,$.events[3].pages[0].list[18].parameters[0],1,「ここは私が占領してるから、暑いなら家に帰りなー？」
T001286,B0003,D:\Dev\Desenvolvimento\Projetos\TradutorDGames\[Kimochi] RJ01696894,www\data\Map011.json,0,.json,utf-8-sig,"cjk,kana",rpgmaker_map,95,$.events[3].pages[0].list[21].parameters[0],1,僕はお姉さんに近づいていく。
T001287,B0003,D:\Dev\Desenvolvimento\Projetos\TradutorDGames\[Kimochi] RJ01696894,www\data\Map011.json,0,.json,utf-8-sig,"cjk,kana",rpgmaker_map,95,$.events[3].pages[0].list[24].parameters[0],1,お姉さん
T001288,B0003,D:\Dev\Desenvolvimento\Projetos\TradutorDGames\[Kimochi] RJ01696894,www\data\Map011.json,0,.json,utf-8-sig,"cjk,kana",rpgmaker_map,95,$.events[3].pages[0].list[25].parameters[0],1,「なんだよ……夏休みで暇なのか？
T001289,B0003,D:\Dev\Desenvolvimento\Projetos\TradutorDGames\[Kimochi] RJ01696894,www\data\Map011.json,0,.json,utf-8-sig,"cjk,kana",rpgmaker_map,95,$.events[3].pages[0].list[26].parameters[0],1,ここに面白い物なんてないぞ？」
T001290,B0003,D:\Dev\Desenvolvimento\Projetos\TradutorDGames\[Kimochi] RJ01696894,www\data\Map011.json,0,.json,utf-8-sig,"cjk,kana",rpgmaker_map,95,$.events[3].pages[0].list[29].parameters[0],1,お姉さんは拒絶しながらも、僕が近づくとたばこをやめる。
T001291,B0003,D:\Dev\Desenvolvimento\Projetos\TradutorDGames\[Kimochi] RJ01696894,www\data\Map011.json,0,.json,utf-8-sig,"cjk,kana",rpgmaker_map,95,$.events[3].pages[0].list[32].parameters[0],1,お姉さん
T001292,B0003,D:\Dev\Desenvolvimento\Projetos\TradutorDGames\[Kimochi] RJ01696894,www\data\Map011.json,0,.json,utf-8-sig,"cjk,kana",rpgmaker_map,95,$.events[3].pages[0].list[33].parameters[0],1,「まぁ少しくらいなら、涼んでいってもいいけど」
T001293,B0003,D:\Dev\Desenvolvimento\Projetos\TradutorDGames\[Kimochi] RJ01696894,www\data\Map011.json,0,.json,utf-8-sig,"cjk,kana",rpgmaker_map,95,$.events[3].pages[0].list[36].parameters[0],1,僕は要件を伝える。
T001294,B0003,D:\Dev\Desenvolvimento\Projetos\TradutorDGames\[Kimochi] RJ01696894,www\data\Map011.json,0,.json,utf-8-sig,"cjk,kana",rpgmaker_map,95,$.events[3].pages[0].list[39].parameters[0],1,お姉さん
T001295,B0003,D:\Dev\Desenvolvimento\Projetos\TradutorDGames\[Kimochi] RJ01696894,www\data\Map011.json,0,.json,utf-8-sig,kana,rpgmaker_map,95,$.events[3].pages[0].list[40].parameters[0],1,「んん？アプリがなに……？
T001296,B0003,D:\Dev\Desenvolvimento\Projetos\TradutorDGames\[Kimochi] RJ01696894,www\data\Map011.json,0,.json,utf-8-sig,"cjk,kana",rpgmaker_map,95,$.events[3].pages[0].list[41].parameters[0],1,最近流行ってるゲームとか？」
T001297,B0003,D:\Dev\Desenvolvimento\Projetos\TradutorDGames\[Kimochi] RJ01696894,www\data\Map011.json,0,.json,utf-8-sig,"cjk,kana",rpgmaker_map,95,$.events[3].pages[0].list[44].parameters[0],1,お姉さん
T001298,B0003,D:\Dev\Desenvolvimento\Projetos\TradutorDGames\[Kimochi] RJ01696894,www\data\Map011.json,0,.json,utf-8-sig,"cjk,kana",rpgmaker_map,95,$.events[3].pages[0].list[45].parameters[0],1,「まあいいよ、暑くてまいってたから
T001299,B0003,D:\Dev\Desenvolvimento\Projetos\TradutorDGames\[Kimochi] RJ01696894,www\data\Map011.json,0,.json,utf-8-sig,"cjk,kana",rpgmaker_map,95,$.events[3].pages[0].list[46].parameters[0],1,気がまぎれるかもだし」
T001300,B0003,D:\Dev\Desenvolvimento\Projetos\TradutorDGames\[Kimochi] RJ01696894,www\data\Map011.json,0,.json,utf-8-sig,"cjk,kana",rpgmaker_map,95,$.events[3].pages[0].list[51].parameters[0],1,僕は サヤ にアプリをつかった！
T001301,B0003,D:\Dev\Desenvolvimento\Projetos\TradutorDGames\[Kimochi] RJ01696894,www\data\Map011.json,0,.json,utf-8-sig,kana,rpgmaker_map,95,$.events[3].pages[0].list[59].parameters[0],1,サヤ
T001302,B0003,D:\Dev\Desenvolvimento\Projetos\TradutorDGames\[Kimochi] RJ01696894,www\data\Map011.json,0,.json,utf-8-sig,kana,rpgmaker_map,95,$.events[3].pages[0].list[63].parameters[0],1,"サヤは ""にんしきかいへん"" された！"
T001303,B0003,D:\Dev\Desenvolvimento\Projetos\TradutorDGames\[Kimochi] RJ01696894,www\data\Map011.json,0,.json,utf-8-sig,"cjk,kana",rpgmaker_map,95,$.events[3].pages[0].list[9].parameters[0],1,日陰の涼しそうな場所でたばこを
T001304,B0003,D:\Dev\Desenvolvimento\Projetos\TradutorDGames\[Kimochi] RJ01696894,www\data\Map011.json,0,.json,utf-8-sig,kana,rpgmaker_map,95,$.events[3].pages[1].list[100].parameters[0],1,「あ……あぁ……
T001305,B0003,D:\Dev\Desenvolvimento\Projetos\TradutorDGames\[Kimochi] RJ01696894,www\data\Map011.json,0,.json,utf-8-sig,kana,rpgmaker_map,95,$.events[3].pages[1].list[101].parameters[0],1,またいく……っ♥♥」
T001306,B0003,D:\Dev\Desenvolvimento\Projetos\TradutorDGames\[Kimochi] RJ01696894,www\data\Map011.json,0,.json,utf-8-sig,kana,rpgmaker_map,95,$.events[3].pages[1].list[105].parameters[0],1,サヤ
T001307,B0003,D:\Dev\Desenvolvimento\Projetos\TradutorDGames\[Kimochi] RJ01696894,www\data\Map011.json,0,.json,utf-8-sig,kana,rpgmaker_map,95,$.events[3].pages[1].list[106].parameters[0],1,「いっ……ぎぃぃぃ♥♥♥」
T001308,B0003,D:\Dev\Desenvolvimento\Projetos\TradutorDGames\[Kimochi] RJ01696894,www\data\Map011.json,0,.json,utf-8-sig,kana,rpgmaker_map,95,$.events[3].pages[1].list[108].parameters[0],1,サヤ
T001309,B0003,D:\Dev\Desenvolvimento\Projetos\TradutorDGames\[Kimochi] RJ01696894,www\data\Map011.json,0,.json,utf-8-sig,kana,rpgmaker_map,95,$.events[3].pages[1].list[109].parameters[0],1,「あぁ……♥♥
T001310,B0003,D:\Dev\Desenvolvimento\Projetos\TradutorDGames\[Kimochi] RJ01696894,www\data\Map011.json,0,.json,utf-8-sig,kana,rpgmaker_map,95,$.events[3].pages[1].list[10].parameters[0],1,サヤ
T001311,B0003,D:\Dev\Desenvolvimento\Projetos\TradutorDGames\[Kimochi] RJ01696894,www\data\Map011.json,0,.json,utf-8-sig,"cjk,kana",rpgmaker_map,95,$.events[3].pages[1].list[110].parameters[0],1,ちんぽ♥♥ちんぽ気持ちいい♥♥」
T001312,B0003,D:\Dev\Desenvolvimento\Projetos\TradutorDGames\[Kimochi] RJ01696894,www\data\Map011.json,0,.json,utf-8-sig,kana,rpgmaker_map,95,$.events[3].pages[1].list[112].parameters[0],1,サヤ
T001313,B0003,D:\Dev\Desenvolvimento\Projetos\TradutorDGames\[Kimochi] RJ01696894,www\data\Map011.json,0,.json,utf-8-sig,kana,rpgmaker_map,95,$.events[3].pages[1].list[113].parameters[0],1,「とまんない……♥
T001314,B0003,D:\Dev\Desenvolvimento\Projetos\TradutorDGames\[Kimochi] RJ01696894,www\data\Map011.json,0,.json,utf-8-sig,kana,rpgmaker_map,95,$.events[3].pages[1].list[114].parameters[0],1,いくのとまんない……♥♥」
T001315,B0003,D:\Dev\Desenvolvimento\Projetos\TradutorDGames\[Kimochi] RJ01696894,www\data\Map011.json,0,.json,utf-8-sig,kana,rpgmaker_map,95,$.events[3].pages[1].list[116].parameters[0],1,サヤ
T001316,B0003,D:\Dev\Desenvolvimento\Projetos\TradutorDGames\[Kimochi] RJ01696894,www\data\Map011.json,0,.json,utf-8-sig,kana,rpgmaker_map,95,$.events[3].pages[1].list[117].parameters[0],1,「あたまバカになっちゃう……♥♥」
T001317,B0003,D:\Dev\Desenvolvimento\Projetos\TradutorDGames\[Kimochi] RJ01696894,www\data\Map011.json,0,.json,utf-8-sig,kana,rpgmaker_map,95,$.events[3].pages[1].list[119].parameters[0],1,サヤ
T001318,B0003,D:\Dev\Desenvolvimento\Projetos\TradutorDGames\[Kimochi] RJ01696894,www\data\Map011.json,0,.json,utf-8-sig,"cjk,kana",rpgmaker_map,95,$.events[3].pages[1].list[11].parameters[0],1,「なんか……ここも暑くなってきた？」
T001319,B0003,D:\Dev\Desenvolvimento\Projetos\TradutorDGames\[Kimochi] RJ01696894,www\data\Map011.json,0,.json,utf-8-sig,kana,rpgmaker_map,95,$.events[3].pages[1].list[120].parameters[0],1,「あぁこれ……♥またくる……♥♥」
T001320,B0003,D:\Dev\Desenvolvimento\Projetos\TradutorDGames\[Kimochi] RJ01696894,www\data\Map011.json,0,.json,utf-8-sig,kana,rpgmaker_map,95,$.events[3].pages[1].list[122].parameters[0],1,サヤ
T001321,B0003,D:\Dev\Desenvolvimento\Projetos\TradutorDGames\[Kimochi] RJ01696894,www\data\Map011.json,0,.json,utf-8-sig,kana,rpgmaker_map,95,$.events[3].pages[1].list[123].parameters[0],1,「い、いくっ…………
T001322,B0003,D:\Dev\Desenvolvimento\Projetos\TradutorDGames\[Kimochi] RJ01696894,www\data\Map011.json,0,.json,utf-8-sig,kana,rpgmaker_map,95,$.events[3].pages[1].list[124].parameters[0],1,いくいくっ……！！」
T001323,B0003,D:\Dev\Desenvolvimento\Projetos\TradutorDGames\[Kimochi] RJ01696894,www\data\Map011.json,0,.json,utf-8-sig,kana,rpgmaker_map,95,$.events[3].pages[1].list[126].parameters[0],1,サヤ
T001324,B0003,D:\Dev\Desenvolvimento\Projetos\TradutorDGames\[Kimochi] RJ01696894,www\data\Map011.json,0,.json,utf-8-sig,kana,rpgmaker_map,95,$.events[3].pages[1].list[127].parameters[0],1,「いっ……♥
T001325,B0003,D:\Dev\Desenvolvimento\Projetos\TradutorDGames\[Kimochi] RJ01696894,www\data\Map011.json,0,.json,utf-8-sig,kana,rpgmaker_map,95,$.events[3].pages[1].list[128].parameters[0],1,あっ……あぁっ……♥♥」
T001326,B0003,D:\Dev\Desenvolvimento\Projetos\TradutorDGames\[Kimochi] RJ01696894,www\data\Map011.json,0,.json,utf-8-sig,cjk,rpgmaker_map,95,$.events[3].pages[1].list[130].parameters[0],1,PA_INIT 9 12 横 0
T001327,B0003,D:\Dev\Desenvolvimento\Projetos\TradutorDGames\[Kimochi] RJ01696894,www\data\Map011.json,0,.json,utf-8-sig,kana,rpgmaker_map,95,$.events[3].pages[1].list[138].parameters[0],1,サヤ
T001328,B0003,D:\Dev\Desenvolvimento\Projetos\TradutorDGames\[Kimochi] RJ01696894,www\data\Map011.json,0,.json,utf-8-sig,kana,rpgmaker_map,95,$.events[3].pages[1].list[139].parameters[0],1,「んんっ……♥♥
T001329,B0003,D:\Dev\Desenvolvimento\Projetos\TradutorDGames\[Kimochi] RJ01696894,www\data\Map011.json,0,.json,utf-8-sig,kana,rpgmaker_map,95,$.events[3].pages[1].list[140].parameters[0],1,いっ……♥ぐぅ……！？！？♥♥」
T001330,B0003,D:\Dev\Desenvolvimento\Projetos\TradutorDGames\[Kimochi] RJ01696894,www\data\Map011.json,0,.json,utf-8-sig,cjk,rpgmaker_map,95,$.events[3].pages[1].list[145].parameters[0],1,PA_INIT 12 24 横 0
T001331,B0003,D:\Dev\Desenvolvimento\Projetos\TradutorDGames\[Kimochi] RJ01696894,www\data\Map011.json,0,.json,utf-8-sig,kana,rpgmaker_map,95,$.events[3].pages[1].list[14].parameters[0],1,サヤ
T001332,B0003,D:\Dev\Desenvolvimento\Projetos\TradutorDGames\[Kimochi] RJ01696894,www\data\Map011.json,0,.json,utf-8-sig,kana,rpgmaker_map,95,$.events[3].pages[1].list[152].parameters[0],1,サヤ
T001333,B0003,D:\Dev\Desenvolvimento\Projetos\TradutorDGames\[Kimochi] RJ01696894,www\data\Map011.json,0,.json,utf-8-sig,kana,rpgmaker_map,95,$.events[3].pages[1].list[153].parameters[0],1,「おっ……♥いぎっ……っ♥」
T001334,B0003,D:\Dev\Desenvolvimento\Projetos\TradutorDGames\[Kimochi] RJ01696894,www\data\Map011.json,0,.json,utf-8-sig,"cjk,kana",rpgmaker_map,95,$.events[3].pages[1].list[157].parameters[0],1,僕は サヤ に種付けした！
T001335,B0003,D:\Dev\Desenvolvimento\Projetos\TradutorDGames\[Kimochi] RJ01696894,www\data\Map011.json,0,.json,utf-8-sig,kana,rpgmaker_map,95,$.events[3].pages[1].list[15].parameters[0],1,「あっ……
T001336,B0003,D:\Dev\Desenvolvimento\Projetos\TradutorDGames\[Kimochi] RJ01696894,www\data\Map011.json,0,.json,utf-8-sig,"cjk,kana",rpgmaker_map,95,$.events[3].pages[1].list[16].parameters[0],1,た、種付け……するんだよね……？」
T001337,B0003,D:\Dev\Desenvolvimento\Projetos\TradutorDGames\[Kimochi] RJ01696894,www\data\Map011.json,0,.json,utf-8-sig,kana,rpgmaker_map,95,$.events[3].pages[1].list[19].parameters[0],1,サヤ
T001338,B0003,D:\Dev\Desenvolvimento\Projetos\TradutorDGames\[Kimochi] RJ01696894,www\data\Map011.json,0,.json,utf-8-sig,kana,rpgmaker_map,95,$.events[3].pages[1].list[20].parameters[0],1,「あれ……？
T001339,B0003,D:\Dev\Desenvolvimento\Projetos\TradutorDGames\[Kimochi] RJ01696894,www\data\Map011.json,0,.json,utf-8-sig,kana,rpgmaker_map,95,$.events[3].pages[1].list[21].parameters[0],1,こんないきなりするもんだっけ？」
T001340,B0003,D:\Dev\Desenvolvimento\Projetos\TradutorDGames\[Kimochi] RJ01696894,www\data\Map011.json,0,.json,utf-8-sig,kana,rpgmaker_map,95,$.events[3].pages[1].list[24].parameters[0],1,サヤ
T001341,B0003,D:\Dev\Desenvolvimento\Projetos\TradutorDGames\[Kimochi] RJ01696894,www\data\Map011.json,0,.json,utf-8-sig,kana,rpgmaker_map,95,$.events[3].pages[1].list[25].parameters[0],1,「まあいいか……
T001342,B0003,D:\Dev\Desenvolvimento\Projetos\TradutorDGames\[Kimochi] RJ01696894,www\data\Map011.json,0,.json,utf-8-sig,"cjk,kana",rpgmaker_map,95,$.events[3].pages[1].list[26].parameters[0],1,でも私じゃ、あんま楽しめないと思うよ？」
T001343,B0003,D:\Dev\Desenvolvimento\Projetos\TradutorDGames\[Kimochi] RJ01696894,www\data\Map011.json,0,.json,utf-8-sig,kana,rpgmaker_map,95,$.events[3].pages[1].list[29].parameters[0],1,サヤ
T001344,B0003,D:\Dev\Desenvolvimento\Projetos\TradutorDGames\[Kimochi] RJ01696894,www\data\Map011.json,0,.json,utf-8-sig,kana,rpgmaker_map,95,$.events[3].pages[1].list[30].parameters[0],1,「セックスでいったことないんだよね……」
T001345,B0003,D:\Dev\Desenvolvimento\Projetos\TradutorDGames\[Kimochi] RJ01696894,www\data\Map011.json,0,.json,utf-8-sig,cjk,rpgmaker_map,95,$.events[3].pages[1].list[34].parameters[0],1,PA_INIT 4 12 横 0
T001346,B0003,D:\Dev\Desenvolvimento\Projetos\TradutorDGames\[Kimochi] RJ01696894,www\data\Map011.json,0,.json,utf-8-sig,kana,rpgmaker_map,95,$.events[3].pages[1].list[42].parameters[0],1,サヤ
T001347,B0003,D:\Dev\Desenvolvimento\Projetos\TradutorDGames\[Kimochi] RJ01696894,www\data\Map011.json,0,.json,utf-8-sig,kana,rpgmaker_map,95,$.events[3].pages[1].list[43].parameters[0],1,「……んおぉっ！？！？♥♥」
T001348,B0003,D:\Dev\Desenvolvimento\Projetos\TradutorDGames\[Kimochi] RJ01696894,www\data\Map011.json,0,.json,utf-8-sig,kana,rpgmaker_map,95,$.events[3].pages[1].list[45].parameters[0],1,サヤ
T001349,B0003,D:\Dev\Desenvolvimento\Projetos\TradutorDGames\[Kimochi] RJ01696894,www\data\Map011.json,0,.json,utf-8-sig,kana,rpgmaker_map,95,$.events[3].pages[1].list[46].parameters[0],1,「あっ……あっ……！？
T001350,B0003,D:\Dev\Desenvolvimento\Projetos\TradutorDGames\[Kimochi] RJ01696894,www\data\Map011.json,0,.json,utf-8-sig,kana,rpgmaker_map,95,$.events[3].pages[1].list[47].parameters[0],1,ま、まって……
T001351,B0003,D:\Dev\Desenvolvimento\Projetos\TradutorDGames\[Kimochi] RJ01696894,www\data\Map011.json,0,.json,utf-8-sig,kana,rpgmaker_map,95,$.events[3].pages[1].list[48].parameters[0],1,なんかおかしい……！！」
T001352,B0003,D:\Dev\Desenvolvimento\Projetos\TradutorDGames\[Kimochi] RJ01696894,www\data\Map011.json,0,.json,utf-8-sig,cjk,rpgmaker_map,95,$.events[3].pages[1].list[49].parameters[0],1,PA_INIT 4 12 横 0
T001353,B0003,D:\Dev\Desenvolvimento\Projetos\TradutorDGames\[Kimochi] RJ01696894,www\data\Map011.json,0,.json,utf-8-sig,kana,rpgmaker_map,95,$.events[3].pages[1].list[55].parameters[0],1,サヤ
T001354,B0003,D:\Dev\Desenvolvimento\Projetos\TradutorDGames\[Kimochi] RJ01696894,www\data\Map011.json,0,.json,utf-8-sig,kana,rpgmaker_map,95,$.events[3].pages[1].list[56].parameters[0],1,「んおおぉぉっ……？♥？♥」
T001355,B0003,D:\Dev\Desenvolvimento\Projetos\TradutorDGames\[Kimochi] RJ01696894,www\data\Map011.json,0,.json,utf-8-sig,kana,rpgmaker_map,95,$.events[3].pages[1].list[58].parameters[0],1,サヤ
T001356,B0003,D:\Dev\Desenvolvimento\Projetos\TradutorDGames\[Kimochi] RJ01696894,www\data\Map011.json,0,.json,utf-8-sig,kana,rpgmaker_map,95,$.events[3].pages[1].list[59].parameters[0],1,「あぁっ……ま、まって
T001357,B0003,D:\Dev\Desenvolvimento\Projetos\TradutorDGames\[Kimochi] RJ01696894,www\data\Map011.json,0,.json,utf-8-sig,kana,rpgmaker_map,95,$.events[3].pages[1].list[5].parameters[0],1,サヤ
T001358,B0003,D:\Dev\Desenvolvimento\Projetos\TradutorDGames\[Kimochi] RJ01696894,www\data\Map011.json,0,.json,utf-8-sig,"cjk,kana",rpgmaker_map,95,$.events[3].pages[1].list[60].parameters[0],1,いったん止まって……♥」
T001359,B0003,D:\Dev\Desenvolvimento\Projetos\TradutorDGames\[Kimochi] RJ01696894,www\data\Map011.json,0,.json,utf-8-sig,kana,rpgmaker_map,95,$.events[3].pages[1].list[62].parameters[0],1,サヤ
T001360,B0003,D:\Dev\Desenvolvimento\Projetos\TradutorDGames\[Kimochi] RJ01696894,www\data\Map011.json,0,.json,utf-8-sig,kana,rpgmaker_map,95,$.events[3].pages[1].list[63].parameters[0],1,「な、なにこれ……！？
T001361,B0003,D:\Dev\Desenvolvimento\Projetos\TradutorDGames\[Kimochi] RJ01696894,www\data\Map011.json,0,.json,utf-8-sig,kana,rpgmaker_map,95,$.events[3].pages[1].list[64].parameters[0],1,しらないっ……！？！？」
T001362,B0003,D:\Dev\Desenvolvimento\Projetos\TradutorDGames\[Kimochi] RJ01696894,www\data\Map011.json,0,.json,utf-8-sig,kana,rpgmaker_map,95,$.events[3].pages[1].list[66].parameters[0],1,サヤ
T001363,B0003,D:\Dev\Desenvolvimento\Projetos\TradutorDGames\[Kimochi] RJ01696894,www\data\Map011.json,0,.json,utf-8-sig,kana,rpgmaker_map,95,$.events[3].pages[1].list[67].parameters[0],1,「こ、これっ……
T001364,B0003,D:\Dev\Desenvolvimento\Projetos\TradutorDGames\[Kimochi] RJ01696894,www\data\Map011.json,0,.json,utf-8-sig,kana,rpgmaker_map,95,$.events[3].pages[1].list[68].parameters[0],1,こんなぁっ…………♥♥」
T001365,B0003,D:\Dev\Desenvolvimento\Projetos\TradutorDGames\[Kimochi] RJ01696894,www\data\Map011.json,0,.json,utf-8-sig,kana,rpgmaker_map,95,$.events[3].pages[1].list[6].parameters[0],1,「ん……ふぅっ……♥
T001366,B0003,D:\Dev\Desenvolvimento\Projetos\TradutorDGames\[Kimochi] RJ01696894,www\data\Map011.json,0,.json,utf-8-sig,kana,rpgmaker_map,95,$.events[3].pages[1].list[70].parameters[0],1,サヤ
T001367,B0003,D:\Dev\Desenvolvimento\Projetos\TradutorDGames\[Kimochi] RJ01696894,www\data\Map011.json,0,.json,utf-8-sig,kana,rpgmaker_map,95,$.events[3].pages[1].list[71].parameters[0],1,「あっ……あぁっ♥♥
T001368,B0003,D:\Dev\Desenvolvimento\Projetos\TradutorDGames\[Kimochi] RJ01696894,www\data\Map011.json,0,.json,utf-8-sig,kana,rpgmaker_map,95,$.events[3].pages[1].list[72].parameters[0],1,うそっ……！？♥♥」
T001369,B0003,D:\Dev\Desenvolvimento\Projetos\TradutorDGames\[Kimochi] RJ01696894,www\data\Map011.json,0,.json,utf-8-sig,kana,rpgmaker_map,95,$.events[3].pages[1].list[74].parameters[0],1,サヤ
T001370,B0003,D:\Dev\Desenvolvimento\Projetos\TradutorDGames\[Kimochi] RJ01696894,www\data\Map011.json,0,.json,utf-8-sig,kana,rpgmaker_map,95,$.events[3].pages[1].list[75].parameters[0],1,「い、いくっっ……！？♥♥」
T001371,B0003,D:\Dev\Desenvolvimento\Projetos\TradutorDGames\[Kimochi] RJ01696894,www\data\Map011.json,0,.json,utf-8-sig,kana,rpgmaker_map,95,$.events[3].pages[1].list[79].parameters[0],1,サヤ
T001372,B0003,D:\Dev\Desenvolvimento\Projetos\TradutorDGames\[Kimochi] RJ01696894,www\data\Map011.json,0,.json,utf-8-sig,"cjk,kana",rpgmaker_map,95,$.events[3].pages[1].list[7].parameters[0],1,あれ？意識が飛んでたような……」
T001373,B0003,D:\Dev\Desenvolvimento\Projetos\TradutorDGames\[Kimochi] RJ01696894,www\data\Map011.json,0,.json,utf-8-sig,kana,rpgmaker_map,95,$.events[3].pages[1].list[80].parameters[0],1,「あぁっ♥♥あっ……♥
T001374,B0003,D:\Dev\Desenvolvimento\Projetos\TradutorDGames\[Kimochi] RJ01696894,www\data\Map011.json,0,.json,utf-8-sig,kana,rpgmaker_map,95,$.events[3].pages[1].list[81].parameters[0],1,ひぎっ……♥♥」
T001375,B0003,D:\Dev\Desenvolvimento\Projetos\TradutorDGames\[Kimochi] RJ01696894,www\data\Map011.json,0,.json,utf-8-sig,cjk,rpgmaker_map,95,$.events[3].pages[1].list[82].parameters[0],1,PA_INIT 4 6 横 0
T001376,B0003,D:\Dev\Desenvolvimento\Projetos\TradutorDGames\[Kimochi] RJ01696894,www\data\Map011.json,0,.json,utf-8-sig,kana,rpgmaker_map,95,$.events[3].pages[1].list[88].parameters[0],1,サヤ
T001377,B0003,D:\Dev\Desenvolvimento\Projetos\TradutorDGames\[Kimochi] RJ01696894,www\data\Map011.json,0,.json,utf-8-sig,kana,rpgmaker_map,95,$.events[3].pages[1].list[89].parameters[0],1,「だ、だめっ……♥もうむりっ……♥」
T001378,B0003,D:\Dev\Desenvolvimento\Projetos\TradutorDGames\[Kimochi] RJ01696894,www\data\Map011.json,0,.json,utf-8-sig,kana,rpgmaker_map,95,$.events[3].pages[1].list[91].parameters[0],1,サヤ
T001379,B0003,D:\Dev\Desenvolvimento\Projetos\TradutorDGames\[Kimochi] RJ01696894,www\data\Map011.json,0,.json,utf-8-sig,kana,rpgmaker_map,95,$.events[3].pages[1].list[92].parameters[0],1,「い、いきたくない……♥
T001380,B0003,D:\Dev\Desenvolvimento\Projetos\TradutorDGames\[Kimochi] RJ01696894,www\data\Map011.json,0,.json,utf-8-sig,kana,rpgmaker_map,95,$.events[3].pages[1].list[93].parameters[0],1,これだめっ……♥♥」
T001381,B0003,D:\Dev\Desenvolvimento\Projetos\TradutorDGames\[Kimochi] RJ01696894,www\data\Map011.json,0,.json,utf-8-sig,kana,rpgmaker_map,95,$.events[3].pages[1].list[95].parameters[0],1,サヤ
T001382,B0003,D:\Dev\Desenvolvimento\Projetos\TradutorDGames\[Kimochi] RJ01696894,www\data\Map011.json,0,.json,utf-8-sig,kana,rpgmaker_map,95,$.events[3].pages[1].list[96].parameters[0],1,「か、からだ……♥♥
T001383,B0003,D:\Dev\Desenvolvimento\Projetos\TradutorDGames\[Kimochi] RJ01696894,www\data\Map011.json,0,.json,utf-8-sig,kana,rpgmaker_map,95,$.events[3].pages[1].list[97].parameters[0],1,もどれなくなる……♥♥♥」
T001384,B0003,D:\Dev\Desenvolvimento\Projetos\TradutorDGames\[Kimochi] RJ01696894,www\data\Map011.json,0,.json,utf-8-sig,kana,rpgmaker_map,95,$.events[3].pages[1].list[99].parameters[0],1,サヤ
T001385,B0003,D:\Dev\Desenvolvimento\Projetos\TradutorDGames\[Kimochi] RJ01696894,www\data\Map027.json,0,.json,utf-8-sig,"cjk,kana",rpgmaker_map,95,$.events[1].pages[0].list[8].parameters[0],1,D_TEXT  自分の部屋 24
T001386,B0003,D:\Dev\Desenvolvimento\Projetos\TradutorDGames\[Kimochi] RJ01696894,www\data\Map027.json,0,.json,utf-8-sig,"cjk,kana",rpgmaker_map,95,$.events[2].pages[0].list[8].parameters[0],1,D_TEXT  姉の部屋 24
T001387,B0003,D:\Dev\Desenvolvimento\Projetos\TradutorDGames\[Kimochi] RJ01696894,www\data\Map027.json,0,.json,utf-8-sig,"cjk,kana",rpgmaker_map,95,$.events[3].pages[0].list[15].parameters[0],1,D_TEXT  学校へ 24
T001388,B0003,D:\Dev\Desenvolvimento\Projetos\TradutorDGames\[Kimochi] RJ01696894,www\data\Map027.json,0,.json,utf-8-sig,"cjk,kana",rpgmaker_map,95,$.events[3].pages[0].list[1].parameters[0],1,移動アイコン表示しない
T001389,B0003,D:\Dev\Desenvolvimento\Projetos\TradutorDGames\[Kimochi] RJ01696894,www\data\Map027.json,0,.json,utf-8-sig,"cjk,kana",rpgmaker_map,95,$.events[3].pages[0].list[21].parameters[0],1,移動アイコン表示しない
T001390,B0003,D:\Dev\Desenvolvimento\Projetos\TradutorDGames\[Kimochi] RJ01696894,www\data\Map027.json,0,.json,utf-8-sig,"cjk,kana",rpgmaker_map,95,$.events[3].pages[0].list[34].parameters[0],1,D_TEXT  街へ 24
T001391,B0003,D:\Dev\Desenvolvimento\Projetos\TradutorDGames\[Kimochi] RJ01696894,www\data\Map027.json,0,.json,utf-8-sig,"cjk,kana",rpgmaker_map,95,$.events[3].pages[0].list[40].parameters[0],1,！マーク表示　メインシナリオ4以上の時
T001392,B0003,D:\Dev\Desenvolvimento\Projetos\TradutorDGames\[Kimochi] RJ01696894,www\data\Map027.json,0,.json,utf-8-sig,"cjk,kana",rpgmaker_map,95,$.events[3].pages[0].list[6].parameters[0],1,移動アイコン表示
T001393,B0003,D:\Dev\Desenvolvimento\Projetos\TradutorDGames\[Kimochi] RJ01696894,www\data\Map027.json,0,.json,utf-8-sig,"cjk,kana",rpgmaker_map,95,$.events[4].pages[0].list[11].parameters[0],1,「こんにちは～、わたくし生殖促進管理局の
T001394,B0003,D:\Dev\Desenvolvimento\Projetos\TradutorDGames\[Kimochi] RJ01696894,www\data\Map027.json,0,.json,utf-8-sig,"cjk,kana",rpgmaker_map,95,$.events[4].pages[0].list[12].parameters[0],1,小林と申します～」
T001395,B0003,D:\Dev\Desenvolvimento\Projetos\TradutorDGames\[Kimochi] RJ01696894,www\data\Map027.json,0,.json,utf-8-sig,cjk,rpgmaker_map,95,$.events[4].pages[0].list[15].parameters[0],1,小林
T001396,B0003,D:\Dev\Desenvolvimento\Projetos\TradutorDGames\[Kimochi] RJ01696894,www\data\Map027.json,0,.json,utf-8-sig,"cjk,kana",rpgmaker_map,95,$.events[4].pages[0].list[16].parameters[0],1,「お父様かお兄さまはいらっしゃいますか？
T001397,B0003,D:\Dev\Desenvolvimento\Projetos\TradutorDGames\[Kimochi] RJ01696894,www\data\Map027.json,0,.json,utf-8-sig,"cjk,kana",rpgmaker_map,95,$.events[4].pages[0].list[17].parameters[0],1,種付け適任者に選ばれた方の経過を調査しているのですが……」
T001398,B0003,D:\Dev\Desenvolvimento\Projetos\TradutorDGames\[Kimochi] RJ01696894,www\data\Map027.json,0,.json,utf-8-sig,cjk,rpgmaker_map,95,$.events[4].pages[0].list[20].parameters[0],1,小林
T001399,B0003,D:\Dev\Desenvolvimento\Projetos\TradutorDGames\[Kimochi] RJ01696894,www\data\Map027.json,0,.json,utf-8-sig,"cjk,kana",rpgmaker_map,95,$.events[4].pages[0].list[22].parameters[0],1,あなたが適任者……？」
T001400,B0003,D:\Dev\Desenvolvimento\Projetos\TradutorDGames\[Kimochi] RJ01696894,www\data\Map027.json,0,.json,utf-8-sig,cjk,rpgmaker_map,95,$.events[4].pages[0].list[24].parameters[0],1,小林
T001401,B0003,D:\Dev\Desenvolvimento\Projetos\TradutorDGames\[Kimochi] RJ01696894,www\data\Map027.json,0,.json,utf-8-sig,"cjk,kana",rpgmaker_map,95,$.events[4].pages[0].list[25].parameters[0],1,「え……こんな子が……？」
T001402,B0003,D:\Dev\Desenvolvimento\Projetos\TradutorDGames\[Kimochi] RJ01696894,www\data\Map027.json,0,.json,utf-8-sig,cjk,rpgmaker_map,95,$.events[4].pages[0].list[28].parameters[0],1,小林
T001403,B0003,D:\Dev\Desenvolvimento\Projetos\TradutorDGames\[Kimochi] RJ01696894,www\data\Map027.json,0,.json,utf-8-sig,kana,rpgmaker_map,95,$.events[4].pages[0].list[29].parameters[0],1,「あぁいえ、えっと……それじゃあ……
T001404,B0003,D:\Dev\Desenvolvimento\Projetos\TradutorDGames\[Kimochi] RJ01696894,www\data\Map027.json,0,.json,utf-8-sig,"cjk,kana",rpgmaker_map,95,$.events[4].pages[0].list[30].parameters[0],1,活動についていくつかお聞きしたいんですけど……」
T001405,B0003,D:\Dev\Desenvolvimento\Projetos\TradutorDGames\[Kimochi] RJ01696894,www\data\Map027.json,0,.json,utf-8-sig,"cjk,kana",rpgmaker_map,95,$.events[4].pages[0].list[35].parameters[0],1,僕は 小林 にアプリをつかった！
T001406,B0003,D:\Dev\Desenvolvimento\Projetos\TradutorDGames\[Kimochi] RJ01696894,www\data\Map027.json,0,.json,utf-8-sig,cjk,rpgmaker_map,95,$.events[4].pages[0].list[40].parameters[0],1,小林
T001407,B0003,D:\Dev\Desenvolvimento\Projetos\TradutorDGames\[Kimochi] RJ01696894,www\data\Map027.json,0,.json,utf-8-sig,kana,rpgmaker_map,95,$.events[4].pages[0].list[41].parameters[0],1,「あの、ちょっと……？」
T001408,B0003,D:\Dev\Desenvolvimento\Projetos\TradutorDGames\[Kimochi] RJ01696894,www\data\Map027.json,0,.json,utf-8-sig,"cjk,kana",rpgmaker_map,95,$.events[4].pages[0].list[47].parameters[0],1,どうやら 小林 には効かないみたいだ……。
T001409,B0003,D:\Dev\Desenvolvimento\Projetos\TradutorDGames\[Kimochi] RJ01696894,www\data\Map027.json,0,.json,utf-8-sig,cjk,rpgmaker_map,95,$.events[4].pages[0].list[50].parameters[0],1,小林
T001410,B0003,D:\Dev\Desenvolvimento\Projetos\TradutorDGames\[Kimochi] RJ01696894,www\data\Map027.json,0,.json,utf-8-sig,kana,rpgmaker_map,95,$.events[4].pages[0].list[51].parameters[0],1,「あー……すいません、
T001411,B0003,D:\Dev\Desenvolvimento\Projetos\TradutorDGames\[Kimochi] RJ01696894,www\data\Map027.json,0,.json,utf-8-sig,"cjk,kana",rpgmaker_map,95,$.events[4].pages[0].list[52].parameters[0],1,それ私には効かないんです」
T001412,B0003,D:\Dev\Desenvolvimento\Projetos\TradutorDGames\[Kimochi] RJ01696894,www\data\Map027.json,0,.json,utf-8-sig,cjk,rpgmaker_map,95,$.events[4].pages[0].list[55].parameters[0],1,小林
T001413,B0003,D:\Dev\Desenvolvimento\Projetos\TradutorDGames\[Kimochi] RJ01696894,www\data\Map027.json,0,.json,utf-8-sig,"cjk,kana",rpgmaker_map,95,$.events[4].pages[0].list[56].parameters[0],1,「種付けするなら他の女に
T001414,B0003,D:\Dev\Desenvolvimento\Projetos\TradutorDGames\[Kimochi] RJ01696894,www\data\Map027.json,0,.json,utf-8-sig,"cjk,kana",rpgmaker_map,95,$.events[4].pages[0].list[57].parameters[0],1,使ってくださいねー」
T001415,B0003,D:\Dev\Desenvolvimento\Projetos\TradutorDGames\[Kimochi] RJ01696894,www\data\Map027.json,0,.json,utf-8-sig,"cjk,kana",rpgmaker_map,95,$.events[4].pages[0].list[61].parameters[0],1,種付けアプリの様子が……
T001416,B0003,D:\Dev\Desenvolvimento\Projetos\TradutorDGames\[Kimochi] RJ01696894,www\data\Map027.json,0,.json,utf-8-sig,cjk,rpgmaker_map,95,$.events[4].pages[0].list[80].parameters[0],1,小林
T001417,B0003,D:\Dev\Desenvolvimento\Projetos\TradutorDGames\[Kimochi] RJ01696894,www\data\Map027.json,0,.json,utf-8-sig,kana,rpgmaker_map,95,$.events[4].pages[0].list[81].parameters[0],1,「ん…………あぇ……？？」
T001418,B0003,D:\Dev\Desenvolvimento\Projetos\TradutorDGames\[Kimochi] RJ01696894,www\data\Map027.json,0,.json,utf-8-sig,"cjk,kana",rpgmaker_map,95,$.events[4].pages[0].list[8].parameters[0],1,玄関へ行くと暑そうなスーツを着た女性が立っていた。
T001419,B0003,D:\Dev\Desenvolvimento\Projetos\TradutorDGames\[Kimochi] RJ01696894,www\data\Map027.json,0,.json,utf-8-sig,cjk,rpgmaker_map,95,$.events[4].pages[1].list[103].parameters[0],1,PA_INIT 12 12 横 0
T001420,B0003,D:\Dev\Desenvolvimento\Projetos\TradutorDGames\[Kimochi] RJ01696894,www\data\Map027.json,0,.json,utf-8-sig,cjk,rpgmaker_map,95,$.events[4].pages[1].list[109].parameters[0],1,小林
T001421,B0003,D:\Dev\Desenvolvimento\Projetos\TradutorDGames\[Kimochi] RJ01696894,www\data\Map027.json,0,.json,utf-8-sig,"cjk,kana",rpgmaker_map,95,$.events[4].pages[1].list[10].parameters[0],1,種付けを…………？」
T001422,B0003,D:\Dev\Desenvolvimento\Projetos\TradutorDGames\[Kimochi] RJ01696894,www\data\Map027.json,0,.json,utf-8-sig,kana,rpgmaker_map,95,$.events[4].pages[1].list[110].parameters[0],1,「おっ……♥
T001423,B0003,D:\Dev\Desenvolvimento\Projetos\TradutorDGames\[Kimochi] RJ01696894,www\data\Map027.json,0,.json,utf-8-sig,kana,rpgmaker_map,95,$.events[4].pages[1].list[111].parameters[0],1,おぉっ……♥♥」
T001424,B0003,D:\Dev\Desenvolvimento\Projetos\TradutorDGames\[Kimochi] RJ01696894,www\data\Map027.json,0,.json,utf-8-sig,"cjk,kana",rpgmaker_map,95,$.events[4].pages[1].list[115].parameters[0],1,僕は 小林 に種付けした！
T001425,B0003,D:\Dev\Desenvolvimento\Projetos\TradutorDGames\[Kimochi] RJ01696894,www\data\Map027.json,0,.json,utf-8-sig,"cjk,kana",rpgmaker_map,95,$.events[4].pages[1].list[124].parameters[0],1,僕はその後、この町の女子にとどまらず
T001426,B0003,D:\Dev\Desenvolvimento\Projetos\TradutorDGames\[Kimochi] RJ01696894,www\data\Map027.json,0,.json,utf-8-sig,"cjk,kana",rpgmaker_map,95,$.events[4].pages[1].list[125].parameters[0],1,時には隣町へ赴き、”たねづけ” を行い続けた。
T001427,B0003,D:\Dev\Desenvolvimento\Projetos\TradutorDGames\[Kimochi] RJ01696894,www\data\Map027.json,0,.json,utf-8-sig,"cjk,kana",rpgmaker_map,95,$.events[4].pages[1].list[128].parameters[0],1,みんな ”たねづけ” を行うと喜んで褒めてくれるので、
T001428,B0003,D:\Dev\Desenvolvimento\Projetos\TradutorDGames\[Kimochi] RJ01696894,www\data\Map027.json,0,.json,utf-8-sig,"cjk,kana",rpgmaker_map,95,$.events[4].pages[1].list[129].parameters[0],1,とてもやりがいのある仕事だ。
T001429,B0003,D:\Dev\Desenvolvimento\Projetos\TradutorDGames\[Kimochi] RJ01696894,www\data\Map027.json,0,.json,utf-8-sig,cjk,rpgmaker_map,95,$.events[4].pages[1].list[13].parameters[0],1,小林
T001430,B0003,D:\Dev\Desenvolvimento\Projetos\TradutorDGames\[Kimochi] RJ01696894,www\data\Map027.json,0,.json,utf-8-sig,kana,rpgmaker_map,95,$.events[4].pages[1].list[14].parameters[0],1,「そ、そうだ……
T001431,B0003,D:\Dev\Desenvolvimento\Projetos\TradutorDGames\[Kimochi] RJ01696894,www\data\Map027.json,0,.json,utf-8-sig,"cjk,kana",rpgmaker_map,95,$.events[4].pages[1].list[15].parameters[0],1,実際に私に種付けを行ってもらい
T001432,B0003,D:\Dev\Desenvolvimento\Projetos\TradutorDGames\[Kimochi] RJ01696894,www\data\Map027.json,0,.json,utf-8-sig,"cjk,kana",rpgmaker_map,95,$.events[4].pages[1].list[16].parameters[0],1,様子を確認する必要があるんでした……」
T001433,B0003,D:\Dev\Desenvolvimento\Projetos\TradutorDGames\[Kimochi] RJ01696894,www\data\Map027.json,0,.json,utf-8-sig,cjk,rpgmaker_map,95,$.events[4].pages[1].list[20].parameters[0],1,PA_INIT 4 12 横 0
T001434,B0003,D:\Dev\Desenvolvimento\Projetos\TradutorDGames\[Kimochi] RJ01696894,www\data\Map027.json,0,.json,utf-8-sig,cjk,rpgmaker_map,95,$.events[4].pages[1].list[28].parameters[0],1,小林
T001435,B0003,D:\Dev\Desenvolvimento\Projetos\TradutorDGames\[Kimochi] RJ01696894,www\data\Map027.json,0,.json,utf-8-sig,kana,rpgmaker_map,95,$.events[4].pages[1].list[29].parameters[0],1,「んっ……おぉっ……♥♥！？」
T001436,B0003,D:\Dev\Desenvolvimento\Projetos\TradutorDGames\[Kimochi] RJ01696894,www\data\Map027.json,0,.json,utf-8-sig,cjk,rpgmaker_map,95,$.events[4].pages[1].list[31].parameters[0],1,小林
T001437,B0003,D:\Dev\Desenvolvimento\Projetos\TradutorDGames\[Kimochi] RJ01696894,www\data\Map027.json,0,.json,utf-8-sig,kana,rpgmaker_map,95,$.events[4].pages[1].list[32].parameters[0],1,「あっ……あぁっ……♥♥
T001438,B0003,D:\Dev\Desenvolvimento\Projetos\TradutorDGames\[Kimochi] RJ01696894,www\data\Map027.json,0,.json,utf-8-sig,kana,rpgmaker_map,95,$.events[4].pages[1].list[33].parameters[0],1,これっ……だめっ……♥」
T001439,B0003,D:\Dev\Desenvolvimento\Projetos\TradutorDGames\[Kimochi] RJ01696894,www\data\Map027.json,0,.json,utf-8-sig,cjk,rpgmaker_map,95,$.events[4].pages[1].list[35].parameters[0],1,小林
T001440,B0003,D:\Dev\Desenvolvimento\Projetos\TradutorDGames\[Kimochi] RJ01696894,www\data\Map027.json,0,.json,utf-8-sig,"cjk,kana",rpgmaker_map,95,$.events[4].pages[1].list[36].parameters[0],1,「感度っ……♥♥
T001441,B0003,D:\Dev\Desenvolvimento\Projetos\TradutorDGames\[Kimochi] RJ01696894,www\data\Map027.json,0,.json,utf-8-sig,kana,rpgmaker_map,95,$.events[4].pages[1].list[37].parameters[0],1,あげられすぎっ……♥♥」
T001442,B0003,D:\Dev\Desenvolvimento\Projetos\TradutorDGames\[Kimochi] RJ01696894,www\data\Map027.json,0,.json,utf-8-sig,cjk,rpgmaker_map,95,$.events[4].pages[1].list[39].parameters[0],1,小林
T001443,B0003,D:\Dev\Desenvolvimento\Projetos\TradutorDGames\[Kimochi] RJ01696894,www\data\Map027.json,0,.json,utf-8-sig,cjk,rpgmaker_map,95,$.events[4].pages[1].list[3].parameters[0],1,小林
T001444,B0003,D:\Dev\Desenvolvimento\Projetos\TradutorDGames\[Kimochi] RJ01696894,www\data\Map027.json,0,.json,utf-8-sig,kana,rpgmaker_map,95,$.events[4].pages[1].list[40].parameters[0],1,「いぎぃっ……♥♥
T001445,B0003,D:\Dev\Desenvolvimento\Projetos\TradutorDGames\[Kimochi] RJ01696894,www\data\Map027.json,0,.json,utf-8-sig,kana,rpgmaker_map,95,$.events[4].pages[1].list[41].parameters[0],1,い、いかされっ……♥♥」
T001446,B0003,D:\Dev\Desenvolvimento\Projetos\TradutorDGames\[Kimochi] RJ01696894,www\data\Map027.json,0,.json,utf-8-sig,cjk,rpgmaker_map,95,$.events[4].pages[1].list[45].parameters[0],1,PA_INIT 6 12 横 0
T001447,B0003,D:\Dev\Desenvolvimento\Projetos\TradutorDGames\[Kimochi] RJ01696894,www\data\Map027.json,0,.json,utf-8-sig,kana,rpgmaker_map,95,$.events[4].pages[1].list[4].parameters[0],1,「ん…………あれ……？
T001448,B0003,D:\Dev\Desenvolvimento\Projetos\TradutorDGames\[Kimochi] RJ01696894,www\data\Map027.json,0,.json,utf-8-sig,cjk,rpgmaker_map,95,$.events[4].pages[1].list[52].parameters[0],1,小林
T001449,B0003,D:\Dev\Desenvolvimento\Projetos\TradutorDGames\[Kimochi] RJ01696894,www\data\Map027.json,0,.json,utf-8-sig,kana,rpgmaker_map,95,$.events[4].pages[1].list[53].parameters[0],1,「んっ……♥♥
T001450,B0003,D:\Dev\Desenvolvimento\Projetos\TradutorDGames\[Kimochi] RJ01696894,www\data\Map027.json,0,.json,utf-8-sig,kana,rpgmaker_map,95,$.events[4].pages[1].list[54].parameters[0],1,おおおぉぉっ……♥♥」
T001451,B0003,D:\Dev\Desenvolvimento\Projetos\TradutorDGames\[Kimochi] RJ01696894,www\data\Map027.json,0,.json,utf-8-sig,cjk,rpgmaker_map,95,$.events[4].pages[1].list[55].parameters[0],1,PA_INIT 4 6 横 0
T001452,B0003,D:\Dev\Desenvolvimento\Projetos\TradutorDGames\[Kimochi] RJ01696894,www\data\Map027.json,0,.json,utf-8-sig,kana,rpgmaker_map,95,$.events[4].pages[1].list[5].parameters[0],1,えーと…………」
T001453,B0003,D:\Dev\Desenvolvimento\Projetos\TradutorDGames\[Kimochi] RJ01696894,www\data\Map027.json,0,.json,utf-8-sig,cjk,rpgmaker_map,95,$.events[4].pages[1].list[61].parameters[0],1,小林
T001454,B0003,D:\Dev\Desenvolvimento\Projetos\TradutorDGames\[Kimochi] RJ01696894,www\data\Map027.json,0,.json,utf-8-sig,kana,rpgmaker_map,95,$.events[4].pages[1].list[62].parameters[0],1,「あぁっ……♥♥ぁっ……♥♥」
T001455,B0003,D:\Dev\Desenvolvimento\Projetos\TradutorDGames\[Kimochi] RJ01696894,www\data\Map027.json,0,.json,utf-8-sig,cjk,rpgmaker_map,95,$.events[4].pages[1].list[64].parameters[0],1,小林
T001456,B0003,D:\Dev\Desenvolvimento\Projetos\TradutorDGames\[Kimochi] RJ01696894,www\data\Map027.json,0,.json,utf-8-sig,kana,rpgmaker_map,95,$.events[4].pages[1].list[65].parameters[0],1,「や、やめっ……♥♥
T001457,B0003,D:\Dev\Desenvolvimento\Projetos\TradutorDGames\[Kimochi] RJ01696894,www\data\Map027.json,0,.json,utf-8-sig,"cjk,kana",rpgmaker_map,95,$.events[4].pages[1].list[66].parameters[0],1,全然奥……♥届いてないのにっ……♥♥」
T001458,B0003,D:\Dev\Desenvolvimento\Projetos\TradutorDGames\[Kimochi] RJ01696894,www\data\Map027.json,0,.json,utf-8-sig,cjk,rpgmaker_map,95,$.events[4].pages[1].list[68].parameters[0],1,小林
T001459,B0003,D:\Dev\Desenvolvimento\Projetos\TradutorDGames\[Kimochi] RJ01696894,www\data\Map027.json,0,.json,utf-8-sig,kana,rpgmaker_map,95,$.events[4].pages[1].list[69].parameters[0],1,「き、きもちよすぎっ……♥♥
T001460,B0003,D:\Dev\Desenvolvimento\Projetos\TradutorDGames\[Kimochi] RJ01696894,www\data\Map027.json,0,.json,utf-8-sig,kana,rpgmaker_map,95,$.events[4].pages[1].list[70].parameters[0],1,てっ……♥♥」
T001461,B0003,D:\Dev\Desenvolvimento\Projetos\TradutorDGames\[Kimochi] RJ01696894,www\data\Map027.json,0,.json,utf-8-sig,cjk,rpgmaker_map,95,$.events[4].pages[1].list[72].parameters[0],1,小林
T001462,B0003,D:\Dev\Desenvolvimento\Projetos\TradutorDGames\[Kimochi] RJ01696894,www\data\Map027.json,0,.json,utf-8-sig,"cjk,kana",rpgmaker_map,95,$.events[4].pages[1].list[73].parameters[0],1,「頭おかしくなるっ……♥♥」
T001463,B0003,D:\Dev\Desenvolvimento\Projetos\TradutorDGames\[Kimochi] RJ01696894,www\data\Map027.json,0,.json,utf-8-sig,cjk,rpgmaker_map,95,$.events[4].pages[1].list[75].parameters[0],1,小林
T001464,B0003,D:\Dev\Desenvolvimento\Projetos\TradutorDGames\[Kimochi] RJ01696894,www\data\Map027.json,0,.json,utf-8-sig,kana,rpgmaker_map,95,$.events[4].pages[1].list[76].parameters[0],1,「んんぁっ……♥♥
T001465,B0003,D:\Dev\Desenvolvimento\Projetos\TradutorDGames\[Kimochi] RJ01696894,www\data\Map027.json,0,.json,utf-8-sig,kana,rpgmaker_map,95,$.events[4].pages[1].list[77].parameters[0],1,も、もう……♥やめっ……♥♥」
T001466,B0003,D:\Dev\Desenvolvimento\Projetos\TradutorDGames\[Kimochi] RJ01696894,www\data\Map027.json,0,.json,utf-8-sig,cjk,rpgmaker_map,95,$.events[4].pages[1].list[79].parameters[0],1,小林
T001467,B0003,D:\Dev\Desenvolvimento\Projetos\TradutorDGames\[Kimochi] RJ01696894,www\data\Map027.json,0,.json,utf-8-sig,kana,rpgmaker_map,95,$.events[4].pages[1].list[80].parameters[0],1,「しんじゃうぅっ……♥♥」
T001468,B0003,D:\Dev\Desenvolvimento\Projetos\TradutorDGames\[Kimochi] RJ01696894,www\data\Map027.json,0,.json,utf-8-sig,cjk,rpgmaker_map,95,$.events[4].pages[1].list[82].parameters[0],1,小林
T001469,B0003,D:\Dev\Desenvolvimento\Projetos\TradutorDGames\[Kimochi] RJ01696894,www\data\Map027.json,0,.json,utf-8-sig,kana,rpgmaker_map,95,$.events[4].pages[1].list[83].parameters[0],1,「あぁっ……♥ま、また……♥♥」
T001470,B0003,D:\Dev\Desenvolvimento\Projetos\TradutorDGames\[Kimochi] RJ01696894,www\data\Map027.json,0,.json,utf-8-sig,cjk,rpgmaker_map,95,$.events[4].pages[1].list[85].parameters[0],1,小林
T001471,B0003,D:\Dev\Desenvolvimento\Projetos\TradutorDGames\[Kimochi] RJ01696894,www\data\Map027.json,0,.json,utf-8-sig,kana,rpgmaker_map,95,$.events[4].pages[1].list[86].parameters[0],1,「い、いくっ……♥♥いくいく……♥♥」
T001472,B0003,D:\Dev\Desenvolvimento\Projetos\TradutorDGames\[Kimochi] RJ01696894,www\data\Map027.json,0,.json,utf-8-sig,cjk,rpgmaker_map,95,$.events[4].pages[1].list[88].parameters[0],1,PA_INIT 9 12 横 0
T001473,B0003,D:\Dev\Desenvolvimento\Projetos\TradutorDGames\[Kimochi] RJ01696894,www\data\Map027.json,0,.json,utf-8-sig,cjk,rpgmaker_map,95,$.events[4].pages[1].list[8].parameters[0],1,小林
T001474,B0003,D:\Dev\Desenvolvimento\Projetos\TradutorDGames\[Kimochi] RJ01696894,www\data\Map027.json,0,.json,utf-8-sig,cjk,rpgmaker_map,95,$.events[4].pages[1].list[96].parameters[0],1,小林
T001475,B0003,D:\Dev\Desenvolvimento\Projetos\TradutorDGames\[Kimochi] RJ01696894,www\data\Map027.json,0,.json,utf-8-sig,kana,rpgmaker_map,95,$.events[4].pages[1].list[97].parameters[0],1,「あぁぁっ……♥♥
T001476,B0003,D:\Dev\Desenvolvimento\Projetos\TradutorDGames\[Kimochi] RJ01696894,www\data\Map027.json,0,.json,utf-8-sig,kana,rpgmaker_map,95,$.events[4].pages[1].list[98].parameters[0],1,んんっ……あああぁっ……♥♥♥」
T001477,B0003,D:\Dev\Desenvolvimento\Projetos\TradutorDGames\[Kimochi] RJ01696894,www\data\Map027.json,0,.json,utf-8-sig,kana,rpgmaker_map,95,$.events[4].pages[1].list[9].parameters[0],1,「わ、わたしも……？
T001478,B0003,D:\Dev\Desenvolvimento\Projetos\TradutorDGames\[Kimochi] RJ01696894,www\data\Map028.json,0,.json,utf-8-sig,"cjk,kana",rpgmaker_map,95,$.events[1].pages[0].list[5].parameters[0],1,ここは田舎の学校というのもあるが、いつものような騒がしさは無く
T001479,B0003,D:\Dev\Desenvolvimento\Projetos\TradutorDGames\[Kimochi] RJ01696894,www\data\Map028.json,0,.json,utf-8-sig,"cjk,kana",rpgmaker_map,95,$.events[1].pages[0].list[6].parameters[0],1,静まり返っていた。
T001480,B0003,D:\Dev\Desenvolvimento\Projetos\TradutorDGames\[Kimochi] RJ01696894,www\data\Map028.json,0,.json,utf-8-sig,"cjk,kana",rpgmaker_map,95,$.events[1].pages[0].list[9].parameters[0],1,やはり夏休み中に学校へ来る人なんていないのだろうか。
T001481,B0003,D:\Dev\Desenvolvimento\Projetos\TradutorDGames\[Kimochi] RJ01696894,www\data\Map028.json,0,.json,utf-8-sig,"cjk,kana",rpgmaker_map,95,$.events[2].pages[0].list[8].parameters[0],1,D_TEXT  職員室へ 24
T001482,B0003,D:\Dev\Desenvolvimento\Projetos\TradutorDGames\[Kimochi] RJ01696894,www\data\Map028.json,0,.json,utf-8-sig,"cjk,kana",rpgmaker_map,95,$.events[4].pages[0].list[8].parameters[0],1,D_TEXT  図書室へ 24
T001483,B0003,D:\Dev\Desenvolvimento\Projetos\TradutorDGames\[Kimochi] RJ01696894,www\data\Map028.json,0,.json,utf-8-sig,"cjk,kana",rpgmaker_map,95,$.events[5].pages[0].list[0].parameters[0],1,ピクチャ番号　5　14
T001484,B0003,D:\Dev\Desenvolvimento\Projetos\TradutorDGames\[Kimochi] RJ01696894,www\data\Map028.json,0,.json,utf-8-sig,"cjk,kana",rpgmaker_map,95,$.events[5].pages[0].list[9].parameters[0],1,D_TEXT  体育館へ 24
T001485,B0003,D:\Dev\Desenvolvimento\Projetos\TradutorDGames\[Kimochi] RJ01696894,www\data\Map029.json,0,.json,utf-8-sig,"cjk,kana",rpgmaker_map,95,$.events[2].pages[0].list[12].parameters[0],1,僕の担任の 吉宮先生 だ。
T001486,B0003,D:\Dev\Desenvolvimento\Projetos\TradutorDGames\[Kimochi] RJ01696894,www\data\Map029.json,0,.json,utf-8-sig,kana,rpgmaker_map,95,$.events[2].pages[0].list[15].parameters[0],1,サツキ
T001487,B0003,D:\Dev\Desenvolvimento\Projetos\TradutorDGames\[Kimochi] RJ01696894,www\data\Map029.json,0,.json,utf-8-sig,"cjk,kana",rpgmaker_map,95,$.events[2].pages[0].list[16].parameters[0],1,「ちょうどよかった、いまから倉庫の
T001488,B0003,D:\Dev\Desenvolvimento\Projetos\TradutorDGames\[Kimochi] RJ01696894,www\data\Map029.json,0,.json,utf-8-sig,"cjk,kana",rpgmaker_map,95,$.events[2].pages[0].list[17].parameters[0],1,整理するから手伝ってくれ！」
T001489,B0003,D:\Dev\Desenvolvimento\Projetos\TradutorDGames\[Kimochi] RJ01696894,www\data\Map029.json,0,.json,utf-8-sig,kana,rpgmaker_map,95,$.events[2].pages[0].list[19].parameters[0],1,サツキ
T001490,B0003,D:\Dev\Desenvolvimento\Projetos\TradutorDGames\[Kimochi] RJ01696894,www\data\Map029.json,0,.json,utf-8-sig,"cjk,kana",rpgmaker_map,95,$.events[2].pages[0].list[20].parameters[0],1,「暑くて全くやる気が出なかったんだ！」
T001491,B0003,D:\Dev\Desenvolvimento\Projetos\TradutorDGames\[Kimochi] RJ01696894,www\data\Map029.json,0,.json,utf-8-sig,"cjk,kana",rpgmaker_map,95,$.events[2].pages[0].list[23].parameters[0],1,どうやらタイミングが悪かったようだ……。
T001492,B0003,D:\Dev\Desenvolvimento\Projetos\TradutorDGames\[Kimochi] RJ01696894,www\data\Map029.json,0,.json,utf-8-sig,"cjk,kana",rpgmaker_map,95,$.events[2].pages[0].list[30].parameters[0],1,僕は蒸し暑い倉庫の中で、だらだと汗を流しせっせと働いた。
T001493,B0003,D:\Dev\Desenvolvimento\Projetos\TradutorDGames\[Kimochi] RJ01696894,www\data\Map029.json,0,.json,utf-8-sig,kana,rpgmaker_map,95,$.events[2].pages[0].list[33].parameters[0],1,サツキ
T001494,B0003,D:\Dev\Desenvolvimento\Projetos\TradutorDGames\[Kimochi] RJ01696894,www\data\Map029.json,0,.json,utf-8-sig,"cjk,kana",rpgmaker_map,95,$.events[2].pages[0].list[34].parameters[0],1,「ふぅ……いやぁ本当に助かった！一人だと倒れてたかもな！
T001495,B0003,D:\Dev\Desenvolvimento\Projetos\TradutorDGames\[Kimochi] RJ01696894,www\data\Map029.json,0,.json,utf-8-sig,kana,rpgmaker_map,95,$.events[2].pages[0].list[35].parameters[0],1,ありがとう！！」
T001496,B0003,D:\Dev\Desenvolvimento\Projetos\TradutorDGames\[Kimochi] RJ01696894,www\data\Map029.json,0,.json,utf-8-sig,kana,rpgmaker_map,95,$.events[2].pages[0].list[38].parameters[0],1,サツキ
T001497,B0003,D:\Dev\Desenvolvimento\Projetos\TradutorDGames\[Kimochi] RJ01696894,www\data\Map029.json,0,.json,utf-8-sig,"cjk,kana",rpgmaker_map,95,$.events[2].pages[0].list[39].parameters[0],1,「ところで何か用事があって学校へ来たんじゃないのか？」
T001498,B0003,D:\Dev\Desenvolvimento\Projetos\TradutorDGames\[Kimochi] RJ01696894,www\data\Map029.json,0,.json,utf-8-sig,"cjk,kana",rpgmaker_map,95,$.events[2].pages[0].list[42].parameters[0],1,完全に忘れていた……。
T001499,B0003,D:\Dev\Desenvolvimento\Projetos\TradutorDGames\[Kimochi] RJ01696894,www\data\Map029.json,0,.json,utf-8-sig,"cjk,kana",rpgmaker_map,95,$.events[2].pages[0].list[43].parameters[0],1,僕はスマホを先生に向ける。
T001500,B0003,D:\Dev\Desenvolvimento\Projetos\TradutorDGames\[Kimochi] RJ01696894,www\data\Map029.json,0,.json,utf-8-sig,kana,rpgmaker_map,95,$.events[2].pages[0].list[46].parameters[0],1,サツキ
T001501,B0004,D:\Dev\Desenvolvimento\Projetos\TradutorDGames\[Kimochi] RJ01696894,www\data\Map029.json,0,.json,utf-8-sig,"cjk,kana",rpgmaker_map,95,$.events[2].pages[0].list[47].parameters[0],1,「ん、写真か？記念に撮っておくか
T001502,B0004,D:\Dev\Desenvolvimento\Projetos\TradutorDGames\[Kimochi] RJ01696894,www\data\Map029.json,0,.json,utf-8-sig,"cjk,kana",rpgmaker_map,95,$.events[2].pages[0].list[48].parameters[0],1,撮るなら綺麗に撮ってくれな」
T001503,B0004,D:\Dev\Desenvolvimento\Projetos\TradutorDGames\[Kimochi] RJ01696894,www\data\Map029.json,0,.json,utf-8-sig,"cjk,kana",rpgmaker_map,95,$.events[2].pages[0].list[53].parameters[0],1,僕は サツキ にアプリをつかった！
T001504,B0004,D:\Dev\Desenvolvimento\Projetos\TradutorDGames\[Kimochi] RJ01696894,www\data\Map029.json,0,.json,utf-8-sig,kana,rpgmaker_map,95,$.events[2].pages[0].list[60].parameters[0],1,サツキ
T001505,B0004,D:\Dev\Desenvolvimento\Projetos\TradutorDGames\[Kimochi] RJ01696894,www\data\Map029.json,0,.json,utf-8-sig,kana,rpgmaker_map,95,$.events[2].pages[0].list[61].parameters[0],1,「う……、んん……？」
T001506,B0004,D:\Dev\Desenvolvimento\Projetos\TradutorDGames\[Kimochi] RJ01696894,www\data\Map029.json,0,.json,utf-8-sig,kana,rpgmaker_map,95,$.events[2].pages[0].list[64].parameters[0],1,"サツキは ""にんしきかいへん"" された！"
T001507,B0004,D:\Dev\Desenvolvimento\Projetos\TradutorDGames\[Kimochi] RJ01696894,www\data\Map029.json,0,.json,utf-8-sig,kana,rpgmaker_map,95,$.events[2].pages[0].list[8].parameters[0],1,サツキ
T001508,B0004,D:\Dev\Desenvolvimento\Projetos\TradutorDGames\[Kimochi] RJ01696894,www\data\Map029.json,0,.json,utf-8-sig,kana,rpgmaker_map,95,$.events[2].pages[0].list[9].parameters[0],1,「おー！きたのか！」
T001509,B0004,D:\Dev\Desenvolvimento\Projetos\TradutorDGames\[Kimochi] RJ01696894,www\data\Map029.json,0,.json,utf-8-sig,kana,rpgmaker_map,95,$.events[2].pages[1].list[101].parameters[0],1,サツキ
T001510,B0004,D:\Dev\Desenvolvimento\Projetos\TradutorDGames\[Kimochi] RJ01696894,www\data\Map029.json,0,.json,utf-8-sig,kana,rpgmaker_map,95,$.events[2].pages[1].list[102].parameters[0],1,「あっ……ぁあっ……」
T001511,B0004,D:\Dev\Desenvolvimento\Projetos\TradutorDGames\[Kimochi] RJ01696894,www\data\Map029.json,0,.json,utf-8-sig,kana,rpgmaker_map,95,$.events[2].pages[1].list[112].parameters[0],1,サツキ
T001512,B0004,D:\Dev\Desenvolvimento\Projetos\TradutorDGames\[Kimochi] RJ01696894,www\data\Map029.json,0,.json,utf-8-sig,kana,rpgmaker_map,95,$.events[2].pages[1].list[113].parameters[0],1,「ふぅ……おつかれ……
T001513,B0004,D:\Dev\Desenvolvimento\Projetos\TradutorDGames\[Kimochi] RJ01696894,www\data\Map029.json,0,.json,utf-8-sig,"cjk,kana",rpgmaker_map,95,$.events[2].pages[1].list[114].parameters[0],1,いっぱい出せたな……！」
T001514,B0004,D:\Dev\Desenvolvimento\Projetos\TradutorDGames\[Kimochi] RJ01696894,www\data\Map029.json,0,.json,utf-8-sig,kana,rpgmaker_map,95,$.events[2].pages[1].list[117].parameters[0],1,サツキ
T001515,B0004,D:\Dev\Desenvolvimento\Projetos\TradutorDGames\[Kimochi] RJ01696894,www\data\Map029.json,0,.json,utf-8-sig,"cjk,kana",rpgmaker_map,95,$.events[2].pages[1].list[118].parameters[0],1,「これだけ出したら
T001516,B0004,D:\Dev\Desenvolvimento\Projetos\TradutorDGames\[Kimochi] RJ01696894,www\data\Map029.json,0,.json,utf-8-sig,"cjk,kana",rpgmaker_map,95,$.events[2].pages[1].list[119].parameters[0],1,妊娠は確実だろうな……」
T001517,B0004,D:\Dev\Desenvolvimento\Projetos\TradutorDGames\[Kimochi] RJ01696894,www\data\Map029.json,0,.json,utf-8-sig,"cjk,kana",rpgmaker_map,95,$.events[2].pages[1].list[123].parameters[0],1,僕は サツキ に種付けした！
T001518,B0004,D:\Dev\Desenvolvimento\Projetos\TradutorDGames\[Kimochi] RJ01696894,www\data\Map029.json,0,.json,utf-8-sig,kana,rpgmaker_map,95,$.events[2].pages[1].list[12].parameters[0],1,サツキ
T001519,B0004,D:\Dev\Desenvolvimento\Projetos\TradutorDGames\[Kimochi] RJ01696894,www\data\Map029.json,0,.json,utf-8-sig,kana,rpgmaker_map,95,$.events[2].pages[1].list[13].parameters[0],1,「あぁそうか……！
T001520,B0004,D:\Dev\Desenvolvimento\Projetos\TradutorDGames\[Kimochi] RJ01696894,www\data\Map029.json,0,.json,utf-8-sig,"cjk,kana",rpgmaker_map,95,$.events[2].pages[1].list[14].parameters[0],1,種付けしてもらうんだったな！」
T001521,B0004,D:\Dev\Desenvolvimento\Projetos\TradutorDGames\[Kimochi] RJ01696894,www\data\Map029.json,0,.json,utf-8-sig,kana,rpgmaker_map,95,$.events[2].pages[1].list[17].parameters[0],1,サツキ
T001522,B0004,D:\Dev\Desenvolvimento\Projetos\TradutorDGames\[Kimochi] RJ01696894,www\data\Map029.json,0,.json,utf-8-sig,"cjk,kana",rpgmaker_map,95,$.events[2].pages[1].list[18].parameters[0],1,「でも私、汗かいてて匂うかも……？
T001523,B0004,D:\Dev\Desenvolvimento\Projetos\TradutorDGames\[Kimochi] RJ01696894,www\data\Map029.json,0,.json,utf-8-sig,"cjk,kana",rpgmaker_map,95,$.events[2].pages[1].list[19].parameters[0],1,今のままで大丈夫か？また今度でも……」
T001524,B0004,D:\Dev\Desenvolvimento\Projetos\TradutorDGames\[Kimochi] RJ01696894,www\data\Map029.json,0,.json,utf-8-sig,cjk,rpgmaker_map,95,$.events[2].pages[1].list[22].parameters[0],1,PA_INIT 7 12 横 0
T001525,B0004,D:\Dev\Desenvolvimento\Projetos\TradutorDGames\[Kimochi] RJ01696894,www\data\Map029.json,0,.json,utf-8-sig,kana,rpgmaker_map,95,$.events[2].pages[1].list[30].parameters[0],1,サツキ
T001526,B0004,D:\Dev\Desenvolvimento\Projetos\TradutorDGames\[Kimochi] RJ01696894,www\data\Map029.json,0,.json,utf-8-sig,kana,rpgmaker_map,95,$.events[2].pages[1].list[31].parameters[0],1,「んっ……
T001527,B0004,D:\Dev\Desenvolvimento\Projetos\TradutorDGames\[Kimochi] RJ01696894,www\data\Map029.json,0,.json,utf-8-sig,kana,rpgmaker_map,95,$.events[2].pages[1].list[32].parameters[0],1,お……おぉっ…………」
T001528,B0004,D:\Dev\Desenvolvimento\Projetos\TradutorDGames\[Kimochi] RJ01696894,www\data\Map029.json,0,.json,utf-8-sig,kana,rpgmaker_map,95,$.events[2].pages[1].list[34].parameters[0],1,サツキ
T001529,B0004,D:\Dev\Desenvolvimento\Projetos\TradutorDGames\[Kimochi] RJ01696894,www\data\Map029.json,0,.json,utf-8-sig,"cjk,kana",rpgmaker_map,95,$.events[2].pages[1].list[35].parameters[0],1,「は、入っちゃったな……」
T001530,B0004,D:\Dev\Desenvolvimento\Projetos\TradutorDGames\[Kimochi] RJ01696894,www\data\Map029.json,0,.json,utf-8-sig,cjk,rpgmaker_map,95,$.events[2].pages[1].list[36].parameters[0],1,PA_INIT 4 12 横 0
T001531,B0004,D:\Dev\Desenvolvimento\Projetos\TradutorDGames\[Kimochi] RJ01696894,www\data\Map029.json,0,.json,utf-8-sig,kana,rpgmaker_map,95,$.events[2].pages[1].list[3].parameters[0],1,サツキ
T001532,B0004,D:\Dev\Desenvolvimento\Projetos\TradutorDGames\[Kimochi] RJ01696894,www\data\Map029.json,0,.json,utf-8-sig,kana,rpgmaker_map,95,$.events[2].pages[1].list[42].parameters[0],1,サツキ
T001533,B0004,D:\Dev\Desenvolvimento\Projetos\TradutorDGames\[Kimochi] RJ01696894,www\data\Map029.json,0,.json,utf-8-sig,kana,rpgmaker_map,95,$.events[2].pages[1].list[43].parameters[0],1,「んんっ…………」
T001534,B0004,D:\Dev\Desenvolvimento\Projetos\TradutorDGames\[Kimochi] RJ01696894,www\data\Map029.json,0,.json,utf-8-sig,kana,rpgmaker_map,95,$.events[2].pages[1].list[45].parameters[0],1,サツキ
T001535,B0004,D:\Dev\Desenvolvimento\Projetos\TradutorDGames\[Kimochi] RJ01696894,www\data\Map029.json,0,.json,utf-8-sig,"cjk,kana",rpgmaker_map,95,$.events[2].pages[1].list[46].parameters[0],1,「まさか自分の教え子に
T001536,B0004,D:\Dev\Desenvolvimento\Projetos\TradutorDGames\[Kimochi] RJ01696894,www\data\Map029.json,0,.json,utf-8-sig,"cjk,kana",rpgmaker_map,95,$.events[2].pages[1].list[47].parameters[0],1,種付けされる日が来るとはな……」
T001537,B0004,D:\Dev\Desenvolvimento\Projetos\TradutorDGames\[Kimochi] RJ01696894,www\data\Map029.json,0,.json,utf-8-sig,kana,rpgmaker_map,95,$.events[2].pages[1].list[49].parameters[0],1,サツキ
T001538,B0004,D:\Dev\Desenvolvimento\Projetos\TradutorDGames\[Kimochi] RJ01696894,www\data\Map029.json,0,.json,utf-8-sig,kana,rpgmaker_map,95,$.events[2].pages[1].list[4].parameters[0],1,「ん……？
T001539,B0004,D:\Dev\Desenvolvimento\Projetos\TradutorDGames\[Kimochi] RJ01696894,www\data\Map029.json,0,.json,utf-8-sig,"cjk,kana",rpgmaker_map,95,$.events[2].pages[1].list[50].parameters[0],1,「私の汗かかってないか……？
T001540,B0004,D:\Dev\Desenvolvimento\Projetos\TradutorDGames\[Kimochi] RJ01696894,www\data\Map029.json,0,.json,utf-8-sig,"cjk,kana",rpgmaker_map,95,$.events[2].pages[1].list[51].parameters[0],1,暑かったら無理しなくていいからな……？」
T001541,B0004,D:\Dev\Desenvolvimento\Projetos\TradutorDGames\[Kimochi] RJ01696894,www\data\Map029.json,0,.json,utf-8-sig,kana,rpgmaker_map,95,$.events[2].pages[1].list[53].parameters[0],1,サツキ
T001542,B0004,D:\Dev\Desenvolvimento\Projetos\TradutorDGames\[Kimochi] RJ01696894,www\data\Map029.json,0,.json,utf-8-sig,kana,rpgmaker_map,95,$.events[2].pages[1].list[54].parameters[0],1,「んっ…………ふぅ…………」
T001543,B0004,D:\Dev\Desenvolvimento\Projetos\TradutorDGames\[Kimochi] RJ01696894,www\data\Map029.json,0,.json,utf-8-sig,kana,rpgmaker_map,95,$.events[2].pages[1].list[56].parameters[0],1,サツキ
T001544,B0004,D:\Dev\Desenvolvimento\Projetos\TradutorDGames\[Kimochi] RJ01696894,www\data\Map029.json,0,.json,utf-8-sig,"cjk,kana",rpgmaker_map,95,$.events[2].pages[1].list[57].parameters[0],1,「そうそう、その調子……！」
T001545,B0004,D:\Dev\Desenvolvimento\Projetos\TradutorDGames\[Kimochi] RJ01696894,www\data\Map029.json,0,.json,utf-8-sig,kana,rpgmaker_map,95,$.events[2].pages[1].list[59].parameters[0],1,サツキ
T001546,B0004,D:\Dev\Desenvolvimento\Projetos\TradutorDGames\[Kimochi] RJ01696894,www\data\Map029.json,0,.json,utf-8-sig,"cjk,kana",rpgmaker_map,95,$.events[2].pages[1].list[5].parameters[0],1,あれ？私ぼーっとしてたか……？」
T001547,B0004,D:\Dev\Desenvolvimento\Projetos\TradutorDGames\[Kimochi] RJ01696894,www\data\Map029.json,0,.json,utf-8-sig,"cjk,kana",rpgmaker_map,95,$.events[2].pages[1].list[60].parameters[0],1,「なかなか上手いじゃないか？
T001548,B0004,D:\Dev\Desenvolvimento\Projetos\TradutorDGames\[Kimochi] RJ01696894,www\data\Map029.json,0,.json,utf-8-sig,"cjk,kana",rpgmaker_map,95,$.events[2].pages[1].list[61].parameters[0],1,他にも誰かに種付けしたのか？」
T001549,B0004,D:\Dev\Desenvolvimento\Projetos\TradutorDGames\[Kimochi] RJ01696894,www\data\Map029.json,0,.json,utf-8-sig,kana,rpgmaker_map,95,$.events[2].pages[1].list[63].parameters[0],1,サツキ
T001550,B0004,D:\Dev\Desenvolvimento\Projetos\TradutorDGames\[Kimochi] RJ01696894,www\data\Map029.json,0,.json,utf-8-sig,"cjk,kana",rpgmaker_map,95,$.events[2].pages[1].list[64].parameters[0],1,「お姉ちゃんと……？
T001551,B0004,D:\Dev\Desenvolvimento\Projetos\TradutorDGames\[Kimochi] RJ01696894,www\data\Map029.json,0,.json,utf-8-sig,kana,rpgmaker_map,95,$.events[2].pages[1].list[65].parameters[0],1,そ、そうか、それは…………」
T001552,B0004,D:\Dev\Desenvolvimento\Projetos\TradutorDGames\[Kimochi] RJ01696894,www\data\Map029.json,0,.json,utf-8-sig,kana,rpgmaker_map,95,$.events[2].pages[1].list[67].parameters[0],1,サツキ
T001553,B0004,D:\Dev\Desenvolvimento\Projetos\TradutorDGames\[Kimochi] RJ01696894,www\data\Map029.json,0,.json,utf-8-sig,kana,rpgmaker_map,95,$.events[2].pages[1].list[68].parameters[0],1,「……え、えらいな！」
T001554,B0004,D:\Dev\Desenvolvimento\Projetos\TradutorDGames\[Kimochi] RJ01696894,www\data\Map029.json,0,.json,utf-8-sig,kana,rpgmaker_map,95,$.events[2].pages[1].list[70].parameters[0],1,サツキ
T001555,B0004,D:\Dev\Desenvolvimento\Projetos\TradutorDGames\[Kimochi] RJ01696894,www\data\Map029.json,0,.json,utf-8-sig,"cjk,kana",rpgmaker_map,95,$.events[2].pages[1].list[71].parameters[0],1,「その調子で私にも種付け頑張ってくれ……」
T001556,B0004,D:\Dev\Desenvolvimento\Projetos\TradutorDGames\[Kimochi] RJ01696894,www\data\Map029.json,0,.json,utf-8-sig,cjk,rpgmaker_map,95,$.events[2].pages[1].list[72].parameters[0],1,PA_INIT 4 6 横 0
T001557,B0004,D:\Dev\Desenvolvimento\Projetos\TradutorDGames\[Kimochi] RJ01696894,www\data\Map029.json,0,.json,utf-8-sig,kana,rpgmaker_map,95,$.events[2].pages[1].list[78].parameters[0],1,サツキ
T001558,B0004,D:\Dev\Desenvolvimento\Projetos\TradutorDGames\[Kimochi] RJ01696894,www\data\Map029.json,0,.json,utf-8-sig,kana,rpgmaker_map,95,$.events[2].pages[1].list[79].parameters[0],1,「んっ、んっ……
T001559,B0004,D:\Dev\Desenvolvimento\Projetos\TradutorDGames\[Kimochi] RJ01696894,www\data\Map029.json,0,.json,utf-8-sig,kana,rpgmaker_map,95,$.events[2].pages[1].list[7].parameters[0],1,サツキ
T001560,B0004,D:\Dev\Desenvolvimento\Projetos\TradutorDGames\[Kimochi] RJ01696894,www\data\Map029.json,0,.json,utf-8-sig,kana,rpgmaker_map,95,$.events[2].pages[1].list[80].parameters[0],1,い、いいぞ……がんばれがんばれ……！」
T001561,B0004,D:\Dev\Desenvolvimento\Projetos\TradutorDGames\[Kimochi] RJ01696894,www\data\Map029.json,0,.json,utf-8-sig,kana,rpgmaker_map,95,$.events[2].pages[1].list[82].parameters[0],1,サツキ
T001562,B0004,D:\Dev\Desenvolvimento\Projetos\TradutorDGames\[Kimochi] RJ01696894,www\data\Map029.json,0,.json,utf-8-sig,kana,rpgmaker_map,95,$.events[2].pages[1].list[83].parameters[0],1,「ん……
T001563,B0004,D:\Dev\Desenvolvimento\Projetos\TradutorDGames\[Kimochi] RJ01696894,www\data\Map029.json,0,.json,utf-8-sig,"cjk,kana",rpgmaker_map,95,$.events[2].pages[1].list[84].parameters[0],1,そろそろ出そうか……？」
T001564,B0004,D:\Dev\Desenvolvimento\Projetos\TradutorDGames\[Kimochi] RJ01696894,www\data\Map029.json,0,.json,utf-8-sig,kana,rpgmaker_map,95,$.events[2].pages[1].list[86].parameters[0],1,サツキ
T001565,B0004,D:\Dev\Desenvolvimento\Projetos\TradutorDGames\[Kimochi] RJ01696894,www\data\Map029.json,0,.json,utf-8-sig,"cjk,kana",rpgmaker_map,95,$.events[2].pages[1].list[87].parameters[0],1,「いつでも出していいからな……！」
T001566,B0004,D:\Dev\Desenvolvimento\Projetos\TradutorDGames\[Kimochi] RJ01696894,www\data\Map029.json,0,.json,utf-8-sig,kana,rpgmaker_map,95,$.events[2].pages[1].list[89].parameters[0],1,サツキ
T001567,B0004,D:\Dev\Desenvolvimento\Projetos\TradutorDGames\[Kimochi] RJ01696894,www\data\Map029.json,0,.json,utf-8-sig,kana,rpgmaker_map,95,$.events[2].pages[1].list[8].parameters[0],1,「えーと
T001568,B0004,D:\Dev\Desenvolvimento\Projetos\TradutorDGames\[Kimochi] RJ01696894,www\data\Map029.json,0,.json,utf-8-sig,"cjk,kana",rpgmaker_map,95,$.events[2].pages[1].list[90].parameters[0],1,「たくさん射精してっ……！
T001569,B0004,D:\Dev\Desenvolvimento\Projetos\TradutorDGames\[Kimochi] RJ01696894,www\data\Map029.json,0,.json,utf-8-sig,"cjk,kana",rpgmaker_map,95,$.events[2].pages[1].list[91].parameters[0],1,しっかり先生を孕ませてくれ……！」
T001570,B0004,D:\Dev\Desenvolvimento\Projetos\TradutorDGames\[Kimochi] RJ01696894,www\data\Map029.json,0,.json,utf-8-sig,cjk,rpgmaker_map,95,$.events[2].pages[1].list[93].parameters[0],1,PA_INIT 9 12 横 0
T001571,B0004,D:\Dev\Desenvolvimento\Projetos\TradutorDGames\[Kimochi] RJ01696894,www\data\Map029.json,0,.json,utf-8-sig,"cjk,kana",rpgmaker_map,95,$.events[2].pages[1].list[9].parameters[0],1,何の話してたっけ……」
T001572,B0004,D:\Dev\Desenvolvimento\Projetos\TradutorDGames\[Kimochi] RJ01696894,www\data\Map032.json,0,.json,utf-8-sig,"cjk,kana",rpgmaker_map,95,$.events[1].pages[0].list[10].parameters[0],1,僕と同じクラスの モミジ ちゃんだ。
T001573,B0004,D:\Dev\Desenvolvimento\Projetos\TradutorDGames\[Kimochi] RJ01696894,www\data\Map032.json,0,.json,utf-8-sig,kana,rpgmaker_map,95,$.events[1].pages[0].list[13].parameters[0],1,モミジ
T001574,B0004,D:\Dev\Desenvolvimento\Projetos\TradutorDGames\[Kimochi] RJ01696894,www\data\Map032.json,0,.json,utf-8-sig,"cjk,kana",rpgmaker_map,95,$.events[1].pages[0].list[14].parameters[0],1,「あれ？　なんで夏休みなのに学校にいるの？」
T001575,B0004,D:\Dev\Desenvolvimento\Projetos\TradutorDGames\[Kimochi] RJ01696894,www\data\Map032.json,0,.json,utf-8-sig,kana,rpgmaker_map,95,$.events[1].pages[0].list[17].parameters[0],1,モミジ
T001576,B0004,D:\Dev\Desenvolvimento\Projetos\TradutorDGames\[Kimochi] RJ01696894,www\data\Map032.json,0,.json,utf-8-sig,"cjk,kana",rpgmaker_map,95,$.events[1].pages[0].list[18].parameters[0],1,「私はね、家のクーラーの調子が悪いんだよね
T001577,B0004,D:\Dev\Desenvolvimento\Projetos\TradutorDGames\[Kimochi] RJ01696894,www\data\Map032.json,0,.json,utf-8-sig,"cjk,kana",rpgmaker_map,95,$.events[1].pages[0].list[19].parameters[0],1,ここなら涼しいし」
T001578,B0004,D:\Dev\Desenvolvimento\Projetos\TradutorDGames\[Kimochi] RJ01696894,www\data\Map032.json,0,.json,utf-8-sig,"cjk,kana",rpgmaker_map,95,$.events[1].pages[0].list[23].parameters[0],1,僕は要件を伝える。
T001579,B0004,D:\Dev\Desenvolvimento\Projetos\TradutorDGames\[Kimochi] RJ01696894,www\data\Map032.json,0,.json,utf-8-sig,kana,rpgmaker_map,95,$.events[1].pages[0].list[26].parameters[0],1,モミジ
T001580,B0004,D:\Dev\Desenvolvimento\Projetos\TradutorDGames\[Kimochi] RJ01696894,www\data\Map032.json,0,.json,utf-8-sig,"cjk,kana",rpgmaker_map,95,$.events[1].pages[0].list[28].parameters[0],1,よくわかんないけど、危ないことじゃないならいいよ？」
T001581,B0004,D:\Dev\Desenvolvimento\Projetos\TradutorDGames\[Kimochi] RJ01696894,www\data\Map032.json,0,.json,utf-8-sig,"cjk,kana",rpgmaker_map,95,$.events[1].pages[0].list[34].parameters[0],1,僕は モミジ にアプリをつかった！
T001582,B0004,D:\Dev\Desenvolvimento\Projetos\TradutorDGames\[Kimochi] RJ01696894,www\data\Map032.json,0,.json,utf-8-sig,kana,rpgmaker_map,95,$.events[1].pages[0].list[41].parameters[0],1,モミジ
T001583,B0004,D:\Dev\Desenvolvimento\Projetos\TradutorDGames\[Kimochi] RJ01696894,www\data\Map032.json,0,.json,utf-8-sig,kana,rpgmaker_map,95,$.events[1].pages[0].list[42].parameters[0],1,「あ…………」
T001584,B0004,D:\Dev\Desenvolvimento\Projetos\TradutorDGames\[Kimochi] RJ01696894,www\data\Map032.json,0,.json,utf-8-sig,kana,rpgmaker_map,95,$.events[1].pages[0].list[45].parameters[0],1,"モミジは ""にんしきかいへん"" された！"
T001585,B0004,D:\Dev\Desenvolvimento\Projetos\TradutorDGames\[Kimochi] RJ01696894,www\data\Map032.json,0,.json,utf-8-sig,"cjk,kana",rpgmaker_map,95,$.events[1].pages[0].list[9].parameters[0],1,図書室の奥で静かに読書をしている人がいる。
T001586,B0004,D:\Dev\Desenvolvimento\Projetos\TradutorDGames\[Kimochi] RJ01696894,www\data\Map032.json,0,.json,utf-8-sig,kana,rpgmaker_map,95,$.events[1].pages[1].list[100].parameters[0],1,「んんっ……
T001587,B0004,D:\Dev\Desenvolvimento\Projetos\TradutorDGames\[Kimochi] RJ01696894,www\data\Map032.json,0,.json,utf-8-sig,kana,rpgmaker_map,95,$.events[1].pages[1].list[101].parameters[0],1,あっ……あぁっ……」
T001588,B0004,D:\Dev\Desenvolvimento\Projetos\TradutorDGames\[Kimochi] RJ01696894,www\data\Map032.json,0,.json,utf-8-sig,kana,rpgmaker_map,95,$.events[1].pages[1].list[112].parameters[0],1,モミジ
T001589,B0004,D:\Dev\Desenvolvimento\Projetos\TradutorDGames\[Kimochi] RJ01696894,www\data\Map032.json,0,.json,utf-8-sig,"cjk,kana",rpgmaker_map,95,$.events[1].pages[1].list[113].parameters[0],1,「な、なんか……すごい気持ちよかった……」
T001590,B0004,D:\Dev\Desenvolvimento\Projetos\TradutorDGames\[Kimochi] RJ01696894,www\data\Map032.json,0,.json,utf-8-sig,kana,rpgmaker_map,95,$.events[1].pages[1].list[116].parameters[0],1,モミジ
T001591,B0004,D:\Dev\Desenvolvimento\Projetos\TradutorDGames\[Kimochi] RJ01696894,www\data\Map032.json,0,.json,utf-8-sig,kana,rpgmaker_map,95,$.events[1].pages[1].list[117].parameters[0],1,「うぅ……なにこのどろどろ……？
T001592,B0004,D:\Dev\Desenvolvimento\Projetos\TradutorDGames\[Kimochi] RJ01696894,www\data\Map032.json,0,.json,utf-8-sig,kana,rpgmaker_map,95,$.events[1].pages[1].list[118].parameters[0],1,あったかい……」
T001593,B0004,D:\Dev\Desenvolvimento\Projetos\TradutorDGames\[Kimochi] RJ01696894,www\data\Map032.json,0,.json,utf-8-sig,kana,rpgmaker_map,95,$.events[1].pages[1].list[120].parameters[0],1,モミジ
T001594,B0004,D:\Dev\Desenvolvimento\Projetos\TradutorDGames\[Kimochi] RJ01696894,www\data\Map032.json,0,.json,utf-8-sig,"cjk,kana",rpgmaker_map,95,$.events[1].pages[1].list[121].parameters[0],1,「え？これが赤ちゃんになるの……？」
T001595,B0004,D:\Dev\Desenvolvimento\Projetos\TradutorDGames\[Kimochi] RJ01696894,www\data\Map032.json,0,.json,utf-8-sig,kana,rpgmaker_map,95,$.events[1].pages[1].list[123].parameters[0],1,モミジ
T001596,B0004,D:\Dev\Desenvolvimento\Projetos\TradutorDGames\[Kimochi] RJ01696894,www\data\Map032.json,0,.json,utf-8-sig,"cjk,kana",rpgmaker_map,95,$.events[1].pages[1].list[124].parameters[0],1,「これで種付け完了なんだ……
T001597,B0004,D:\Dev\Desenvolvimento\Projetos\TradutorDGames\[Kimochi] RJ01696894,www\data\Map032.json,0,.json,utf-8-sig,kana,rpgmaker_map,95,$.events[1].pages[1].list[125].parameters[0],1,へー……」
T001598,B0004,D:\Dev\Desenvolvimento\Projetos\TradutorDGames\[Kimochi] RJ01696894,www\data\Map032.json,0,.json,utf-8-sig,kana,rpgmaker_map,95,$.events[1].pages[1].list[128].parameters[0],1,モミジ
T001599,B0004,D:\Dev\Desenvolvimento\Projetos\TradutorDGames\[Kimochi] RJ01696894,www\data\Map032.json,0,.json,utf-8-sig,kana,rpgmaker_map,95,$.events[1].pages[1].list[12].parameters[0],1,モミジ
T001600,B0004,D:\Dev\Desenvolvimento\Projetos\TradutorDGames\[Kimochi] RJ01696894,www\data\Map032.json,0,.json,utf-8-sig,kana,rpgmaker_map,95,$.events[1].pages[1].list[132].parameters[0],1,モミジ
T001601,B0004,D:\Dev\Desenvolvimento\Projetos\TradutorDGames\[Kimochi] RJ01696894,www\data\Map032.json,0,.json,utf-8-sig,kana,rpgmaker_map,95,$.events[1].pages[1].list[133].parameters[0],1,「……ね、ねえ？
T001602,B0004,D:\Dev\Desenvolvimento\Projetos\TradutorDGames\[Kimochi] RJ01696894,www\data\Map032.json,0,.json,utf-8-sig,"cjk,kana",rpgmaker_map,95,$.events[1].pages[1].list[134].parameters[0],1,また今度これ……やらない？
T001603,B0004,D:\Dev\Desenvolvimento\Projetos\TradutorDGames\[Kimochi] RJ01696894,www\data\Map032.json,0,.json,utf-8-sig,"cjk,kana",rpgmaker_map,95,$.events[1].pages[1].list[135].parameters[0],1,嫌だったらいいけど……」
T001604,B0004,D:\Dev\Desenvolvimento\Projetos\TradutorDGames\[Kimochi] RJ01696894,www\data\Map032.json,0,.json,utf-8-sig,"cjk,kana",rpgmaker_map,95,$.events[1].pages[1].list[139].parameters[0],1,僕は モミジ に種付けした！
T001605,B0004,D:\Dev\Desenvolvimento\Projetos\TradutorDGames\[Kimochi] RJ01696894,www\data\Map032.json,0,.json,utf-8-sig,"cjk,kana",rpgmaker_map,95,$.events[1].pages[1].list[13].parameters[0],1,「私やり方分からないけど大丈夫？」
T001606,B0004,D:\Dev\Desenvolvimento\Projetos\TradutorDGames\[Kimochi] RJ01696894,www\data\Map032.json,0,.json,utf-8-sig,cjk,rpgmaker_map,95,$.events[1].pages[1].list[16].parameters[0],1,PA_INIT 7 12 横 0
T001607,B0004,D:\Dev\Desenvolvimento\Projetos\TradutorDGames\[Kimochi] RJ01696894,www\data\Map032.json,0,.json,utf-8-sig,kana,rpgmaker_map,95,$.events[1].pages[1].list[20].parameters[0],1,モミジ
T001608,B0004,D:\Dev\Desenvolvimento\Projetos\TradutorDGames\[Kimochi] RJ01696894,www\data\Map032.json,0,.json,utf-8-sig,kana,rpgmaker_map,95,$.events[1].pages[1].list[21].parameters[0],1,「こ、こうしてればいいの……？」
T001609,B0004,D:\Dev\Desenvolvimento\Projetos\TradutorDGames\[Kimochi] RJ01696894,www\data\Map032.json,0,.json,utf-8-sig,kana,rpgmaker_map,95,$.events[1].pages[1].list[23].parameters[0],1,モミジ
T001610,B0004,D:\Dev\Desenvolvimento\Projetos\TradutorDGames\[Kimochi] RJ01696894,www\data\Map032.json,0,.json,utf-8-sig,kana,rpgmaker_map,95,$.events[1].pages[1].list[24].parameters[0],1,「あ、お、おちんちん……？
T001611,B0004,D:\Dev\Desenvolvimento\Projetos\TradutorDGames\[Kimochi] RJ01696894,www\data\Map032.json,0,.json,utf-8-sig,kana,rpgmaker_map,95,$.events[1].pages[1].list[25].parameters[0],1,ここにいれるの……？」
T001612,B0004,D:\Dev\Desenvolvimento\Projetos\TradutorDGames\[Kimochi] RJ01696894,www\data\Map032.json,0,.json,utf-8-sig,kana,rpgmaker_map,95,$.events[1].pages[1].list[27].parameters[0],1,モミジ
T001613,B0004,D:\Dev\Desenvolvimento\Projetos\TradutorDGames\[Kimochi] RJ01696894,www\data\Map032.json,0,.json,utf-8-sig,kana,rpgmaker_map,95,$.events[1].pages[1].list[28].parameters[0],1,「こ、これさ……
T001614,B0004,D:\Dev\Desenvolvimento\Projetos\TradutorDGames\[Kimochi] RJ01696894,www\data\Map032.json,0,.json,utf-8-sig,"cjk,kana",rpgmaker_map,95,$.events[1].pages[1].list[29].parameters[0],1,大人の人がやるやつ……じゃない？」
T001615,B0004,D:\Dev\Desenvolvimento\Projetos\TradutorDGames\[Kimochi] RJ01696894,www\data\Map032.json,0,.json,utf-8-sig,kana,rpgmaker_map,95,$.events[1].pages[1].list[31].parameters[0],1,モミジ
T001616,B0004,D:\Dev\Desenvolvimento\Projetos\TradutorDGames\[Kimochi] RJ01696894,www\data\Map032.json,0,.json,utf-8-sig,kana,rpgmaker_map,95,$.events[1].pages[1].list[32].parameters[0],1,「なんか……
T001617,B0004,D:\Dev\Desenvolvimento\Projetos\TradutorDGames\[Kimochi] RJ01696894,www\data\Map032.json,0,.json,utf-8-sig,"cjk,kana",rpgmaker_map,95,$.events[1].pages[1].list[33].parameters[0],1,やったら、ダメな気が……」
T001618,B0004,D:\Dev\Desenvolvimento\Projetos\TradutorDGames\[Kimochi] RJ01696894,www\data\Map032.json,0,.json,utf-8-sig,kana,rpgmaker_map,95,$.events[1].pages[1].list[38].parameters[0],1,モミジ
T001619,B0004,D:\Dev\Desenvolvimento\Projetos\TradutorDGames\[Kimochi] RJ01696894,www\data\Map032.json,0,.json,utf-8-sig,kana,rpgmaker_map,95,$.events[1].pages[1].list[39].parameters[0],1,「あっ……いっ……！」
T001620,B0004,D:\Dev\Desenvolvimento\Projetos\TradutorDGames\[Kimochi] RJ01696894,www\data\Map032.json,0,.json,utf-8-sig,kana,rpgmaker_map,95,$.events[1].pages[1].list[3].parameters[0],1,モミジ
T001621,B0004,D:\Dev\Desenvolvimento\Projetos\TradutorDGames\[Kimochi] RJ01696894,www\data\Map032.json,0,.json,utf-8-sig,kana,rpgmaker_map,95,$.events[1].pages[1].list[41].parameters[0],1,モミジ
T001622,B0004,D:\Dev\Desenvolvimento\Projetos\TradutorDGames\[Kimochi] RJ01696894,www\data\Map032.json,0,.json,utf-8-sig,"cjk,kana",rpgmaker_map,95,$.events[1].pages[1].list[42].parameters[0],1,「は……入っ……ちゃった……！」
T001623,B0004,D:\Dev\Desenvolvimento\Projetos\TradutorDGames\[Kimochi] RJ01696894,www\data\Map032.json,0,.json,utf-8-sig,kana,rpgmaker_map,95,$.events[1].pages[1].list[44].parameters[0],1,モミジ
T001624,B0004,D:\Dev\Desenvolvimento\Projetos\TradutorDGames\[Kimochi] RJ01696894,www\data\Map032.json,0,.json,utf-8-sig,"cjk,kana",rpgmaker_map,95,$.events[1].pages[1].list[45].parameters[0],1,「痛くは……無いけど……
T001625,B0004,D:\Dev\Desenvolvimento\Projetos\TradutorDGames\[Kimochi] RJ01696894,www\data\Map032.json,0,.json,utf-8-sig,kana,rpgmaker_map,95,$.events[1].pages[1].list[46].parameters[0],1,なんかへんなかんじ……？」
T001626,B0004,D:\Dev\Desenvolvimento\Projetos\TradutorDGames\[Kimochi] RJ01696894,www\data\Map032.json,0,.json,utf-8-sig,cjk,rpgmaker_map,95,$.events[1].pages[1].list[47].parameters[0],1,PA_INIT 4 12 横 0
T001627,B0004,D:\Dev\Desenvolvimento\Projetos\TradutorDGames\[Kimochi] RJ01696894,www\data\Map032.json,0,.json,utf-8-sig,kana,rpgmaker_map,95,$.events[1].pages[1].list[53].parameters[0],1,モミジ
T001628,B0004,D:\Dev\Desenvolvimento\Projetos\TradutorDGames\[Kimochi] RJ01696894,www\data\Map032.json,0,.json,utf-8-sig,kana,rpgmaker_map,95,$.events[1].pages[1].list[54].parameters[0],1,「なっ……、あっ、あぁっ……」
T001629,B0004,D:\Dev\Desenvolvimento\Projetos\TradutorDGames\[Kimochi] RJ01696894,www\data\Map032.json,0,.json,utf-8-sig,kana,rpgmaker_map,95,$.events[1].pages[1].list[56].parameters[0],1,モミジ
T001630,B0004,D:\Dev\Desenvolvimento\Projetos\TradutorDGames\[Kimochi] RJ01696894,www\data\Map032.json,0,.json,utf-8-sig,kana,rpgmaker_map,95,$.events[1].pages[1].list[57].parameters[0],1,「なっ……なにこれっ……
T001631,B0004,D:\Dev\Desenvolvimento\Projetos\TradutorDGames\[Kimochi] RJ01696894,www\data\Map032.json,0,.json,utf-8-sig,kana,rpgmaker_map,95,$.events[1].pages[1].list[58].parameters[0],1,なんかっ……これっ……！」
T001632,B0004,D:\Dev\Desenvolvimento\Projetos\TradutorDGames\[Kimochi] RJ01696894,www\data\Map032.json,0,.json,utf-8-sig,kana,rpgmaker_map,95,$.events[1].pages[1].list[60].parameters[0],1,モミジ
T001633,B0004,D:\Dev\Desenvolvimento\Projetos\TradutorDGames\[Kimochi] RJ01696894,www\data\Map032.json,0,.json,utf-8-sig,"cjk,kana",rpgmaker_map,95,$.events[1].pages[1].list[61].parameters[0],1,「へんなっ……感覚が……
T001634,B0004,D:\Dev\Desenvolvimento\Projetos\TradutorDGames\[Kimochi] RJ01696894,www\data\Map032.json,0,.json,utf-8-sig,kana,rpgmaker_map,95,$.events[1].pages[1].list[62].parameters[0],1,のぼってくるような……」
T001635,B0004,D:\Dev\Desenvolvimento\Projetos\TradutorDGames\[Kimochi] RJ01696894,www\data\Map032.json,0,.json,utf-8-sig,kana,rpgmaker_map,95,$.events[1].pages[1].list[64].parameters[0],1,モミジ
T001636,B0004,D:\Dev\Desenvolvimento\Projetos\TradutorDGames\[Kimochi] RJ01696894,www\data\Map032.json,0,.json,utf-8-sig,kana,rpgmaker_map,95,$.events[1].pages[1].list[65].parameters[0],1,「いっ……あっ……
T001637,B0004,D:\Dev\Desenvolvimento\Projetos\TradutorDGames\[Kimochi] RJ01696894,www\data\Map032.json,0,.json,utf-8-sig,kana,rpgmaker_map,95,$.events[1].pages[1].list[66].parameters[0],1,あぁっ……」
T001638,B0004,D:\Dev\Desenvolvimento\Projetos\TradutorDGames\[Kimochi] RJ01696894,www\data\Map032.json,0,.json,utf-8-sig,kana,rpgmaker_map,95,$.events[1].pages[1].list[68].parameters[0],1,モミジ
T001639,B0004,D:\Dev\Desenvolvimento\Projetos\TradutorDGames\[Kimochi] RJ01696894,www\data\Map032.json,0,.json,utf-8-sig,"cjk,kana",rpgmaker_map,95,$.events[1].pages[1].list[69].parameters[0],1,「おなか……押されるの……
T001640,B0004,D:\Dev\Desenvolvimento\Projetos\TradutorDGames\[Kimochi] RJ01696894,www\data\Map032.json,0,.json,utf-8-sig,kana,rpgmaker_map,95,$.events[1].pages[1].list[70].parameters[0],1,きもちいいかも……？」
T001641,B0004,D:\Dev\Desenvolvimento\Projetos\TradutorDGames\[Kimochi] RJ01696894,www\data\Map032.json,0,.json,utf-8-sig,cjk,rpgmaker_map,95,$.events[1].pages[1].list[71].parameters[0],1,PA_INIT 4 6 横 0
T001642,B0004,D:\Dev\Desenvolvimento\Projetos\TradutorDGames\[Kimochi] RJ01696894,www\data\Map032.json,0,.json,utf-8-sig,kana,rpgmaker_map,95,$.events[1].pages[1].list[77].parameters[0],1,モミジ
T001643,B0004,D:\Dev\Desenvolvimento\Projetos\TradutorDGames\[Kimochi] RJ01696894,www\data\Map032.json,0,.json,utf-8-sig,kana,rpgmaker_map,95,$.events[1].pages[1].list[78].parameters[0],1,「なっ……あぁっ……！」
T001644,B0004,D:\Dev\Desenvolvimento\Projetos\TradutorDGames\[Kimochi] RJ01696894,www\data\Map032.json,0,.json,utf-8-sig,kana,rpgmaker_map,95,$.events[1].pages[1].list[7].parameters[0],1,モミジ
T001645,B0004,D:\Dev\Desenvolvimento\Projetos\TradutorDGames\[Kimochi] RJ01696894,www\data\Map032.json,0,.json,utf-8-sig,kana,rpgmaker_map,95,$.events[1].pages[1].list[80].parameters[0],1,モミジ
T001646,B0004,D:\Dev\Desenvolvimento\Projetos\TradutorDGames\[Kimochi] RJ01696894,www\data\Map032.json,0,.json,utf-8-sig,kana,rpgmaker_map,95,$.events[1].pages[1].list[81].parameters[0],1,「だ、だめっ……！
T001647,B0004,D:\Dev\Desenvolvimento\Projetos\TradutorDGames\[Kimochi] RJ01696894,www\data\Map032.json,0,.json,utf-8-sig,kana,rpgmaker_map,95,$.events[1].pages[1].list[82].parameters[0],1,なんかこれ……、おかしいっ……！？」
T001648,B0004,D:\Dev\Desenvolvimento\Projetos\TradutorDGames\[Kimochi] RJ01696894,www\data\Map032.json,0,.json,utf-8-sig,kana,rpgmaker_map,95,$.events[1].pages[1].list[84].parameters[0],1,モミジ
T001649,B0004,D:\Dev\Desenvolvimento\Projetos\TradutorDGames\[Kimochi] RJ01696894,www\data\Map032.json,0,.json,utf-8-sig,kana,rpgmaker_map,95,$.events[1].pages[1].list[85].parameters[0],1,「な、なんか……きちゃう……！
T001650,B0004,D:\Dev\Desenvolvimento\Projetos\TradutorDGames\[Kimochi] RJ01696894,www\data\Map032.json,0,.json,utf-8-sig,kana,rpgmaker_map,95,$.events[1].pages[1].list[86].parameters[0],1,きもちいいのきちゃう……！？」
T001651,B0004,D:\Dev\Desenvolvimento\Projetos\TradutorDGames\[Kimochi] RJ01696894,www\data\Map032.json,0,.json,utf-8-sig,kana,rpgmaker_map,95,$.events[1].pages[1].list[88].parameters[0],1,モミジ
T001652,B0004,D:\Dev\Desenvolvimento\Projetos\TradutorDGames\[Kimochi] RJ01696894,www\data\Map032.json,0,.json,utf-8-sig,kana,rpgmaker_map,95,$.events[1].pages[1].list[89].parameters[0],1,「あっ……！いぁっ……！？」
T001653,B0004,D:\Dev\Desenvolvimento\Projetos\TradutorDGames\[Kimochi] RJ01696894,www\data\Map032.json,0,.json,utf-8-sig,"cjk,kana",rpgmaker_map,95,$.events[1].pages[1].list[8].parameters[0],1,「えーと、わたしもその種付け……？
T001654,B0004,D:\Dev\Desenvolvimento\Projetos\TradutorDGames\[Kimochi] RJ01696894,www\data\Map032.json,0,.json,utf-8-sig,cjk,rpgmaker_map,95,$.events[1].pages[1].list[91].parameters[0],1,PA_INIT 9 12 横 0
T001655,B0004,D:\Dev\Desenvolvimento\Projetos\TradutorDGames\[Kimochi] RJ01696894,www\data\Map032.json,0,.json,utf-8-sig,kana,rpgmaker_map,95,$.events[1].pages[1].list[99].parameters[0],1,モミジ
T001656,B0004,D:\Dev\Desenvolvimento\Projetos\TradutorDGames\[Kimochi] RJ01696894,www\data\Map032.json,0,.json,utf-8-sig,"cjk,kana",rpgmaker_map,95,$.events[1].pages[1].list[9].parameters[0],1,に協力しないといけないんだよね？」
T001657,B0004,D:\Dev\Desenvolvimento\Projetos\TradutorDGames\[Kimochi] RJ01696894,www\data\Map034.json,0,.json,utf-8-sig,kana,rpgmaker_map,95,$.events[1].pages[0].list[12].parameters[0],1,ナツメ
T001658,B0004,D:\Dev\Desenvolvimento\Projetos\TradutorDGames\[Kimochi] RJ01696894,www\data\Map034.json,0,.json,utf-8-sig,kana,rpgmaker_map,95,$.events[1].pages[0].list[13].parameters[0],1,「んー？なにー？」
T001659,B0004,D:\Dev\Desenvolvimento\Projetos\TradutorDGames\[Kimochi] RJ01696894,www\data\Map034.json,0,.json,utf-8-sig,kana,rpgmaker_map,95,$.events[1].pages[0].list[16].parameters[0],1,ナツメ
T001660,B0004,D:\Dev\Desenvolvimento\Projetos\TradutorDGames\[Kimochi] RJ01696894,www\data\Map034.json,0,.json,utf-8-sig,"cjk,kana",rpgmaker_map,95,$.events[1].pages[0].list[17].parameters[0],1,「アプリ？またへんなもの見つけてきたな……？」
T001661,B0004,D:\Dev\Desenvolvimento\Projetos\TradutorDGames\[Kimochi] RJ01696894,www\data\Map034.json,0,.json,utf-8-sig,kana,rpgmaker_map,95,$.events[1].pages[0].list[20].parameters[0],1,ナツメ
T001662,B0004,D:\Dev\Desenvolvimento\Projetos\TradutorDGames\[Kimochi] RJ01696894,www\data\Map034.json,0,.json,utf-8-sig,kana,rpgmaker_map,95,$.events[1].pages[0].list[21].parameters[0],1,「まあいいけど……」
T001663,B0004,D:\Dev\Desenvolvimento\Projetos\TradutorDGames\[Kimochi] RJ01696894,www\data\Map034.json,0,.json,utf-8-sig,"cjk,kana",rpgmaker_map,95,$.events[1].pages[0].list[26].parameters[0],1,僕は ナツメ にアプリをつかった！
T001664,B0004,D:\Dev\Desenvolvimento\Projetos\TradutorDGames\[Kimochi] RJ01696894,www\data\Map034.json,0,.json,utf-8-sig,kana,rpgmaker_map,95,$.events[1].pages[0].list[33].parameters[0],1,ナツメ
T001665,B0004,D:\Dev\Desenvolvimento\Projetos\TradutorDGames\[Kimochi] RJ01696894,www\data\Map034.json,0,.json,utf-8-sig,kana,rpgmaker_map,95,$.events[1].pages[0].list[37].parameters[0],1,ナツメは にんしきかいへん された！
T001666,B0004,D:\Dev\Desenvolvimento\Projetos\TradutorDGames\[Kimochi] RJ01696894,www\data\Map034.json,0,.json,utf-8-sig,"cjk,kana",rpgmaker_map,95,$.events[1].pages[0].list[8].parameters[0],1,姉の部屋にいくと部活から
T001667,B0004,D:\Dev\Desenvolvimento\Projetos\TradutorDGames\[Kimochi] RJ01696894,www\data\Map034.json,0,.json,utf-8-sig,"cjk,kana",rpgmaker_map,95,$.events[1].pages[0].list[9].parameters[0],1,帰ってきたばかりの姉がいた。
T001668,B0004,D:\Dev\Desenvolvimento\Projetos\TradutorDGames\[Kimochi] RJ01696894,www\data\Map034.json,0,.json,utf-8-sig,kana,rpgmaker_map,95,$.events[1].pages[1].list[100].parameters[0],1,「こうやっておちんちんを……
T001669,B0004,D:\Dev\Desenvolvimento\Projetos\TradutorDGames\[Kimochi] RJ01696894,www\data\Map034.json,0,.json,utf-8-sig,"cjk,kana",rpgmaker_map,95,$.events[1].pages[1].list[101].parameters[0],1,おまんこに入れて擦るだけだからっ……」
T001670,B0004,D:\Dev\Desenvolvimento\Projetos\TradutorDGames\[Kimochi] RJ01696894,www\data\Map034.json,0,.json,utf-8-sig,kana,rpgmaker_map,95,$.events[1].pages[1].list[103].parameters[0],1,ナツメ
T001671,B0004,D:\Dev\Desenvolvimento\Projetos\TradutorDGames\[Kimochi] RJ01696894,www\data\Map034.json,0,.json,utf-8-sig,"cjk,kana",rpgmaker_map,95,$.events[1].pages[1].list[104].parameters[0],1,「あとは気持ちよくなってっ……
T001672,B0004,D:\Dev\Desenvolvimento\Projetos\TradutorDGames\[Kimochi] RJ01696894,www\data\Map034.json,0,.json,utf-8-sig,kana,rpgmaker_map,95,$.events[1].pages[1].list[105].parameters[0],1,んっ……」
T001673,B0004,D:\Dev\Desenvolvimento\Projetos\TradutorDGames\[Kimochi] RJ01696894,www\data\Map034.json,0,.json,utf-8-sig,kana,rpgmaker_map,95,$.events[1].pages[1].list[107].parameters[0],1,ナツメ
T001674,B0004,D:\Dev\Desenvolvimento\Projetos\TradutorDGames\[Kimochi] RJ01696894,www\data\Map034.json,0,.json,utf-8-sig,"cjk,kana",rpgmaker_map,95,$.events[1].pages[1].list[108].parameters[0],1,「お腹の中に
T001675,B0004,D:\Dev\Desenvolvimento\Projetos\TradutorDGames\[Kimochi] RJ01696894,www\data\Map034.json,0,.json,utf-8-sig,"cjk,kana",rpgmaker_map,95,$.events[1].pages[1].list[109].parameters[0],1,せーしを出すだけだからっ……」
T001676,B0004,D:\Dev\Desenvolvimento\Projetos\TradutorDGames\[Kimochi] RJ01696894,www\data\Map034.json,0,.json,utf-8-sig,cjk,rpgmaker_map,95,$.events[1].pages[1].list[110].parameters[0],1,PA_INIT 4 6 横 0
T001677,B0004,D:\Dev\Desenvolvimento\Projetos\TradutorDGames\[Kimochi] RJ01696894,www\data\Map034.json,0,.json,utf-8-sig,kana,rpgmaker_map,95,$.events[1].pages[1].list[116].parameters[0],1,ナツメ
T001678,B0004,D:\Dev\Desenvolvimento\Projetos\TradutorDGames\[Kimochi] RJ01696894,www\data\Map034.json,0,.json,utf-8-sig,kana,rpgmaker_map,95,$.events[1].pages[1].list[117].parameters[0],1,「ど、どう……？でそう……？」
T001679,B0004,D:\Dev\Desenvolvimento\Projetos\TradutorDGames\[Kimochi] RJ01696894,www\data\Map034.json,0,.json,utf-8-sig,kana,rpgmaker_map,95,$.events[1].pages[1].list[119].parameters[0],1,ナツメ
T001680,B0004,D:\Dev\Desenvolvimento\Projetos\TradutorDGames\[Kimochi] RJ01696894,www\data\Map034.json,0,.json,utf-8-sig,kana,rpgmaker_map,95,$.events[1].pages[1].list[120].parameters[0],1,「でそうなら……！
T001681,B0004,D:\Dev\Desenvolvimento\Projetos\TradutorDGames\[Kimochi] RJ01696894,www\data\Map034.json,0,.json,utf-8-sig,"cjk,kana",rpgmaker_map,95,$.events[1].pages[1].list[121].parameters[0],1,そのまま中にだしてっ……」
T001682,B0004,D:\Dev\Desenvolvimento\Projetos\TradutorDGames\[Kimochi] RJ01696894,www\data\Map034.json,0,.json,utf-8-sig,kana,rpgmaker_map,95,$.events[1].pages[1].list[123].parameters[0],1,ナツメ
T001683,B0004,D:\Dev\Desenvolvimento\Projetos\TradutorDGames\[Kimochi] RJ01696894,www\data\Map034.json,0,.json,utf-8-sig,kana,rpgmaker_map,95,$.events[1].pages[1].list[124].parameters[0],1,「んっ……んっ……」
T001684,B0004,D:\Dev\Desenvolvimento\Projetos\TradutorDGames\[Kimochi] RJ01696894,www\data\Map034.json,0,.json,utf-8-sig,cjk,rpgmaker_map,95,$.events[1].pages[1].list[126].parameters[0],1,PA_INIT 8 12 横 0
T001685,B0004,D:\Dev\Desenvolvimento\Projetos\TradutorDGames\[Kimochi] RJ01696894,www\data\Map034.json,0,.json,utf-8-sig,kana,rpgmaker_map,95,$.events[1].pages[1].list[12].parameters[0],1,ナツメ
T001686,B0004,D:\Dev\Desenvolvimento\Projetos\TradutorDGames\[Kimochi] RJ01696894,www\data\Map034.json,0,.json,utf-8-sig,kana,rpgmaker_map,95,$.events[1].pages[1].list[134].parameters[0],1,ナツメ
T001687,B0004,D:\Dev\Desenvolvimento\Projetos\TradutorDGames\[Kimochi] RJ01696894,www\data\Map034.json,0,.json,utf-8-sig,kana,rpgmaker_map,95,$.events[1].pages[1].list[135].parameters[0],1,「んっ……あぁっ……」
T001688,B0004,D:\Dev\Desenvolvimento\Projetos\TradutorDGames\[Kimochi] RJ01696894,www\data\Map034.json,0,.json,utf-8-sig,"cjk,kana",rpgmaker_map,95,$.events[1].pages[1].list[13].parameters[0],1,「私があんたに ”種付け”
T001689,B0004,D:\Dev\Desenvolvimento\Projetos\TradutorDGames\[Kimochi] RJ01696894,www\data\Map034.json,0,.json,utf-8-sig,kana,rpgmaker_map,95,$.events[1].pages[1].list[146].parameters[0],1,ナツメ
T001690,B0004,D:\Dev\Desenvolvimento\Projetos\TradutorDGames\[Kimochi] RJ01696894,www\data\Map034.json,0,.json,utf-8-sig,kana,rpgmaker_map,95,$.events[1].pages[1].list[147].parameters[0],1,「はぁ……ふぅ……
T001691,B0004,D:\Dev\Desenvolvimento\Projetos\TradutorDGames\[Kimochi] RJ01696894,www\data\Map034.json,0,.json,utf-8-sig,kana,rpgmaker_map,95,$.events[1].pages[1].list[148].parameters[0],1,あっつ…………」
T001692,B0004,D:\Dev\Desenvolvimento\Projetos\TradutorDGames\[Kimochi] RJ01696894,www\data\Map034.json,0,.json,utf-8-sig,kana,rpgmaker_map,95,$.events[1].pages[1].list[14].parameters[0],1,してもらわないといけないんだっけ」
T001693,B0004,D:\Dev\Desenvolvimento\Projetos\TradutorDGames\[Kimochi] RJ01696894,www\data\Map034.json,0,.json,utf-8-sig,kana,rpgmaker_map,95,$.events[1].pages[1].list[151].parameters[0],1,ナツメ
T001694,B0004,D:\Dev\Desenvolvimento\Projetos\TradutorDGames\[Kimochi] RJ01696894,www\data\Map034.json,0,.json,utf-8-sig,"cjk,kana",rpgmaker_map,95,$.events[1].pages[1].list[152].parameters[0],1,「てかすごい出したね……
T001695,B0004,D:\Dev\Desenvolvimento\Projetos\TradutorDGames\[Kimochi] RJ01696894,www\data\Map034.json,0,.json,utf-8-sig,"cjk,kana",rpgmaker_map,95,$.events[1].pages[1].list[153].parameters[0],1,これなら一発で種付けできたんじゃない？」
T001696,B0004,D:\Dev\Desenvolvimento\Projetos\TradutorDGames\[Kimochi] RJ01696894,www\data\Map034.json,0,.json,utf-8-sig,kana,rpgmaker_map,95,$.events[1].pages[1].list[156].parameters[0],1,ナツメ
T001697,B0004,D:\Dev\Desenvolvimento\Projetos\TradutorDGames\[Kimochi] RJ01696894,www\data\Map034.json,0,.json,utf-8-sig,"cjk,kana",rpgmaker_map,95,$.events[1].pages[1].list[157].parameters[0],1,「じゃあ……だいたいこんな感じだから……」
T001698,B0004,D:\Dev\Desenvolvimento\Projetos\TradutorDGames\[Kimochi] RJ01696894,www\data\Map034.json,0,.json,utf-8-sig,kana,rpgmaker_map,95,$.events[1].pages[1].list[159].parameters[0],1,ナツメ
T001699,B0004,D:\Dev\Desenvolvimento\Projetos\TradutorDGames\[Kimochi] RJ01696894,www\data\Map034.json,0,.json,utf-8-sig,"cjk,kana",rpgmaker_map,95,$.events[1].pages[1].list[160].parameters[0],1,「これからも女の子いっぱい
T001700,B0004,D:\Dev\Desenvolvimento\Projetos\TradutorDGames\[Kimochi] RJ01696894,www\data\Map034.json,0,.json,utf-8-sig,"cjk,kana",rpgmaker_map,95,$.events[1].pages[1].list[161].parameters[0],1,孕ませるために
T001701,B0004,D:\Dev\Desenvolvimento\Projetos\TradutorDGames\[Kimochi] RJ01696894,www\data\Map034.json,0,.json,utf-8-sig,"cjk,kana",rpgmaker_map,95,$.events[1].pages[1].list[162].parameters[0],1,種付け頑張ってね……」
T001702,B0004,D:\Dev\Desenvolvimento\Projetos\TradutorDGames\[Kimochi] RJ01696894,www\data\Map034.json,0,.json,utf-8-sig,"cjk,kana",rpgmaker_map,95,$.events[1].pages[1].list[166].parameters[0],1,僕は ナツメ に種付けした！
T001703,B0004,D:\Dev\Desenvolvimento\Projetos\TradutorDGames\[Kimochi] RJ01696894,www\data\Map034.json,0,.json,utf-8-sig,kana,rpgmaker_map,95,$.events[1].pages[1].list[17].parameters[0],1,ナツメ
T001704,B0004,D:\Dev\Desenvolvimento\Projetos\TradutorDGames\[Kimochi] RJ01696894,www\data\Map034.json,0,.json,utf-8-sig,"cjk,kana",rpgmaker_map,95,$.events[1].pages[1].list[18].parameters[0],1,「普通姉弟でとかありえないんだけど……」
T001705,B0004,D:\Dev\Desenvolvimento\Projetos\TradutorDGames\[Kimochi] RJ01696894,www\data\Map034.json,0,.json,utf-8-sig,kana,rpgmaker_map,95,$.events[1].pages[1].list[21].parameters[0],1,ナツメ
T001706,B0004,D:\Dev\Desenvolvimento\Projetos\TradutorDGames\[Kimochi] RJ01696894,www\data\Map034.json,0,.json,utf-8-sig,"cjk,kana",rpgmaker_map,95,$.events[1].pages[1].list[22].parameters[0],1,「そういう決まりになったんだから
T001707,B0004,D:\Dev\Desenvolvimento\Projetos\TradutorDGames\[Kimochi] RJ01696894,www\data\Map034.json,0,.json,utf-8-sig,"cjk,kana",rpgmaker_map,95,$.events[1].pages[1].list[23].parameters[0],1,仕方ないか……」
T001708,B0004,D:\Dev\Desenvolvimento\Projetos\TradutorDGames\[Kimochi] RJ01696894,www\data\Map034.json,0,.json,utf-8-sig,kana,rpgmaker_map,95,$.events[1].pages[1].list[26].parameters[0],1,ナツメ
T001709,B0004,D:\Dev\Desenvolvimento\Projetos\TradutorDGames\[Kimochi] RJ01696894,www\data\Map034.json,0,.json,utf-8-sig,"cjk,kana",rpgmaker_map,95,$.events[1].pages[1].list[27].parameters[0],1,「でもあんたやり方知らないよね？」
T001710,B0004,D:\Dev\Desenvolvimento\Projetos\TradutorDGames\[Kimochi] RJ01696894,www\data\Map034.json,0,.json,utf-8-sig,kana,rpgmaker_map,95,$.events[1].pages[1].list[29].parameters[0],1,ナツメ
T001711,B0004,D:\Dev\Desenvolvimento\Projetos\TradutorDGames\[Kimochi] RJ01696894,www\data\Map034.json,0,.json,utf-8-sig,kana,rpgmaker_map,95,$.events[1].pages[1].list[30].parameters[0],1,「しょうがないなぁ……
T001712,B0004,D:\Dev\Desenvolvimento\Projetos\TradutorDGames\[Kimochi] RJ01696894,www\data\Map034.json,0,.json,utf-8-sig,"cjk,kana",rpgmaker_map,95,$.events[1].pages[1].list[31].parameters[0],1,ちょっと説明するね」
T001713,B0004,D:\Dev\Desenvolvimento\Projetos\TradutorDGames\[Kimochi] RJ01696894,www\data\Map034.json,0,.json,utf-8-sig,cjk,rpgmaker_map,95,$.events[1].pages[1].list[34].parameters[0],1,PA_INIT 4 30 横 0
T001714,B0004,D:\Dev\Desenvolvimento\Projetos\TradutorDGames\[Kimochi] RJ01696894,www\data\Map034.json,0,.json,utf-8-sig,kana,rpgmaker_map,95,$.events[1].pages[1].list[39].parameters[0],1,ナツメ
T001715,B0004,D:\Dev\Desenvolvimento\Projetos\TradutorDGames\[Kimochi] RJ01696894,www\data\Map034.json,0,.json,utf-8-sig,kana,rpgmaker_map,95,$.events[1].pages[1].list[3].parameters[0],1,ナツメ
T001716,B0004,D:\Dev\Desenvolvimento\Projetos\TradutorDGames\[Kimochi] RJ01696894,www\data\Map034.json,0,.json,utf-8-sig,"cjk,kana",rpgmaker_map,95,$.events[1].pages[1].list[40].parameters[0],1,「ほら、見える？女の子はね、
T001717,B0004,D:\Dev\Desenvolvimento\Projetos\TradutorDGames\[Kimochi] RJ01696894,www\data\Map034.json,0,.json,utf-8-sig,"cjk,kana",rpgmaker_map,95,$.events[1].pages[1].list[41].parameters[0],1,ここにおちんちんを入れるための
T001718,B0004,D:\Dev\Desenvolvimento\Projetos\TradutorDGames\[Kimochi] RJ01696894,www\data\Map034.json,0,.json,utf-8-sig,"cjk,kana",rpgmaker_map,95,$.events[1].pages[1].list[42].parameters[0],1,穴が開いてるの」
T001719,B0004,D:\Dev\Desenvolvimento\Projetos\TradutorDGames\[Kimochi] RJ01696894,www\data\Map034.json,0,.json,utf-8-sig,kana,rpgmaker_map,95,$.events[1].pages[1].list[44].parameters[0],1,ナツメ
T001720,B0004,D:\Dev\Desenvolvimento\Projetos\TradutorDGames\[Kimochi] RJ01696894,www\data\Map034.json,0,.json,utf-8-sig,"cjk,kana",rpgmaker_map,95,$.events[1].pages[1].list[45].parameters[0],1,「ここにおちんちんから出る
T001721,B0004,D:\Dev\Desenvolvimento\Projetos\TradutorDGames\[Kimochi] RJ01696894,www\data\Map034.json,0,.json,utf-8-sig,"cjk,kana",rpgmaker_map,95,$.events[1].pages[1].list[46].parameters[0],1,”せーし” をたくさん出したら
T001722,B0004,D:\Dev\Desenvolvimento\Projetos\TradutorDGames\[Kimochi] RJ01696894,www\data\Map034.json,0,.json,utf-8-sig,"cjk,kana",rpgmaker_map,95,$.events[1].pages[1].list[47].parameters[0],1,種付け完了だから……」
T001723,B0004,D:\Dev\Desenvolvimento\Projetos\TradutorDGames\[Kimochi] RJ01696894,www\data\Map034.json,0,.json,utf-8-sig,kana,rpgmaker_map,95,$.events[1].pages[1].list[49].parameters[0],1,ナツメ
T001724,B0004,D:\Dev\Desenvolvimento\Projetos\TradutorDGames\[Kimochi] RJ01696894,www\data\Map034.json,0,.json,utf-8-sig,kana,rpgmaker_map,95,$.events[1].pages[1].list[4].parameters[0],1,「ん……
T001725,B0004,D:\Dev\Desenvolvimento\Projetos\TradutorDGames\[Kimochi] RJ01696894,www\data\Map034.json,0,.json,utf-8-sig,kana,rpgmaker_map,95,$.events[1].pages[1].list[50].parameters[0],1,「とりあえずやってみよっか」
T001726,B0004,D:\Dev\Desenvolvimento\Projetos\TradutorDGames\[Kimochi] RJ01696894,www\data\Map034.json,0,.json,utf-8-sig,kana,rpgmaker_map,95,$.events[1].pages[1].list[52].parameters[0],1,ナツメ
T001727,B0004,D:\Dev\Desenvolvimento\Projetos\TradutorDGames\[Kimochi] RJ01696894,www\data\Map034.json,0,.json,utf-8-sig,"cjk,kana",rpgmaker_map,95,$.events[1].pages[1].list[53].parameters[0],1,「まあ、私も初めてだから
T001728,B0004,D:\Dev\Desenvolvimento\Projetos\TradutorDGames\[Kimochi] RJ01696894,www\data\Map034.json,0,.json,utf-8-sig,"cjk,kana",rpgmaker_map,95,$.events[1].pages[1].list[54].parameters[0],1,上手くできるか分かんないけどね……」
T001729,B0004,D:\Dev\Desenvolvimento\Projetos\TradutorDGames\[Kimochi] RJ01696894,www\data\Map034.json,0,.json,utf-8-sig,"cjk,kana",rpgmaker_map,95,$.events[1].pages[1].list[58].parameters[0],1,僕はよくわからないまま
T001730,B0004,D:\Dev\Desenvolvimento\Projetos\TradutorDGames\[Kimochi] RJ01696894,www\data\Map034.json,0,.json,utf-8-sig,"cjk,kana",rpgmaker_map,95,$.events[1].pages[1].list[59].parameters[0],1,姉にされるがままになった……。
T001731,B0004,D:\Dev\Desenvolvimento\Projetos\TradutorDGames\[Kimochi] RJ01696894,www\data\Map034.json,0,.json,utf-8-sig,"cjk,kana",rpgmaker_map,95,$.events[1].pages[1].list[5].parameters[0],1,あれ……何してたんだっけ？」
T001732,B0004,D:\Dev\Desenvolvimento\Projetos\TradutorDGames\[Kimochi] RJ01696894,www\data\Map034.json,0,.json,utf-8-sig,cjk,rpgmaker_map,95,$.events[1].pages[1].list[60].parameters[0],1,PA_INIT 4 20 横 0
T001733,B0004,D:\Dev\Desenvolvimento\Projetos\TradutorDGames\[Kimochi] RJ01696894,www\data\Map034.json,0,.json,utf-8-sig,kana,rpgmaker_map,95,$.events[1].pages[1].list[65].parameters[0],1,ナツメ
T001734,B0004,D:\Dev\Desenvolvimento\Projetos\TradutorDGames\[Kimochi] RJ01696894,www\data\Map034.json,0,.json,utf-8-sig,kana,rpgmaker_map,95,$.events[1].pages[1].list[66].parameters[0],1,「なんだもうガチガチじゃん、
T001735,B0004,D:\Dev\Desenvolvimento\Projetos\TradutorDGames\[Kimochi] RJ01696894,www\data\Map034.json,0,.json,utf-8-sig,kana,rpgmaker_map,95,$.events[1].pages[1].list[67].parameters[0],1,これならいけそうだね」
T001736,B0004,D:\Dev\Desenvolvimento\Projetos\TradutorDGames\[Kimochi] RJ01696894,www\data\Map034.json,0,.json,utf-8-sig,kana,rpgmaker_map,95,$.events[1].pages[1].list[69].parameters[0],1,ナツメ
T001737,B0004,D:\Dev\Desenvolvimento\Projetos\TradutorDGames\[Kimochi] RJ01696894,www\data\Map034.json,0,.json,utf-8-sig,"cjk,kana",rpgmaker_map,95,$.events[1].pages[1].list[70].parameters[0],1,「じゃ、とりあえず入れてみるね……」
T001738,B0004,D:\Dev\Desenvolvimento\Projetos\TradutorDGames\[Kimochi] RJ01696894,www\data\Map034.json,0,.json,utf-8-sig,cjk,rpgmaker_map,95,$.events[1].pages[1].list[71].parameters[0],1,PA_INIT 5 12 横 0
T001739,B0004,D:\Dev\Desenvolvimento\Projetos\TradutorDGames\[Kimochi] RJ01696894,www\data\Map034.json,0,.json,utf-8-sig,kana,rpgmaker_map,95,$.events[1].pages[1].list[77].parameters[0],1,ナツメ
T001740,B0004,D:\Dev\Desenvolvimento\Projetos\TradutorDGames\[Kimochi] RJ01696894,www\data\Map034.json,0,.json,utf-8-sig,kana,rpgmaker_map,95,$.events[1].pages[1].list[78].parameters[0],1,「んんっ…………」
T001741,B0004,D:\Dev\Desenvolvimento\Projetos\TradutorDGames\[Kimochi] RJ01696894,www\data\Map034.json,0,.json,utf-8-sig,kana,rpgmaker_map,95,$.events[1].pages[1].list[80].parameters[0],1,ナツメ
T001742,B0004,D:\Dev\Desenvolvimento\Projetos\TradutorDGames\[Kimochi] RJ01696894,www\data\Map034.json,0,.json,utf-8-sig,"cjk,kana",rpgmaker_map,95,$.events[1].pages[1].list[81].parameters[0],1,「ほら……入ったでしょ？
T001743,B0004,D:\Dev\Desenvolvimento\Projetos\TradutorDGames\[Kimochi] RJ01696894,www\data\Map034.json,0,.json,utf-8-sig,"cjk,kana",rpgmaker_map,95,$.events[1].pages[1].list[82].parameters[0],1,こんな感じ……」
T001744,B0004,D:\Dev\Desenvolvimento\Projetos\TradutorDGames\[Kimochi] RJ01696894,www\data\Map034.json,0,.json,utf-8-sig,kana,rpgmaker_map,95,$.events[1].pages[1].list[84].parameters[0],1,ナツメ
T001745,B0004,D:\Dev\Desenvolvimento\Projetos\TradutorDGames\[Kimochi] RJ01696894,www\data\Map034.json,0,.json,utf-8-sig,"cjk,kana",rpgmaker_map,95,$.events[1].pages[1].list[85].parameters[0],1,「じゃ、動くから……」
T001746,B0004,D:\Dev\Desenvolvimento\Projetos\TradutorDGames\[Kimochi] RJ01696894,www\data\Map034.json,0,.json,utf-8-sig,cjk,rpgmaker_map,95,$.events[1].pages[1].list[86].parameters[0],1,PA_INIT 4 12 横 0
T001747,B0004,D:\Dev\Desenvolvimento\Projetos\TradutorDGames\[Kimochi] RJ01696894,www\data\Map034.json,0,.json,utf-8-sig,kana,rpgmaker_map,95,$.events[1].pages[1].list[8].parameters[0],1,ナツメ
T001748,B0004,D:\Dev\Desenvolvimento\Projetos\TradutorDGames\[Kimochi] RJ01696894,www\data\Map034.json,0,.json,utf-8-sig,kana,rpgmaker_map,95,$.events[1].pages[1].list[92].parameters[0],1,ナツメ
T001749,B0004,D:\Dev\Desenvolvimento\Projetos\TradutorDGames\[Kimochi] RJ01696894,www\data\Map034.json,0,.json,utf-8-sig,kana,rpgmaker_map,95,$.events[1].pages[1].list[93].parameters[0],1,「んっ……んっ……」
T001750,B0004,D:\Dev\Desenvolvimento\Projetos\TradutorDGames\[Kimochi] RJ01696894,www\data\Map034.json,0,.json,utf-8-sig,kana,rpgmaker_map,95,$.events[1].pages[1].list[95].parameters[0],1,ナツメ
T001751,B0004,D:\Dev\Desenvolvimento\Projetos\TradutorDGames\[Kimochi] RJ01696894,www\data\Map034.json,0,.json,utf-8-sig,kana,rpgmaker_map,95,$.events[1].pages[1].list[96].parameters[0],1,「ほ、ほらっ……
T001752,B0004,D:\Dev\Desenvolvimento\Projetos\TradutorDGames\[Kimochi] RJ01696894,www\data\Map034.json,0,.json,utf-8-sig,"cjk,kana",rpgmaker_map,95,$.events[1].pages[1].list[97].parameters[0],1,簡単でしょ……？」
T001753,B0004,D:\Dev\Desenvolvimento\Projetos\TradutorDGames\[Kimochi] RJ01696894,www\data\Map034.json,0,.json,utf-8-sig,kana,rpgmaker_map,95,$.events[1].pages[1].list[99].parameters[0],1,ナツメ
T001754,B0004,D:\Dev\Desenvolvimento\Projetos\TradutorDGames\[Kimochi] RJ01696894,www\data\Map034.json,0,.json,utf-8-sig,kana,rpgmaker_map,95,$.events[1].pages[1].list[9].parameters[0],1,「あ、あーそうだ、たしか……」
T001755,B0004,D:\Dev\Desenvolvimento\Projetos\TradutorDGames\[Kimochi] RJ01696894,www\data\Map034.json,0,.json,utf-8-sig,kana,rpgmaker_map,95,$.events[4].pages[0].list[12].parameters[0],1,リン
T001756,B0004,D:\Dev\Desenvolvimento\Projetos\TradutorDGames\[Kimochi] RJ01696894,www\data\Map034.json,0,.json,utf-8-sig,"cjk,kana",rpgmaker_map,95,$.events[4].pages[0].list[13].parameters[0],1,「ナツメなら私との息止め勝負で負けて
T001757,B0004,D:\Dev\Desenvolvimento\Projetos\TradutorDGames\[Kimochi] RJ01696894,www\data\Map034.json,0,.json,utf-8-sig,"cjk,kana",rpgmaker_map,95,$.events[4].pages[0].list[14].parameters[0],1,アイスを買いに行ってるよ」
T001758,B0004,D:\Dev\Desenvolvimento\Projetos\TradutorDGames\[Kimochi] RJ01696894,www\data\Map034.json,0,.json,utf-8-sig,kana,rpgmaker_map,95,$.events[4].pages[0].list[17].parameters[0],1,リン
T001759,B0004,D:\Dev\Desenvolvimento\Projetos\TradutorDGames\[Kimochi] RJ01696894,www\data\Map034.json,0,.json,utf-8-sig,"cjk,kana",rpgmaker_map,95,$.events[4].pages[0].list[18].parameters[0],1,「暇だし何かして遊ぶ？
T001760,B0004,D:\Dev\Desenvolvimento\Projetos\TradutorDGames\[Kimochi] RJ01696894,www\data\Map034.json,0,.json,utf-8-sig,"cjk,kana",rpgmaker_map,95,$.events[4].pages[0].list[19].parameters[0],1,クラクラして起き上がれないけどｗ」
T001761,B0004,D:\Dev\Desenvolvimento\Projetos\TradutorDGames\[Kimochi] RJ01696894,www\data\Map034.json,0,.json,utf-8-sig,kana,rpgmaker_map,95,$.events[4].pages[0].list[22].parameters[0],1,リン
T001762,B0004,D:\Dev\Desenvolvimento\Projetos\TradutorDGames\[Kimochi] RJ01696894,www\data\Map034.json,0,.json,utf-8-sig,kana,rpgmaker_map,95,$.events[4].pages[0].list[23].parameters[0],1,「ん？やりたいことがある？
T001763,B0004,D:\Dev\Desenvolvimento\Projetos\TradutorDGames\[Kimochi] RJ01696894,www\data\Map034.json,0,.json,utf-8-sig,"cjk,kana",rpgmaker_map,95,$.events[4].pages[0].list[24].parameters[0],1,いいよー、お姉さんがなんでもやってあげよう」
T001764,B0004,D:\Dev\Desenvolvimento\Projetos\TradutorDGames\[Kimochi] RJ01696894,www\data\Map034.json,0,.json,utf-8-sig,"cjk,kana",rpgmaker_map,95,$.events[4].pages[0].list[29].parameters[0],1,僕はリンにアプリをつかった！
T001765,B0004,D:\Dev\Desenvolvimento\Projetos\TradutorDGames\[Kimochi] RJ01696894,www\data\Map034.json,0,.json,utf-8-sig,kana,rpgmaker_map,95,$.events[4].pages[0].list[36].parameters[0],1,リン
T001766,B0004,D:\Dev\Desenvolvimento\Projetos\TradutorDGames\[Kimochi] RJ01696894,www\data\Map034.json,0,.json,utf-8-sig,kana,rpgmaker_map,95,$.events[4].pages[0].list[40].parameters[0],1,リンは にんしきかいへん された！
T001767,B0004,D:\Dev\Desenvolvimento\Projetos\TradutorDGames\[Kimochi] RJ01696894,www\data\Map034.json,0,.json,utf-8-sig,kana,rpgmaker_map,95,$.events[4].pages[0].list[8].parameters[0],1,リン
T001768,B0004,D:\Dev\Desenvolvimento\Projetos\TradutorDGames\[Kimochi] RJ01696894,www\data\Map034.json,0,.json,utf-8-sig,"cjk,kana",rpgmaker_map,95,$.events[4].pages[0].list[9].parameters[0],1,「おー弟君か」
T001769,B0004,D:\Dev\Desenvolvimento\Projetos\TradutorDGames\[Kimochi] RJ01696894,www\data\Map034.json,0,.json,utf-8-sig,kana,rpgmaker_map,95,$.events[4].pages[1].list[100].parameters[0],1,「んんっ……！あぁっ……！」
T001770,B0004,D:\Dev\Desenvolvimento\Projetos\TradutorDGames\[Kimochi] RJ01696894,www\data\Map034.json,0,.json,utf-8-sig,kana,rpgmaker_map,95,$.events[4].pages[1].list[10].parameters[0],1,するってことだよね？」
T001771,B0004,D:\Dev\Desenvolvimento\Projetos\TradutorDGames\[Kimochi] RJ01696894,www\data\Map034.json,0,.json,utf-8-sig,kana,rpgmaker_map,95,$.events[4].pages[1].list[111].parameters[0],1,リン
T001772,B0004,D:\Dev\Desenvolvimento\Projetos\TradutorDGames\[Kimochi] RJ01696894,www\data\Map034.json,0,.json,utf-8-sig,kana,rpgmaker_map,95,$.events[4].pages[1].list[112].parameters[0],1,「あぁっ……あっつ……
T001773,B0004,D:\Dev\Desenvolvimento\Projetos\TradutorDGames\[Kimochi] RJ01696894,www\data\Map034.json,0,.json,utf-8-sig,"cjk,kana",rpgmaker_map,95,$.events[4].pages[1].list[113].parameters[0],1,出しすぎでしょ……」
T001774,B0004,D:\Dev\Desenvolvimento\Projetos\TradutorDGames\[Kimochi] RJ01696894,www\data\Map034.json,0,.json,utf-8-sig,kana,rpgmaker_map,95,$.events[4].pages[1].list[115].parameters[0],1,リン
T001775,B0004,D:\Dev\Desenvolvimento\Projetos\TradutorDGames\[Kimochi] RJ01696894,www\data\Map034.json,0,.json,utf-8-sig,"cjk,kana",rpgmaker_map,95,$.events[4].pages[1].list[116].parameters[0],1,「今日危険日なのに……」
T001776,B0004,D:\Dev\Desenvolvimento\Projetos\TradutorDGames\[Kimochi] RJ01696894,www\data\Map034.json,0,.json,utf-8-sig,kana,rpgmaker_map,95,$.events[4].pages[1].list[119].parameters[0],1,リン
T001777,B0004,D:\Dev\Desenvolvimento\Projetos\TradutorDGames\[Kimochi] RJ01696894,www\data\Map034.json,0,.json,utf-8-sig,kana,rpgmaker_map,95,$.events[4].pages[1].list[120].parameters[0],1,「いや……それでいいのか……？」
T001778,B0004,D:\Dev\Desenvolvimento\Projetos\TradutorDGames\[Kimochi] RJ01696894,www\data\Map034.json,0,.json,utf-8-sig,"cjk,kana",rpgmaker_map,95,$.events[4].pages[1].list[124].parameters[0],1,僕は リン に種付けした！
T001779,B0004,D:\Dev\Desenvolvimento\Projetos\TradutorDGames\[Kimochi] RJ01696894,www\data\Map034.json,0,.json,utf-8-sig,kana,rpgmaker_map,95,$.events[4].pages[1].list[13].parameters[0],1,リン
T001780,B0004,D:\Dev\Desenvolvimento\Projetos\TradutorDGames\[Kimochi] RJ01696894,www\data\Map034.json,0,.json,utf-8-sig,kana,rpgmaker_map,95,$.events[4].pages[1].list[14].parameters[0],1,「いや……いいんだけどさ……
T001781,B0004,D:\Dev\Desenvolvimento\Projetos\TradutorDGames\[Kimochi] RJ01696894,www\data\Map034.json,0,.json,utf-8-sig,"cjk,kana",rpgmaker_map,95,$.events[4].pages[1].list[15].parameters[0],1,なんか違和感があるような……」
T001782,B0004,D:\Dev\Desenvolvimento\Projetos\TradutorDGames\[Kimochi] RJ01696894,www\data\Map034.json,0,.json,utf-8-sig,kana,rpgmaker_map,95,$.events[4].pages[1].list[18].parameters[0],1,リン
T001783,B0004,D:\Dev\Desenvolvimento\Projetos\TradutorDGames\[Kimochi] RJ01696894,www\data\Map034.json,0,.json,utf-8-sig,kana,rpgmaker_map,95,$.events[4].pages[1].list[19].parameters[0],1,「う、うん……
T001784,B0004,D:\Dev\Desenvolvimento\Projetos\TradutorDGames\[Kimochi] RJ01696894,www\data\Map034.json,0,.json,utf-8-sig,"cjk,kana",rpgmaker_map,95,$.events[4].pages[1].list[20].parameters[0],1,種付けは義務……！義務だから……」
T001785,B0004,D:\Dev\Desenvolvimento\Projetos\TradutorDGames\[Kimochi] RJ01696894,www\data\Map034.json,0,.json,utf-8-sig,kana,rpgmaker_map,95,$.events[4].pages[1].list[23].parameters[0],1,リン
T001786,B0004,D:\Dev\Desenvolvimento\Projetos\TradutorDGames\[Kimochi] RJ01696894,www\data\Map034.json,0,.json,utf-8-sig,"cjk,kana",rpgmaker_map,95,$.events[4].pages[1].list[24].parameters[0],1,「仕方ない……か……？」
T001787,B0004,D:\Dev\Desenvolvimento\Projetos\TradutorDGames\[Kimochi] RJ01696894,www\data\Map034.json,0,.json,utf-8-sig,cjk,rpgmaker_map,95,$.events[4].pages[1].list[27].parameters[0],1,PA_INIT 6 12 横 0
T001788,B0004,D:\Dev\Desenvolvimento\Projetos\TradutorDGames\[Kimochi] RJ01696894,www\data\Map034.json,0,.json,utf-8-sig,kana,rpgmaker_map,95,$.events[4].pages[1].list[31].parameters[0],1,リン
T001789,B0004,D:\Dev\Desenvolvimento\Projetos\TradutorDGames\[Kimochi] RJ01696894,www\data\Map034.json,0,.json,utf-8-sig,kana,rpgmaker_map,95,$.events[4].pages[1].list[32].parameters[0],1,「え、ちょっとまって……
T001790,B0004,D:\Dev\Desenvolvimento\Projetos\TradutorDGames\[Kimochi] RJ01696894,www\data\Map034.json,0,.json,utf-8-sig,kana,rpgmaker_map,95,$.events[4].pages[1].list[33].parameters[0],1,ほんとうにやるの……？」
T001791,B0004,D:\Dev\Desenvolvimento\Projetos\TradutorDGames\[Kimochi] RJ01696894,www\data\Map034.json,0,.json,utf-8-sig,kana,rpgmaker_map,95,$.events[4].pages[1].list[35].parameters[0],1,リン
T001792,B0004,D:\Dev\Desenvolvimento\Projetos\TradutorDGames\[Kimochi] RJ01696894,www\data\Map034.json,0,.json,utf-8-sig,kana,rpgmaker_map,95,$.events[4].pages[1].list[36].parameters[0],1,「や、やっぱりやめとかない……？」
T001793,B0004,D:\Dev\Desenvolvimento\Projetos\TradutorDGames\[Kimochi] RJ01696894,www\data\Map034.json,0,.json,utf-8-sig,kana,rpgmaker_map,95,$.events[4].pages[1].list[3].parameters[0],1,リン
T001794,B0004,D:\Dev\Desenvolvimento\Projetos\TradutorDGames\[Kimochi] RJ01696894,www\data\Map034.json,0,.json,utf-8-sig,kana,rpgmaker_map,95,$.events[4].pages[1].list[41].parameters[0],1,ナツメ
T001795,B0004,D:\Dev\Desenvolvimento\Projetos\TradutorDGames\[Kimochi] RJ01696894,www\data\Map034.json,0,.json,utf-8-sig,kana,rpgmaker_map,95,$.events[4].pages[1].list[42].parameters[0],1,「んっ………あぁっ……！！」
T001796,B0004,D:\Dev\Desenvolvimento\Projetos\TradutorDGames\[Kimochi] RJ01696894,www\data\Map034.json,0,.json,utf-8-sig,kana,rpgmaker_map,95,$.events[4].pages[1].list[44].parameters[0],1,ナツメ
T001797,B0004,D:\Dev\Desenvolvimento\Projetos\TradutorDGames\[Kimochi] RJ01696894,www\data\Map034.json,0,.json,utf-8-sig,kana,rpgmaker_map,95,$.events[4].pages[1].list[45].parameters[0],1,「あ……え？
T001798,B0004,D:\Dev\Desenvolvimento\Projetos\TradutorDGames\[Kimochi] RJ01696894,www\data\Map034.json,0,.json,utf-8-sig,kana,rpgmaker_map,95,$.events[4].pages[1].list[46].parameters[0],1,はいった……？」
T001799,B0004,D:\Dev\Desenvolvimento\Projetos\TradutorDGames\[Kimochi] RJ01696894,www\data\Map034.json,0,.json,utf-8-sig,cjk,rpgmaker_map,95,$.events[4].pages[1].list[47].parameters[0],1,PA_INIT 4 12 横 0
T001800,B0004,D:\Dev\Desenvolvimento\Projetos\TradutorDGames\[Kimochi] RJ01696894,www\data\Map034.json,0,.json,utf-8-sig,"cjk,kana",rpgmaker_map,95,$.events[4].pages[1].list[4].parameters[0],1,「うん、種付けね……
T001801,B0004,D:\Dev\Desenvolvimento\Projetos\TradutorDGames\[Kimochi] RJ01696894,www\data\Map034.json,0,.json,utf-8-sig,kana,rpgmaker_map,95,$.events[4].pages[1].list[53].parameters[0],1,リン
T001802,B0004,D:\Dev\Desenvolvimento\Projetos\TradutorDGames\[Kimochi] RJ01696894,www\data\Map034.json,0,.json,utf-8-sig,kana,rpgmaker_map,95,$.events[4].pages[1].list[54].parameters[0],1,「んっ……あっ……！」
T001803,B0004,D:\Dev\Desenvolvimento\Projetos\TradutorDGames\[Kimochi] RJ01696894,www\data\Map034.json,0,.json,utf-8-sig,kana,rpgmaker_map,95,$.events[4].pages[1].list[56].parameters[0],1,リン
T001804,B0004,D:\Dev\Desenvolvimento\Projetos\TradutorDGames\[Kimochi] RJ01696894,www\data\Map034.json,0,.json,utf-8-sig,kana,rpgmaker_map,95,$.events[4].pages[1].list[57].parameters[0],1,「も、もうちょっとゆっくり……」
T001805,B0004,D:\Dev\Desenvolvimento\Projetos\TradutorDGames\[Kimochi] RJ01696894,www\data\Map034.json,0,.json,utf-8-sig,kana,rpgmaker_map,95,$.events[4].pages[1].list[59].parameters[0],1,リン
T001806,B0004,D:\Dev\Desenvolvimento\Projetos\TradutorDGames\[Kimochi] RJ01696894,www\data\Map034.json,0,.json,utf-8-sig,"cjk,kana",rpgmaker_map,95,$.events[4].pages[1].list[5].parameters[0],1,種付け……？」
T001807,B0004,D:\Dev\Desenvolvimento\Projetos\TradutorDGames\[Kimochi] RJ01696894,www\data\Map034.json,0,.json,utf-8-sig,"cjk,kana",rpgmaker_map,95,$.events[4].pages[1].list[60].parameters[0],1,「痛くないけど……」
T001808,B0004,D:\Dev\Desenvolvimento\Projetos\TradutorDGames\[Kimochi] RJ01696894,www\data\Map034.json,0,.json,utf-8-sig,kana,rpgmaker_map,95,$.events[4].pages[1].list[62].parameters[0],1,リン
T001809,B0004,D:\Dev\Desenvolvimento\Projetos\TradutorDGames\[Kimochi] RJ01696894,www\data\Map034.json,0,.json,utf-8-sig,"cjk,kana",rpgmaker_map,95,$.events[4].pages[1].list[63].parameters[0],1,「なんか……違和感が……」
T001810,B0004,D:\Dev\Desenvolvimento\Projetos\TradutorDGames\[Kimochi] RJ01696894,www\data\Map034.json,0,.json,utf-8-sig,kana,rpgmaker_map,95,$.events[4].pages[1].list[65].parameters[0],1,リン
T001811,B0004,D:\Dev\Desenvolvimento\Projetos\TradutorDGames\[Kimochi] RJ01696894,www\data\Map034.json,0,.json,utf-8-sig,kana,rpgmaker_map,95,$.events[4].pages[1].list[66].parameters[0],1,「あぁっ……」
T001812,B0004,D:\Dev\Desenvolvimento\Projetos\TradutorDGames\[Kimochi] RJ01696894,www\data\Map034.json,0,.json,utf-8-sig,cjk,rpgmaker_map,95,$.events[4].pages[1].list[67].parameters[0],1,PA_INIT 4 6 横 0
T001813,B0004,D:\Dev\Desenvolvimento\Projetos\TradutorDGames\[Kimochi] RJ01696894,www\data\Map034.json,0,.json,utf-8-sig,kana,rpgmaker_map,95,$.events[4].pages[1].list[73].parameters[0],1,リン
T001814,B0004,D:\Dev\Desenvolvimento\Projetos\TradutorDGames\[Kimochi] RJ01696894,www\data\Map034.json,0,.json,utf-8-sig,kana,rpgmaker_map,95,$.events[4].pages[1].list[74].parameters[0],1,「あっ……あっ……
T001815,B0004,D:\Dev\Desenvolvimento\Projetos\TradutorDGames\[Kimochi] RJ01696894,www\data\Map034.json,0,.json,utf-8-sig,kana,rpgmaker_map,95,$.events[4].pages[1].list[75].parameters[0],1,ちょ、ちょっときもちいい……？？」
T001816,B0004,D:\Dev\Desenvolvimento\Projetos\TradutorDGames\[Kimochi] RJ01696894,www\data\Map034.json,0,.json,utf-8-sig,kana,rpgmaker_map,95,$.events[4].pages[1].list[77].parameters[0],1,リン
T001817,B0004,D:\Dev\Desenvolvimento\Projetos\TradutorDGames\[Kimochi] RJ01696894,www\data\Map034.json,0,.json,utf-8-sig,kana,rpgmaker_map,95,$.events[4].pages[1].list[78].parameters[0],1,「あっ……
T001818,B0004,D:\Dev\Desenvolvimento\Projetos\TradutorDGames\[Kimochi] RJ01696894,www\data\Map034.json,0,.json,utf-8-sig,"cjk,kana",rpgmaker_map,95,$.events[4].pages[1].list[79].parameters[0],1,こ、これ……中に出すんだよね……？」
T001819,B0004,D:\Dev\Desenvolvimento\Projetos\TradutorDGames\[Kimochi] RJ01696894,www\data\Map034.json,0,.json,utf-8-sig,kana,rpgmaker_map,95,$.events[4].pages[1].list[81].parameters[0],1,リン
T001820,B0004,D:\Dev\Desenvolvimento\Projetos\TradutorDGames\[Kimochi] RJ01696894,www\data\Map034.json,0,.json,utf-8-sig,kana,rpgmaker_map,95,$.events[4].pages[1].list[82].parameters[0],1,「い、いや……いいけど……」
T001821,B0004,D:\Dev\Desenvolvimento\Projetos\TradutorDGames\[Kimochi] RJ01696894,www\data\Map034.json,0,.json,utf-8-sig,kana,rpgmaker_map,95,$.events[4].pages[1].list[84].parameters[0],1,リン
T001822,B0004,D:\Dev\Desenvolvimento\Projetos\TradutorDGames\[Kimochi] RJ01696894,www\data\Map034.json,0,.json,utf-8-sig,"cjk,kana",rpgmaker_map,95,$.events[4].pages[1].list[85].parameters[0],1,「う、うん……大丈夫……！
T001823,B0004,D:\Dev\Desenvolvimento\Projetos\TradutorDGames\[Kimochi] RJ01696894,www\data\Map034.json,0,.json,utf-8-sig,"cjk,kana",rpgmaker_map,95,$.events[4].pages[1].list[86].parameters[0],1,全部中にだして……！」
T001824,B0004,D:\Dev\Desenvolvimento\Projetos\TradutorDGames\[Kimochi] RJ01696894,www\data\Map034.json,0,.json,utf-8-sig,kana,rpgmaker_map,95,$.events[4].pages[1].list[88].parameters[0],1,リン
T001825,B0004,D:\Dev\Desenvolvimento\Projetos\TradutorDGames\[Kimochi] RJ01696894,www\data\Map034.json,0,.json,utf-8-sig,kana,rpgmaker_map,95,$.events[4].pages[1].list[89].parameters[0],1,「いっ……あっ……あぁっ……！」
T001826,B0004,D:\Dev\Desenvolvimento\Projetos\TradutorDGames\[Kimochi] RJ01696894,www\data\Map034.json,0,.json,utf-8-sig,kana,rpgmaker_map,95,$.events[4].pages[1].list[8].parameters[0],1,リン
T001827,B0004,D:\Dev\Desenvolvimento\Projetos\TradutorDGames\[Kimochi] RJ01696894,www\data\Map034.json,0,.json,utf-8-sig,cjk,rpgmaker_map,95,$.events[4].pages[1].list[91].parameters[0],1,PA_INIT 9 12 横 0
T001828,B0004,D:\Dev\Desenvolvimento\Projetos\TradutorDGames\[Kimochi] RJ01696894,www\data\Map034.json,0,.json,utf-8-sig,kana,rpgmaker_map,95,$.events[4].pages[1].list[99].parameters[0],1,リン
T001829,B0004,D:\Dev\Desenvolvimento\Projetos\TradutorDGames\[Kimochi] RJ01696894,www\data\Map034.json,0,.json,utf-8-sig,"cjk,kana",rpgmaker_map,95,$.events[4].pages[1].list[9].parameters[0],1,「え？要するに今から私とエッチ
T001830,B0004,D:\Dev\Desenvolvimento\Projetos\TradutorDGames\[Kimochi] RJ01696894,www\data\System.json,0,.json,utf-8-sig,"cjk,kana",rpgmaker_system,93,$.gameTitle,1,種付けアプリ
T001831,B0004,D:\Dev\Desenvolvimento\Projetos\TradutorDGames\[Kimochi] RJ01696894,www\data\Tilesets.json,0,.json,utf-8-sig,kana,rpgmaker_data,88,$[1].name,1,エリア
T001832,B0004,D:\Dev\Desenvolvimento\Projetos\TradutorDGames\[Kimochi] RJ01696894,www\data\System.json,0,.json,utf-8-sig,"cjk,kana",rpgmaker_system,65,$.switches[12],1,メッセージ表示中
T001833,B0004,D:\Dev\Desenvolvimento\Projetos\TradutorDGames\[Kimochi] RJ01696894,www\data\System.json,0,.json,utf-8-sig,"cjk,kana",rpgmaker_system,65,$.switches[13],1,オート動作(プラグイン)
T001834,B0004,D:\Dev\Desenvolvimento\Projetos\TradutorDGames\[Kimochi] RJ01696894,www\data\System.json,0,.json,utf-8-sig,"cjk,kana",rpgmaker_system,65,$.switches[14],1,オート解除しない（プラグ）
T001835,B0004,D:\Dev\Desenvolvimento\Projetos\TradutorDGames\[Kimochi] RJ01696894,www\data\System.json,0,.json,utf-8-sig,"cjk,kana",rpgmaker_system,65,$.switches[15],1,オートアニメ開始/停止
T001836,B0004,D:\Dev\Desenvolvimento\Projetos\TradutorDGames\[Kimochi] RJ01696894,www\data\System.json,0,.json,utf-8-sig,cjk,rpgmaker_system,65,$.switches[16],1,msgWin 全体
T001837,B0004,D:\Dev\Desenvolvimento\Projetos\TradutorDGames\[Kimochi] RJ01696894,www\data\System.json,0,.json,utf-8-sig,cjk,rpgmaker_system,65,$.switches[17],1,msgWin 小
T001838,B0004,D:\Dev\Desenvolvimento\Projetos\TradutorDGames\[Kimochi] RJ01696894,www\data\System.json,0,.json,utf-8-sig,"cjk,kana",rpgmaker_system,65,$.switches[22],1,教師完了立ち絵削除
T001839,B0004,D:\Dev\Desenvolvimento\Projetos\TradutorDGames\[Kimochi] RJ01696894,www\data\System.json,0,.json,utf-8-sig,"cjk,kana",rpgmaker_system,65,$.switches[23],1,モミジ完了立ち絵削除
T001840,B0004,D:\Dev\Desenvolvimento\Projetos\TradutorDGames\[Kimochi] RJ01696894,www\data\System.json,0,.json,utf-8-sig,"cjk,kana",rpgmaker_system,65,$.switches[24],1,ヒマリ完了立ち絵削除
T001841,B0004,D:\Dev\Desenvolvimento\Projetos\TradutorDGames\[Kimochi] RJ01696894,www\data\System.json,0,.json,utf-8-sig,"cjk,kana",rpgmaker_system,65,$.switches[25],1,姉友人完了立ち絵削除
T001842,B0004,D:\Dev\Desenvolvimento\Projetos\TradutorDGames\[Kimochi] RJ01696894,www\data\System.json,0,.json,utf-8-sig,"cjk,kana",rpgmaker_system,65,$.switches[26],1,路地裏完了立ち絵削除
T001843,B0004,D:\Dev\Desenvolvimento\Projetos\TradutorDGames\[Kimochi] RJ01696894,www\data\System.json,0,.json,utf-8-sig,"cjk,kana",rpgmaker_system,65,$.switches[27],1,酒屋完了立ち絵削除
T001844,B0004,D:\Dev\Desenvolvimento\Projetos\TradutorDGames\[Kimochi] RJ01696894,www\data\System.json,0,.json,utf-8-sig,"cjk,kana",rpgmaker_system,65,$.switches[28],1,警官完了立ち絵削除
T001845,B0004,D:\Dev\Desenvolvimento\Projetos\TradutorDGames\[Kimochi] RJ01696894,www\data\System.json,0,.json,utf-8-sig,"cjk,kana",rpgmaker_system,65,$.switches[29],1,JC完了立ち絵削除
T001846,B0004,D:\Dev\Desenvolvimento\Projetos\TradutorDGames\[Kimochi] RJ01696894,www\data\System.json,0,.json,utf-8-sig,"cjk,kana",rpgmaker_system,65,$.switches[2],1,メッセージスキップ無効
T001847,B0004,D:\Dev\Desenvolvimento\Projetos\TradutorDGames\[Kimochi] RJ01696894,www\data\System.json,0,.json,utf-8-sig,kana,rpgmaker_system,65,$.switches[35],1,tgameクリア
T001848,B0004,D:\Dev\Desenvolvimento\Projetos\TradutorDGames\[Kimochi] RJ01696894,www\data\System.json,0,.json,utf-8-sig,"cjk,kana",rpgmaker_system,65,$.switches[41],1,立ち絵　クリック動作
T001849,B0004,D:\Dev\Desenvolvimento\Projetos\TradutorDGames\[Kimochi] RJ01696894,www\data\System.json,0,.json,utf-8-sig,"cjk,kana",rpgmaker_system,65,$.switches[42],1,立ち絵　表示完了
T001850,B0004,D:\Dev\Desenvolvimento\Projetos\TradutorDGames\[Kimochi] RJ01696894,www\data\System.json,0,.json,utf-8-sig,"cjk,kana",rpgmaker_system,65,$.switches[46],1,イベント開始
T001851,B0004,D:\Dev\Desenvolvimento\Projetos\TradutorDGames\[Kimochi] RJ01696894,www\data\System.json,0,.json,utf-8-sig,"cjk,kana",rpgmaker_system,65,$.switches[50],1,Movicon クリック動作
T001852,B0004,D:\Dev\Desenvolvimento\Projetos\TradutorDGames\[Kimochi] RJ01696894,www\data\System.json,0,.json,utf-8-sig,"cjk,kana",rpgmaker_system,65,$.switches[51],1,移動アイコン1表示
T001853,B0004,D:\Dev\Desenvolvimento\Projetos\TradutorDGames\[Kimochi] RJ01696894,www\data\System.json,0,.json,utf-8-sig,"cjk,kana",rpgmaker_system,65,$.switches[52],1,移動アイコン2表示
T001854,B0004,D:\Dev\Desenvolvimento\Projetos\TradutorDGames\[Kimochi] RJ01696894,www\data\System.json,0,.json,utf-8-sig,"cjk,kana",rpgmaker_system,65,$.switches[53],1,移動アイコン3表示
T001855,B0004,D:\Dev\Desenvolvimento\Projetos\TradutorDGames\[Kimochi] RJ01696894,www\data\System.json,0,.json,utf-8-sig,"cjk,kana",rpgmaker_system,65,$.switches[54],1,移動アイコン4表示
T001856,B0004,D:\Dev\Desenvolvimento\Projetos\TradutorDGames\[Kimochi] RJ01696894,www\data\System.json,0,.json,utf-8-sig,"cjk,kana",rpgmaker_system,65,$.switches[55],1,移動アイコン5表示
T001857,B0004,D:\Dev\Desenvolvimento\Projetos\TradutorDGames\[Kimochi] RJ01696894,www\data\System.json,0,.json,utf-8-sig,"cjk,kana",rpgmaker_system,65,$.switches[5],1,aキー入力判定開始
T001858,B0004,D:\Dev\Desenvolvimento\Projetos\TradutorDGames\[Kimochi] RJ01696894,www\data\System.json,0,.json,utf-8-sig,"cjk,kana",rpgmaker_system,65,$.switches[61],1,Gal キャラ表示完了
T001859,B0004,D:\Dev\Desenvolvimento\Projetos\TradutorDGames\[Kimochi] RJ01696894,www\data\System.json,0,.json,utf-8-sig,cjk,rpgmaker_system,65,$.switches[62],1,Gal 姉
T001860,B0004,D:\Dev\Desenvolvimento\Projetos\TradutorDGames\[Kimochi] RJ01696894,www\data\System.json,0,.json,utf-8-sig,cjk,rpgmaker_system,65,$.switches[63],1,Gal 教師
T001861,B0004,D:\Dev\Desenvolvimento\Projetos\TradutorDGames\[Kimochi] RJ01696894,www\data\System.json,0,.json,utf-8-sig,kana,rpgmaker_system,65,$.switches[64],1,Gal モミジ
T001862,B0004,D:\Dev\Desenvolvimento\Projetos\TradutorDGames\[Kimochi] RJ01696894,www\data\System.json,0,.json,utf-8-sig,kana,rpgmaker_system,65,$.switches[65],1,Gal ヒマリ
T001863,B0004,D:\Dev\Desenvolvimento\Projetos\TradutorDGames\[Kimochi] RJ01696894,www\data\System.json,0,.json,utf-8-sig,cjk,rpgmaker_system,65,$.switches[66],1,Gal 姉友人
T001864,B0004,D:\Dev\Desenvolvimento\Projetos\TradutorDGames\[Kimochi] RJ01696894,www\data\System.json,0,.json,utf-8-sig,cjk,rpgmaker_system,65,$.switches[67],1,Gal 酒屋
T001865,B0004,D:\Dev\Desenvolvimento\Projetos\TradutorDGames\[Kimochi] RJ01696894,www\data\System.json,0,.json,utf-8-sig,cjk,rpgmaker_system,65,$.switches[68],1,Gal 路地裏
T001866,B0004,D:\Dev\Desenvolvimento\Projetos\TradutorDGames\[Kimochi] RJ01696894,www\data\System.json,0,.json,utf-8-sig,cjk,rpgmaker_system,65,$.switches[69],1,Gal 警官
T001867,B0004,D:\Dev\Desenvolvimento\Projetos\TradutorDGames\[Kimochi] RJ01696894,www\data\System.json,0,.json,utf-8-sig,cjk,rpgmaker_system,65,$.switches[71],1,Gal 局員
T001868,B0004,D:\Dev\Desenvolvimento\Projetos\TradutorDGames\[Kimochi] RJ01696894,www\data\System.json,0,.json,utf-8-sig,"cjk,kana",rpgmaker_system,65,$.switches[7],1,オート重ねる
T001869,B0004,D:\Dev\Desenvolvimento\Projetos\TradutorDGames\[Kimochi] RJ01696894,www\data\System.json,0,.json,utf-8-sig,"cjk,kana",rpgmaker_system,65,$.switches[8],1,オート離す
T001870,B0004,D:\Dev\Desenvolvimento\Projetos\TradutorDGames\[Kimochi] RJ01696894,www\data\System.json,0,.json,utf-8-sig,kana,rpgmaker_system,65,$.terms.basic[0],1,レベル
T001871,B0004,D:\Dev\Desenvolvimento\Projetos\TradutorDGames\[Kimochi] RJ01696894,www\data\System.json,0,.json,utf-8-sig,cjk,rpgmaker_system,65,$.terms.basic[8],1,経験値
T001872,B0004,D:\Dev\Desenvolvimento\Projetos\TradutorDGames\[Kimochi] RJ01696894,www\data\System.json,0,.json,utf-8-sig,"cjk,kana",rpgmaker_system,65,$.terms.commands[0],1,戦う
T001873,B0004,D:\Dev\Desenvolvimento\Projetos\TradutorDGames\[Kimochi] RJ01696894,www\data\System.json,0,.json,utf-8-sig,"cjk,kana",rpgmaker_system,65,$.terms.commands[10],1,ゲーム終了
T001874,B0004,D:\Dev\Desenvolvimento\Projetos\TradutorDGames\[Kimochi] RJ01696894,www\data\System.json,0,.json,utf-8-sig,kana,rpgmaker_system,65,$.terms.commands[11],1,オプション
T001875,B0004,D:\Dev\Desenvolvimento\Projetos\TradutorDGames\[Kimochi] RJ01696894,www\data\System.json,0,.json,utf-8-sig,cjk,rpgmaker_system,65,$.terms.commands[12],1,武器
T001876,B0004,D:\Dev\Desenvolvimento\Projetos\TradutorDGames\[Kimochi] RJ01696894,www\data\System.json,0,.json,utf-8-sig,cjk,rpgmaker_system,65,$.terms.commands[13],1,防具
T001877,B0004,D:\Dev\Desenvolvimento\Projetos\TradutorDGames\[Kimochi] RJ01696894,www\data\System.json,0,.json,utf-8-sig,"cjk,kana",rpgmaker_system,65,$.terms.commands[14],1,大事なもの
T001878,B0004,D:\Dev\Desenvolvimento\Projetos\TradutorDGames\[Kimochi] RJ01696894,www\data\System.json,0,.json,utf-8-sig,cjk,rpgmaker_system,65,$.terms.commands[15],1,装備
T001879,B0004,D:\Dev\Desenvolvimento\Projetos\TradutorDGames\[Kimochi] RJ01696894,www\data\System.json,0,.json,utf-8-sig,cjk,rpgmaker_system,65,$.terms.commands[16],1,最強装備
T001880,B0004,D:\Dev\Desenvolvimento\Projetos\TradutorDGames\[Kimochi] RJ01696894,www\data\System.json,0,.json,utf-8-sig,"cjk,kana",rpgmaker_system,65,$.terms.commands[17],1,全て外す
T001881,B0004,D:\Dev\Desenvolvimento\Projetos\TradutorDGames\[Kimochi] RJ01696894,www\data\System.json,0,.json,utf-8-sig,kana,rpgmaker_system,65,$.terms.commands[18],1,ニューゲーム
T001882,B0004,D:\Dev\Desenvolvimento\Projetos\TradutorDGames\[Kimochi] RJ01696894,www\data\System.json,0,.json,utf-8-sig,kana,rpgmaker_system,65,$.terms.commands[19],1,コンティニュー
T001883,B0004,D:\Dev\Desenvolvimento\Projetos\TradutorDGames\[Kimochi] RJ01696894,www\data\System.json,0,.json,utf-8-sig,"cjk,kana",rpgmaker_system,65,$.terms.commands[1],1,逃げる
T001884,B0004,D:\Dev\Desenvolvimento\Projetos\TradutorDGames\[Kimochi] RJ01696894,www\data\System.json,0,.json,utf-8-sig,kana,rpgmaker_system,65,$.terms.commands[21],1,タイトルへ
T001885,B0004,D:\Dev\Desenvolvimento\Projetos\TradutorDGames\[Kimochi] RJ01696894,www\data\System.json,0,.json,utf-8-sig,kana,rpgmaker_system,65,$.terms.commands[22],1,やめる
T001886,B0004,D:\Dev\Desenvolvimento\Projetos\TradutorDGames\[Kimochi] RJ01696894,www\data\System.json,0,.json,utf-8-sig,"cjk,kana",rpgmaker_system,65,$.terms.commands[24],1,購入する
T001887,B0004,D:\Dev\Desenvolvimento\Projetos\TradutorDGames\[Kimochi] RJ01696894,www\data\System.json,0,.json,utf-8-sig,"cjk,kana",rpgmaker_system,65,$.terms.commands[25],1,売却する
T001888,B0004,D:\Dev\Desenvolvimento\Projetos\TradutorDGames\[Kimochi] RJ01696894,www\data\System.json,0,.json,utf-8-sig,cjk,rpgmaker_system,65,$.terms.commands[2],1,攻撃
T001889,B0004,D:\Dev\Desenvolvimento\Projetos\TradutorDGames\[Kimochi] RJ01696894,www\data\System.json,0,.json,utf-8-sig,cjk,rpgmaker_system,65,$.terms.commands[3],1,防御
T001890,B0004,D:\Dev\Desenvolvimento\Projetos\TradutorDGames\[Kimochi] RJ01696894,www\data\System.json,0,.json,utf-8-sig,kana,rpgmaker_system,65,$.terms.commands[4],1,アイテム
T001891,B0004,D:\Dev\Desenvolvimento\Projetos\TradutorDGames\[Kimochi] RJ01696894,www\data\System.json,0,.json,utf-8-sig,kana,rpgmaker_system,65,$.terms.commands[5],1,スキル
T001892,B0004,D:\Dev\Desenvolvimento\Projetos\TradutorDGames\[Kimochi] RJ01696894,www\data\System.json,0,.json,utf-8-sig,cjk,rpgmaker_system,65,$.terms.commands[6],1,装備
T001893,B0004,D:\Dev\Desenvolvimento\Projetos\TradutorDGames\[Kimochi] RJ01696894,www\data\System.json,0,.json,utf-8-sig,kana,rpgmaker_system,65,$.terms.commands[7],1,ステータス
T001894,B0004,D:\Dev\Desenvolvimento\Projetos\TradutorDGames\[Kimochi] RJ01696894,www\data\System.json,0,.json,utf-8-sig,"cjk,kana",rpgmaker_system,65,$.terms.commands[8],1,並び替え
T001895,B0004,D:\Dev\Desenvolvimento\Projetos\TradutorDGames\[Kimochi] RJ01696894,www\data\System.json,0,.json,utf-8-sig,kana,rpgmaker_system,65,$.terms.commands[9],1,セーブ
T001896,B0004,D:\Dev\Desenvolvimento\Projetos\TradutorDGames\[Kimochi] RJ01696894,www\data\System.json,0,.json,utf-8-sig,"cjk,kana",rpgmaker_system,65,$.terms.messages.actionFailure,1,%1には効かなかった！
T001897,B0004,D:\Dev\Desenvolvimento\Projetos\TradutorDGames\[Kimochi] RJ01696894,www\data\System.json,0,.json,utf-8-sig,"cjk,kana",rpgmaker_system,65,$.terms.messages.actorDamage,1,%1は %2 のダメージを受けた！
T001898,B0004,D:\Dev\Desenvolvimento\Projetos\TradutorDGames\[Kimochi] RJ01696894,www\data\System.json,0,.json,utf-8-sig,"cjk,kana",rpgmaker_system,65,$.terms.messages.actorDrain,1,%1は%2を %3 奪われた！
T001899,B0004,D:\Dev\Desenvolvimento\Projetos\TradutorDGames\[Kimochi] RJ01696894,www\data\System.json,0,.json,utf-8-sig,"cjk,kana",rpgmaker_system,65,$.terms.messages.actorGain,1,%1の%2が %3 増えた！
T001900,B0004,D:\Dev\Desenvolvimento\Projetos\TradutorDGames\[Kimochi] RJ01696894,www\data\System.json,0,.json,utf-8-sig,"cjk,kana",rpgmaker_system,65,$.terms.messages.actorLoss,1,%1の%2が %3 減った！
T001901,B0004,D:\Dev\Desenvolvimento\Projetos\TradutorDGames\[Kimochi] RJ01696894,www\data\System.json,0,.json,utf-8-sig,"cjk,kana",rpgmaker_system,65,$.terms.messages.actorNoDamage,1,%1はダメージを受けていない！
T001902,B0004,D:\Dev\Desenvolvimento\Projetos\TradutorDGames\[Kimochi] RJ01696894,www\data\System.json,0,.json,utf-8-sig,"cjk,kana",rpgmaker_system,65,$.terms.messages.actorNoHit,1,ミス！　%1はダメージを受けていない！
T001903,B0004,D:\Dev\Desenvolvimento\Projetos\TradutorDGames\[Kimochi] RJ01696894,www\data\System.json,0,.json,utf-8-sig,"cjk,kana",rpgmaker_system,65,$.terms.messages.actorRecovery,1,%1の%2が %3 回復した！
T001904,B0004,D:\Dev\Desenvolvimento\Projetos\TradutorDGames\[Kimochi] RJ01696894,www\data\System.json,0,.json,utf-8-sig,"cjk,kana",rpgmaker_system,65,$.terms.messages.alwaysDash,1,常時ダッシュ
T001905,B0004,D:\Dev\Desenvolvimento\Projetos\TradutorDGames\[Kimochi] RJ01696894,www\data\System.json,0,.json,utf-8-sig,cjk,rpgmaker_system,65,$.terms.messages.bgmVolume,1,BGM 音量
T001906,B0004,D:\Dev\Desenvolvimento\Projetos\TradutorDGames\[Kimochi] RJ01696894,www\data\System.json,0,.json,utf-8-sig,cjk,rpgmaker_system,65,$.terms.messages.bgsVolume,1,BGS 音量
T001907,B0004,D:\Dev\Desenvolvimento\Projetos\TradutorDGames\[Kimochi] RJ01696894,www\data\System.json,0,.json,utf-8-sig,"cjk,kana",rpgmaker_system,65,$.terms.messages.buffAdd,1,%1の%2が上がった！
T001908,B0004,D:\Dev\Desenvolvimento\Projetos\TradutorDGames\[Kimochi] RJ01696894,www\data\System.json,0,.json,utf-8-sig,"cjk,kana",rpgmaker_system,65,$.terms.messages.buffRemove,1,%1の%2が元に戻った！
T001909,B0004,D:\Dev\Desenvolvimento\Projetos\TradutorDGames\[Kimochi] RJ01696894,www\data\System.json,0,.json,utf-8-sig,"cjk,kana",rpgmaker_system,65,$.terms.messages.commandRemember,1,コマンド記憶
T001910,B0004,D:\Dev\Desenvolvimento\Projetos\TradutorDGames\[Kimochi] RJ01696894,www\data\System.json,0,.json,utf-8-sig,"cjk,kana",rpgmaker_system,65,$.terms.messages.counterAttack,1,%1の反撃！
T001911,B0004,D:\Dev\Desenvolvimento\Projetos\TradutorDGames\[Kimochi] RJ01696894,www\data\System.json,0,.json,utf-8-sig,"cjk,kana",rpgmaker_system,65,$.terms.messages.criticalToActor,1,痛恨の一撃！！
T001912,B0004,D:\Dev\Desenvolvimento\Projetos\TradutorDGames\[Kimochi] RJ01696894,www\data\System.json,0,.json,utf-8-sig,"cjk,kana",rpgmaker_system,65,$.terms.messages.criticalToEnemy,1,会心の一撃！！
T001913,B0004,D:\Dev\Desenvolvimento\Projetos\TradutorDGames\[Kimochi] RJ01696894,www\data\System.json,0,.json,utf-8-sig,"cjk,kana",rpgmaker_system,65,$.terms.messages.debuffAdd,1,%1の%2が下がった！
T001914,B0004,D:\Dev\Desenvolvimento\Projetos\TradutorDGames\[Kimochi] RJ01696894,www\data\System.json,0,.json,utf-8-sig,"cjk,kana",rpgmaker_system,65,$.terms.messages.defeat,1,%1は戦いに敗れた。
T001915,B0004,D:\Dev\Desenvolvimento\Projetos\TradutorDGames\[Kimochi] RJ01696894,www\data\System.json,0,.json,utf-8-sig,"cjk,kana",rpgmaker_system,65,$.terms.messages.emerge,1,%1が出現！
T001916,B0004,D:\Dev\Desenvolvimento\Projetos\TradutorDGames\[Kimochi] RJ01696894,www\data\System.json,0,.json,utf-8-sig,"cjk,kana",rpgmaker_system,65,$.terms.messages.enemyDamage,1,%1に %2 のダメージを与えた！
T001917,B0004,D:\Dev\Desenvolvimento\Projetos\TradutorDGames\[Kimochi] RJ01696894,www\data\System.json,0,.json,utf-8-sig,"cjk,kana",rpgmaker_system,65,$.terms.messages.enemyDrain,1,%1の%2を %3 奪った！
T001918,B0004,D:\Dev\Desenvolvimento\Projetos\TradutorDGames\[Kimochi] RJ01696894,www\data\System.json,0,.json,utf-8-sig,"cjk,kana",rpgmaker_system,65,$.terms.messages.enemyGain,1,%1の%2が %3 増えた！
T001919,B0004,D:\Dev\Desenvolvimento\Projetos\TradutorDGames\[Kimochi] RJ01696894,www\data\System.json,0,.json,utf-8-sig,"cjk,kana",rpgmaker_system,65,$.terms.messages.enemyLoss,1,%1の%2が %3 減った！
T001920,B0004,D:\Dev\Desenvolvimento\Projetos\TradutorDGames\[Kimochi] RJ01696894,www\data\System.json,0,.json,utf-8-sig,"cjk,kana",rpgmaker_system,65,$.terms.messages.enemyNoDamage,1,%1にダメージを与えられない！
T001921,B0004,D:\Dev\Desenvolvimento\Projetos\TradutorDGames\[Kimochi] RJ01696894,www\data\System.json,0,.json,utf-8-sig,"cjk,kana",rpgmaker_system,65,$.terms.messages.enemyNoHit,1,ミス！　%1にダメージを与えられない！
T001922,B0004,D:\Dev\Desenvolvimento\Projetos\TradutorDGames\[Kimochi] RJ01696894,www\data\System.json,0,.json,utf-8-sig,"cjk,kana",rpgmaker_system,65,$.terms.messages.enemyRecovery,1,%1の%2が %3 回復した！
T001923,B0004,D:\Dev\Desenvolvimento\Projetos\TradutorDGames\[Kimochi] RJ01696894,www\data\System.json,0,.json,utf-8-sig,"cjk,kana",rpgmaker_system,65,$.terms.messages.escapeFailure,1,しかし逃げることはできなかった！
T001924,B0004,D:\Dev\Desenvolvimento\Projetos\TradutorDGames\[Kimochi] RJ01696894,www\data\System.json,0,.json,utf-8-sig,"cjk,kana",rpgmaker_system,65,$.terms.messages.escapeStart,1,%1は逃げ出した！
T001925,B0004,D:\Dev\Desenvolvimento\Projetos\TradutorDGames\[Kimochi] RJ01696894,www\data\System.json,0,.json,utf-8-sig,"cjk,kana",rpgmaker_system,65,$.terms.messages.evasion,1,%1は攻撃をかわした！
T001926,B0004,D:\Dev\Desenvolvimento\Projetos\TradutorDGames\[Kimochi] RJ01696894,www\data\System.json,0,.json,utf-8-sig,"cjk,kana",rpgmaker_system,65,$.terms.messages.expNext,1,次の%1まで
T001927,B0004,D:\Dev\Desenvolvimento\Projetos\TradutorDGames\[Kimochi] RJ01696894,www\data\System.json,0,.json,utf-8-sig,"cjk,kana",rpgmaker_system,65,$.terms.messages.expTotal,1,現在の%1
T001928,B0004,D:\Dev\Desenvolvimento\Projetos\TradutorDGames\[Kimochi] RJ01696894,www\data\System.json,0,.json,utf-8-sig,kana,rpgmaker_system,65,$.terms.messages.file,1,ファイル
T001929,B0004,D:\Dev\Desenvolvimento\Projetos\TradutorDGames\[Kimochi] RJ01696894,www\data\System.json,0,.json,utf-8-sig,"cjk,kana",rpgmaker_system,65,$.terms.messages.levelUp,1,%1は%2 %3 に上がった！
T001930,B0004,D:\Dev\Desenvolvimento\Projetos\TradutorDGames\[Kimochi] RJ01696894,www\data\System.json,0,.json,utf-8-sig,kana,rpgmaker_system,65,$.terms.messages.loadMessage,1,どのファイルをロードしますか？
T001931,B0004,D:\Dev\Desenvolvimento\Projetos\TradutorDGames\[Kimochi] RJ01696894,www\data\System.json,0,.json,utf-8-sig,"cjk,kana",rpgmaker_system,65,$.terms.messages.magicEvasion,1,%1は魔法を打ち消した！
T001932,B0004,D:\Dev\Desenvolvimento\Projetos\TradutorDGames\[Kimochi] RJ01696894,www\data\System.json,0,.json,utf-8-sig,"cjk,kana",rpgmaker_system,65,$.terms.messages.magicReflection,1,%1は魔法を跳ね返した！
T001933,B0004,D:\Dev\Desenvolvimento\Projetos\TradutorDGames\[Kimochi] RJ01696894,www\data\System.json,0,.json,utf-8-sig,cjk,rpgmaker_system,65,$.terms.messages.meVolume,1,ME 音量
T001934,B0004,D:\Dev\Desenvolvimento\Projetos\TradutorDGames\[Kimochi] RJ01696894,www\data\System.json,0,.json,utf-8-sig,"cjk,kana",rpgmaker_system,65,$.terms.messages.obtainExp,1,%1 の%2を獲得！
T001935,B0004,D:\Dev\Desenvolvimento\Projetos\TradutorDGames\[Kimochi] RJ01696894,www\data\System.json,0,.json,utf-8-sig,"cjk,kana",rpgmaker_system,65,$.terms.messages.obtainGold,1,お金を %1\G 手に入れた！
T001936,B0004,D:\Dev\Desenvolvimento\Projetos\TradutorDGames\[Kimochi] RJ01696894,www\data\System.json,0,.json,utf-8-sig,"cjk,kana",rpgmaker_system,65,$.terms.messages.obtainItem,1,%1を手に入れた！
T001937,B0004,D:\Dev\Desenvolvimento\Projetos\TradutorDGames\[Kimochi] RJ01696894,www\data\System.json,0,.json,utf-8-sig,"cjk,kana",rpgmaker_system,65,$.terms.messages.obtainSkill,1,%1を覚えた！
T001938,B0004,D:\Dev\Desenvolvimento\Projetos\TradutorDGames\[Kimochi] RJ01696894,www\data\System.json,0,.json,utf-8-sig,"cjk,kana",rpgmaker_system,65,$.terms.messages.possession,1,持っている数
T001939,B0004,D:\Dev\Desenvolvimento\Projetos\TradutorDGames\[Kimochi] RJ01696894,www\data\System.json,0,.json,utf-8-sig,"cjk,kana",rpgmaker_system,65,$.terms.messages.preemptive,1,%1は先手を取った！
T001940,B0004,D:\Dev\Desenvolvimento\Projetos\TradutorDGames\[Kimochi] RJ01696894,www\data\System.json,0,.json,utf-8-sig,kana,rpgmaker_system,65,$.terms.messages.saveMessage,1,どのファイルにセーブしますか？
T001941,B0004,D:\Dev\Desenvolvimento\Projetos\TradutorDGames\[Kimochi] RJ01696894,www\data\System.json,0,.json,utf-8-sig,cjk,rpgmaker_system,65,$.terms.messages.seVolume,1,SE 音量
T001942,B0004,D:\Dev\Desenvolvimento\Projetos\TradutorDGames\[Kimochi] RJ01696894,www\data\System.json,0,.json,utf-8-sig,kana,rpgmaker_system,65,$.terms.messages.substitute,1,%1が%2をかばった！
T001943,B0004,D:\Dev\Desenvolvimento\Projetos\TradutorDGames\[Kimochi] RJ01696894,www\data\System.json,0,.json,utf-8-sig,"cjk,kana",rpgmaker_system,65,$.terms.messages.surprise,1,%1は不意をつかれた！
T001944,B0004,D:\Dev\Desenvolvimento\Projetos\TradutorDGames\[Kimochi] RJ01696894,www\data\System.json,0,.json,utf-8-sig,"cjk,kana",rpgmaker_system,65,$.terms.messages.useItem,1,%1は%2を使った！
T001945,B0004,D:\Dev\Desenvolvimento\Projetos\TradutorDGames\[Kimochi] RJ01696894,www\data\System.json,0,.json,utf-8-sig,"cjk,kana",rpgmaker_system,65,$.terms.messages.victory,1,%1の勝利！
T001946,B0004,D:\Dev\Desenvolvimento\Projetos\TradutorDGames\[Kimochi] RJ01696894,www\data\System.json,0,.json,utf-8-sig,cjk,rpgmaker_system,65,$.terms.params[0],1,最大ＨＰ
T001947,B0004,D:\Dev\Desenvolvimento\Projetos\TradutorDGames\[Kimochi] RJ01696894,www\data\System.json,0,.json,utf-8-sig,cjk,rpgmaker_system,65,$.terms.params[1],1,最大ＭＰ
T001948,B0004,D:\Dev\Desenvolvimento\Projetos\TradutorDGames\[Kimochi] RJ01696894,www\data\System.json,0,.json,utf-8-sig,cjk,rpgmaker_system,65,$.terms.params[2],1,攻撃力
T001949,B0004,D:\Dev\Desenvolvimento\Projetos\TradutorDGames\[Kimochi] RJ01696894,www\data\System.json,0,.json,utf-8-sig,cjk,rpgmaker_system,65,$.terms.params[3],1,防御力
T001950,B0004,D:\Dev\Desenvolvimento\Projetos\TradutorDGames\[Kimochi] RJ01696894,www\data\System.json,0,.json,utf-8-sig,cjk,rpgmaker_system,65,$.terms.params[4],1,魔法力
T001951,B0004,D:\Dev\Desenvolvimento\Projetos\TradutorDGames\[Kimochi] RJ01696894,www\data\System.json,0,.json,utf-8-sig,cjk,rpgmaker_system,65,$.terms.params[5],1,魔法防御
T001952,B0004,D:\Dev\Desenvolvimento\Projetos\TradutorDGames\[Kimochi] RJ01696894,www\data\System.json,0,.json,utf-8-sig,cjk,rpgmaker_system,65,$.terms.params[6],1,敏捷性
T001953,B0004,D:\Dev\Desenvolvimento\Projetos\TradutorDGames\[Kimochi] RJ01696894,www\data\System.json,0,.json,utf-8-sig,cjk,rpgmaker_system,65,$.terms.params[8],1,命中率
T001954,B0004,D:\Dev\Desenvolvimento\Projetos\TradutorDGames\[Kimochi] RJ01696894,www\data\System.json,0,.json,utf-8-sig,cjk,rpgmaker_system,65,$.terms.params[9],1,回避率
T001955,B0004,D:\Dev\Desenvolvimento\Projetos\TradutorDGames\[Kimochi] RJ01696894,www\data\System.json,0,.json,utf-8-sig,"cjk,kana",rpgmaker_system,65,$.variables[10],1,移動アイコン x座標 2
T001956,B0004,D:\Dev\Desenvolvimento\Projetos\TradutorDGames\[Kimochi] RJ01696894,www\data\System.json,0,.json,utf-8-sig,"cjk,kana",rpgmaker_system,65,$.variables[11],1,移動アイコン y座標 2
T001957,B0004,D:\Dev\Desenvolvimento\Projetos\TradutorDGames\[Kimochi] RJ01696894,www\data\System.json,0,.json,utf-8-sig,"cjk,kana",rpgmaker_system,65,$.variables[12],1,移動アイコン x座標 3
T001958,B0004,D:\Dev\Desenvolvimento\Projetos\TradutorDGames\[Kimochi] RJ01696894,www\data\System.json,0,.json,utf-8-sig,"cjk,kana",rpgmaker_system,65,$.variables[13],1,移動アイコン y座標 3
T001959,B0004,D:\Dev\Desenvolvimento\Projetos\TradutorDGames\[Kimochi] RJ01696894,www\data\System.json,0,.json,utf-8-sig,cjk,rpgmaker_system,65,$.variables[14],1,移動Dtext x座標1
T001960,B0004,D:\Dev\Desenvolvimento\Projetos\TradutorDGames\[Kimochi] RJ01696894,www\data\System.json,0,.json,utf-8-sig,cjk,rpgmaker_system,65,$.variables[15],1,移動Dtext y座標1
T001961,B0004,D:\Dev\Desenvolvimento\Projetos\TradutorDGames\[Kimochi] RJ01696894,www\data\System.json,0,.json,utf-8-sig,cjk,rpgmaker_system,65,$.variables[16],1,移動Dtext x座標2
T001962,B0004,D:\Dev\Desenvolvimento\Projetos\TradutorDGames\[Kimochi] RJ01696894,www\data\System.json,0,.json,utf-8-sig,cjk,rpgmaker_system,65,$.variables[17],1,移動Dtext y座標2
T001963,B0004,D:\Dev\Desenvolvimento\Projetos\TradutorDGames\[Kimochi] RJ01696894,www\data\System.json,0,.json,utf-8-sig,cjk,rpgmaker_system,65,$.variables[18],1,移動Dtext x座標3
T001964,B0004,D:\Dev\Desenvolvimento\Projetos\TradutorDGames\[Kimochi] RJ01696894,www\data\System.json,0,.json,utf-8-sig,cjk,rpgmaker_system,65,$.variables[19],1,移動Dtext y座標3
T001965,B0004,D:\Dev\Desenvolvimento\Projetos\TradutorDGames\[Kimochi] RJ01696894,www\data\System.json,0,.json,utf-8-sig,"cjk,kana",rpgmaker_system,65,$.variables[1],1,プレイヤーX座標
T001966,B0004,D:\Dev\Desenvolvimento\Projetos\TradutorDGames\[Kimochi] RJ01696894,www\data\System.json,0,.json,utf-8-sig,"cjk,kana",rpgmaker_system,65,$.variables[21],1,テキストオート速度
T001967,B0004,D:\Dev\Desenvolvimento\Projetos\TradutorDGames\[Kimochi] RJ01696894,www\data\System.json,0,.json,utf-8-sig,"cjk,kana",rpgmaker_system,65,$.variables[23],1,キャラ変数
T001968,B0004,D:\Dev\Desenvolvimento\Projetos\TradutorDGames\[Kimochi] RJ01696894,www\data\System.json,0,.json,utf-8-sig,"cjk,kana",rpgmaker_system,65,$.variables[24],1,スマホ表示変数
T001969,B0004,D:\Dev\Desenvolvimento\Projetos\TradutorDGames\[Kimochi] RJ01696894,www\data\System.json,0,.json,utf-8-sig,"cjk,kana",rpgmaker_system,65,$.variables[27],1,タッチピクチャ取得
T001970,B0004,D:\Dev\Desenvolvimento\Projetos\TradutorDGames\[Kimochi] RJ01696894,www\data\System.json,0,.json,utf-8-sig,"cjk,kana",rpgmaker_system,65,$.variables[29],1,tgameクリア数
T001971,B0004,D:\Dev\Desenvolvimento\Projetos\TradutorDGames\[Kimochi] RJ01696894,www\data\System.json,0,.json,utf-8-sig,"cjk,kana",rpgmaker_system,65,$.variables[2],1,プレイヤーY座標
T001972,B0004,D:\Dev\Desenvolvimento\Projetos\TradutorDGames\[Kimochi] RJ01696894,www\data\System.json,0,.json,utf-8-sig,"cjk,kana",rpgmaker_system,65,$.variables[3],1,イベント位置
T001973,B0004,D:\Dev\Desenvolvimento\Projetos\TradutorDGames\[Kimochi] RJ01696894,www\data\System.json,0,.json,utf-8-sig,"cjk,kana",rpgmaker_system,65,$.variables[41],1,メインシナリオ進行
T001974,B0004,D:\Dev\Desenvolvimento\Projetos\TradutorDGames\[Kimochi] RJ01696894,www\data\System.json,0,.json,utf-8-sig,"cjk,kana",rpgmaker_system,65,$.variables[53],1,移動アイコン x座標 4
T001975,B0004,D:\Dev\Desenvolvimento\Projetos\TradutorDGames\[Kimochi] RJ01696894,www\data\System.json,0,.json,utf-8-sig,"cjk,kana",rpgmaker_system,65,$.variables[54],1,移動アイコン y座標 4
T001976,B0004,D:\Dev\Desenvolvimento\Projetos\TradutorDGames\[Kimochi] RJ01696894,www\data\System.json,0,.json,utf-8-sig,cjk,rpgmaker_system,65,$.variables[55],1,移動Dtext x座標4
T001977,B0004,D:\Dev\Desenvolvimento\Projetos\TradutorDGames\[Kimochi] RJ01696894,www\data\System.json,0,.json,utf-8-sig,cjk,rpgmaker_system,65,$.variables[56],1,移動Dtext y座標4
T001978,B0004,D:\Dev\Desenvolvimento\Projetos\TradutorDGames\[Kimochi] RJ01696894,www\data\System.json,0,.json,utf-8-sig,"cjk,kana",rpgmaker_system,65,$.variables[5],1,メッセージウィンドウ種類
T001979,B0004,D:\Dev\Desenvolvimento\Projetos\TradutorDGames\[Kimochi] RJ01696894,www\data\System.json,0,.json,utf-8-sig,"cjk,kana",rpgmaker_system,65,$.variables[61],1,学校パート進行
T001980,B0004,D:\Dev\Desenvolvimento\Projetos\TradutorDGames\[Kimochi] RJ01696894,www\data\System.json,0,.json,utf-8-sig,"cjk,kana",rpgmaker_system,65,$.variables[62],1,街パート進行
T001981,B0004,D:\Dev\Desenvolvimento\Projetos\TradutorDGames\[Kimochi] RJ01696894,www\data\System.json,0,.json,utf-8-sig,"cjk,kana",rpgmaker_system,65,$.variables[65],1,シーンイベントA進行
T001982,B0004,D:\Dev\Desenvolvimento\Projetos\TradutorDGames\[Kimochi] RJ01696894,www\data\System.json,0,.json,utf-8-sig,"cjk,kana",rpgmaker_system,65,$.variables[66],1,シーンイベントB進行
T001983,B0004,D:\Dev\Desenvolvimento\Projetos\TradutorDGames\[Kimochi] RJ01696894,www\data\System.json,0,.json,utf-8-sig,"cjk,kana",rpgmaker_system,65,$.variables[6],1,現在のスタミナ
T001984,B0004,D:\Dev\Desenvolvimento\Projetos\TradutorDGames\[Kimochi] RJ01696894,www\data\System.json,0,.json,utf-8-sig,"cjk,kana",rpgmaker_system,65,$.variables[8],1,移動アイコン x座標 1
T001985,B0004,D:\Dev\Desenvolvimento\Projetos\TradutorDGames\[Kimochi] RJ01696894,www\data\System.json,0,.json,utf-8-sig,"cjk,kana",rpgmaker_system,65,$.variables[9],1,移動アイコン y座標 1
T001986,B0004,D:\Dev\Desenvolvimento\Projetos\TradutorDGames\[Kimochi] RJ01696894,www\js\libs\pixi.js,23156,.js,utf-8-sig,accented_latin,generic_text,50,,1,|MÉq
T001987,B0004,D:\Dev\Desenvolvimento\Projetos\TradutorDGames\[Kimochi] RJ01696894,www\js\libs\pixi.js,23172,.js,utf-8-sig,accented_latin,generic_text,50,,1,|MÉq
T001988,B0004,D:\Dev\Desenvolvimento\Projetos\TradutorDGames\[Kimochi] RJ01696894,www\js\plugins.js,5,.js,utf-8-sig,"cjk,kana",generic_text,50,,1,[基本設定]　基本的なパラメーターを設定するプラグインです。
T001989,B0004,D:\Dev\Desenvolvimento\Projetos\TradutorDGames\[Kimochi] RJ01696894,www\js\plugins.js,6,.js,utf-8-sig,"cjk,kana",generic_text,50,,1,[基本設定]　放置していると画面がフリーズするのを修正
T001990,B0004,D:\Dev\Desenvolvimento\Projetos\TradutorDGames\[Kimochi] RJ01696894,www\js\plugins.js,7,.js,utf-8-sig,"cjk,kana",generic_text,50,,1,[基本設定]　オプションデフォルト値設定プラグイン
T001991,B0004,D:\Dev\Desenvolvimento\Projetos\TradutorDGames\[Kimochi] RJ01696894,www\js\plugins.js,7,.js,utf-8-sig,"cjk,kana",generic_text,50,,1,常時ダッシュ
T001992,B0004,D:\Dev\Desenvolvimento\Projetos\TradutorDGames\[Kimochi] RJ01696894,www\js\plugins.js,7,.js,utf-8-sig,"cjk,kana",generic_text,50,,1,コマンド記憶
T001993,B0004,D:\Dev\Desenvolvimento\Projetos\TradutorDGames\[Kimochi] RJ01696894,www\js\plugins.js,7,.js,utf-8-sig,cjk,generic_text,50,,1,BGM音量
T001994,B0004,D:\Dev\Desenvolvimento\Projetos\TradutorDGames\[Kimochi] RJ01696894,www\js\plugins.js,7,.js,utf-8-sig,cjk,generic_text,50,,1,BGS音量
T001995,B0004,D:\Dev\Desenvolvimento\Projetos\TradutorDGames\[Kimochi] RJ01696894,www\js\plugins.js,7,.js,utf-8-sig,cjk,generic_text,50,,1,ME音量
T001996,B0004,D:\Dev\Desenvolvimento\Projetos\TradutorDGames\[Kimochi] RJ01696894,www\js\plugins.js,7,.js,utf-8-sig,cjk,generic_text,50,,1,SE音量
T001997,B0004,D:\Dev\Desenvolvimento\Projetos\TradutorDGames\[Kimochi] RJ01696894,www\js\plugins.js,7,.js,utf-8-sig,"cjk,kana",generic_text,50,,1,常時ダッシュ消去
T001998,B0004,D:\Dev\Desenvolvimento\Projetos\TradutorDGames\[Kimochi] RJ01696894,www\js\plugins.js,7,.js,utf-8-sig,"cjk,kana",generic_text,50,,1,コマンド記憶消去
T001999,B0004,D:\Dev\Desenvolvimento\Projetos\TradutorDGames\[Kimochi] RJ01696894,www\js\plugins.js,7,.js,utf-8-sig,cjk,generic_text,50,,1,BGM音量消去
T002000,B0004,D:\Dev\Desenvolvimento\Projetos\TradutorDGames\[Kimochi] RJ01696894,www\js\plugins.js,7,.js,utf-8-sig,cjk,generic_text,50,,1,BGS音量消去
T002001,B0005,D:\Dev\Desenvolvimento\Projetos\TradutorDGames\[Kimochi] RJ01696894,www\js\plugins.js,7,.js,utf-8-sig,cjk,generic_text,50,,1,ME音量消去
T002002,B0005,D:\Dev\Desenvolvimento\Projetos\TradutorDGames\[Kimochi] RJ01696894,www\js\plugins.js,7,.js,utf-8-sig,cjk,generic_text,50,,1,SE音量消去
T002003,B0005,D:\Dev\Desenvolvimento\Projetos\TradutorDGames\[Kimochi] RJ01696894,www\js\plugins.js,8,.js,utf-8-sig,kana,generic_text,50,,1,[メッセージ]　フォントのカスタマイズ
T002004,B0005,D:\Dev\Desenvolvimento\Projetos\TradutorDGames\[Kimochi] RJ01696894,www\js\plugins.js,9,.js,utf-8-sig,kana,generic_text,50,,1,[メッセージ]　メッセージスキッププラグイン
T002005,B0005,D:\Dev\Desenvolvimento\Projetos\TradutorDGames\[Kimochi] RJ01696894,www\js\plugins.js,9,.js,utf-8-sig,kana,generic_text,50,,1,スキップキー
T002006,B0005,D:\Dev\Desenvolvimento\Projetos\TradutorDGames\[Kimochi] RJ01696894,www\js\plugins.js,9,.js,utf-8-sig,kana,generic_text,50,,1,オートキー
T002007,B0005,D:\Dev\Desenvolvimento\Projetos\TradutorDGames\[Kimochi] RJ01696894,www\js\plugins.js,9,.js,utf-8-sig,kana,generic_text,50,,1,スキップスイッチ
T002008,B0005,D:\Dev\Desenvolvimento\Projetos\TradutorDGames\[Kimochi] RJ01696894,www\js\plugins.js,9,.js,utf-8-sig,kana,generic_text,50,,1,オートスイッチ
T002009,B0005,D:\Dev\Desenvolvimento\Projetos\TradutorDGames\[Kimochi] RJ01696894,www\js\plugins.js,9,.js,utf-8-sig,kana,generic_text,50,,1,スキップアイコン
T002010,B0005,D:\Dev\Desenvolvimento\Projetos\TradutorDGames\[Kimochi] RJ01696894,www\js\plugins.js,9,.js,utf-8-sig,kana,generic_text,50,,1,オートアイコン
T002011,B0005,D:\Dev\Desenvolvimento\Projetos\TradutorDGames\[Kimochi] RJ01696894,www\js\plugins.js,9,.js,utf-8-sig,kana,generic_text,50,,1,アイコンX
T002012,B0005,D:\Dev\Desenvolvimento\Projetos\TradutorDGames\[Kimochi] RJ01696894,www\js\plugins.js,9,.js,utf-8-sig,kana,generic_text,50,,1,アイコンY
T002013,B0005,D:\Dev\Desenvolvimento\Projetos\TradutorDGames\[Kimochi] RJ01696894,www\js\plugins.js,9,.js,utf-8-sig,"cjk,kana",generic_text,50,,1,押し続けスキップ
T002014,B0005,D:\Dev\Desenvolvimento\Projetos\TradutorDGames\[Kimochi] RJ01696894,www\js\plugins.js,9,.js,utf-8-sig,"cjk,kana",generic_text,50,,1,オート待機フレーム
T002015,B0005,D:\Dev\Desenvolvimento\Projetos\TradutorDGames\[Kimochi] RJ01696894,www\js\plugins.js,9,.js,utf-8-sig,"cjk,kana",generic_text,50,,1,終了解除スイッチID
T002016,B0005,D:\Dev\Desenvolvimento\Projetos\TradutorDGames\[Kimochi] RJ01696894,www\js\plugins.js,9,.js,utf-8-sig,kana,generic_text,50,,1,スキップピクチャ
T002017,B0005,D:\Dev\Desenvolvimento\Projetos\TradutorDGames\[Kimochi] RJ01696894,www\js\plugins.js,9,.js,utf-8-sig,kana,generic_text,50,,1,スキップピクチャX
T002018,B0005,D:\Dev\Desenvolvimento\Projetos\TradutorDGames\[Kimochi] RJ01696894,www\js\plugins.js,9,.js,utf-8-sig,kana,generic_text,50,,1,スキップピクチャY
T002019,B0005,D:\Dev\Desenvolvimento\Projetos\TradutorDGames\[Kimochi] RJ01696894,www\js\plugins.js,9,.js,utf-8-sig,kana,generic_text,50,,1,オートピクチャ
T002020,B0005,D:\Dev\Desenvolvimento\Projetos\TradutorDGames\[Kimochi] RJ01696894,www\js\plugins.js,9,.js,utf-8-sig,kana,generic_text,50,,1,オートピクチャX
T002021,B0005,D:\Dev\Desenvolvimento\Projetos\TradutorDGames\[Kimochi] RJ01696894,www\js\plugins.js,9,.js,utf-8-sig,kana,generic_text,50,,1,オートピクチャY
T002022,B0005,D:\Dev\Desenvolvimento\Projetos\TradutorDGames\[Kimochi] RJ01696894,www\js\plugins.js,9,.js,utf-8-sig,kana,generic_text,50,,1,スイッチピクチャ
T002023,B0005,D:\Dev\Desenvolvimento\Projetos\TradutorDGames\[Kimochi] RJ01696894,www\js\plugins.js,9,.js,utf-8-sig,kana,generic_text,50,,1,スイッチピクチャトリガー
T002024,B0005,D:\Dev\Desenvolvimento\Projetos\TradutorDGames\[Kimochi] RJ01696894,www\js\plugins.js,9,.js,utf-8-sig,kana,generic_text,50,,1,スイッチピクチャX
T002025,B0005,D:\Dev\Desenvolvimento\Projetos\TradutorDGames\[Kimochi] RJ01696894,www\js\plugins.js,9,.js,utf-8-sig,kana,generic_text,50,,1,スイッチピクチャY
T002026,B0005,D:\Dev\Desenvolvimento\Projetos\TradutorDGames\[Kimochi] RJ01696894,www\js\plugins.js,9,.js,utf-8-sig,"cjk,kana",generic_text,50,,1,ボタン原点
T002027,B0005,D:\Dev\Desenvolvimento\Projetos\TradutorDGames\[Kimochi] RJ01696894,www\js\plugins.js,9,.js,utf-8-sig,"cjk,kana",generic_text,50,,1,ボタン表示スイッチID
T002028,B0005,D:\Dev\Desenvolvimento\Projetos\TradutorDGames\[Kimochi] RJ01696894,www\js\plugins.js,9,.js,utf-8-sig,"cjk,kana",generic_text,50,,1,ピクチャ座標タイプ
T002029,B0005,D:\Dev\Desenvolvimento\Projetos\TradutorDGames\[Kimochi] RJ01696894,www\js\plugins.js,9,.js,utf-8-sig,"cjk,kana",generic_text,50,,1,無効化スイッチ
T002030,B0005,D:\Dev\Desenvolvimento\Projetos\TradutorDGames\[Kimochi] RJ01696894,www\js\plugins.js,10,.js,utf-8-sig,"cjk,kana",generic_text,50,,1,[移動]　ピクチャのボタン化プラグイン
T002031,B0005,D:\Dev\Desenvolvimento\Projetos\TradutorDGames\[Kimochi] RJ01696894,www\js\plugins.js,10,.js,utf-8-sig,"cjk,kana",generic_text,50,,1,透明色を考慮
T002032,B0005,D:\Dev\Desenvolvimento\Projetos\TradutorDGames\[Kimochi] RJ01696894,www\js\plugins.js,10,.js,utf-8-sig,"cjk,kana",generic_text,50,,1,ピクチャ番号の変数番号
T002033,B0005,D:\Dev\Desenvolvimento\Projetos\TradutorDGames\[Kimochi] RJ01696894,www\js\plugins.js,10,.js,utf-8-sig,"cjk,kana",generic_text,50,,1,ポインタX座標の変数番号
T002034,B0005,D:\Dev\Desenvolvimento\Projetos\TradutorDGames\[Kimochi] RJ01696894,www\js\plugins.js,10,.js,utf-8-sig,"cjk,kana",generic_text,50,,1,ポインタY座標の変数番号
T002035,B0005,D:\Dev\Desenvolvimento\Projetos\TradutorDGames\[Kimochi] RJ01696894,www\js\plugins.js,10,.js,utf-8-sig,"cjk,kana",generic_text,50,,1,タッチ操作抑制
T002036,B0005,D:\Dev\Desenvolvimento\Projetos\TradutorDGames\[Kimochi] RJ01696894,www\js\plugins.js,10,.js,utf-8-sig,"cjk,kana",generic_text,50,,1,タッチ操作抑制スイッチ
T002037,B0005,D:\Dev\Desenvolvimento\Projetos\TradutorDGames\[Kimochi] RJ01696894,www\js\plugins.js,10,.js,utf-8-sig,"cjk,kana",generic_text,50,,1,戦闘中常にコモン実行
T002038,B0005,D:\Dev\Desenvolvimento\Projetos\TradutorDGames\[Kimochi] RJ01696894,www\js\plugins.js,10,.js,utf-8-sig,"cjk,kana",generic_text,50,,1,並列処理として実行
T002039,B0005,D:\Dev\Desenvolvimento\Projetos\TradutorDGames\[Kimochi] RJ01696894,www\js\plugins.js,10,.js,utf-8-sig,"cjk,kana",generic_text,50,,1,無効スイッチ
T002040,B0005,D:\Dev\Desenvolvimento\Projetos\TradutorDGames\[Kimochi] RJ01696894,www\js\plugins.js,11,.js,utf-8-sig,kana,generic_text,50,,1,[アニメーション]　ピクチャのアニメーションプラグイン
T002041,B0005,D:\Dev\Desenvolvimento\Projetos\TradutorDGames\[Kimochi] RJ01696894,www\js\plugins.js,11,.js,utf-8-sig,"cjk,kana",generic_text,50,,1,最初のセルに戻る
T002042,B0005,D:\Dev\Desenvolvimento\Projetos\TradutorDGames\[Kimochi] RJ01696894,www\js\plugins.js,12,.js,utf-8-sig,cjk,generic_text,50,,1,PictureAnimation拡張
T002043,B0005,D:\Dev\Desenvolvimento\Projetos\TradutorDGames\[Kimochi] RJ01696894,www\js\plugins.js,13,.js,utf-8-sig,"cjk,kana",generic_text,50,,1,[選択肢]　ウィンドウ点滅停止プラグイン
T002044,B0005,D:\Dev\Desenvolvimento\Projetos\TradutorDGames\[Kimochi] RJ01696894,www\js\plugins.js,14,.js,utf-8-sig,"cjk,kana",generic_text,50,,1,[基本設定]　1.2.1 ゲームのピクセルパーフェクトスケーリングモードを有効にする
T002045,B0005,D:\Dev\Desenvolvimento\Projetos\TradutorDGames\[Kimochi] RJ01696894,www\js\plugins.js,14,.js,utf-8-sig,"cjk,kana",generic_text,50,,1,"{\""mode\"":\""ピクセルパーフェクトモード\"",\""stretch\"":\""ストレッチを許可する\""}"
T002046,B0005,D:\Dev\Desenvolvimento\Projetos\TradutorDGames\[Kimochi] RJ01696894,www\js\plugins.js,14,.js,utf-8-sig,cjk,generic_text,50,,1,"{\""mode\"":\""像素完美模式\"",\""stretch\"":\""允许拉伸\""}"
T002047,B0005,D:\Dev\Desenvolvimento\Projetos\TradutorDGames\[Kimochi] RJ01696894,www\js\plugins.js,14,.js,utf-8-sig,hangul,generic_text,50,,1,"{\""mode\"":\""픽셀 퍼펙트 모드\"",\""stretch\"":\""스트레칭을 허용합니다\""}"
T002048,B0005,D:\Dev\Desenvolvimento\Projetos\TradutorDGames\[Kimochi] RJ01696894,www\js\plugins.js,14,.js,utf-8-sig,cyrillic,generic_text,50,,1,"{\""mode\"":\""Разрешить растягивание этикетки\"",\""stretch\"":\""Разрешить растягивание\""}"
T002049,B0005,D:\Dev\Desenvolvimento\Projetos\TradutorDGames\[Kimochi] RJ01696894,www\js\plugins.js,15,.js,utf-8-sig,"cjk,kana",generic_text,50,,1,[基本設定]　トランジション効果
T002050,B0005,D:\Dev\Desenvolvimento\Projetos\TradutorDGames\[Kimochi] RJ01696894,www\js\plugins.js,15,.js,utf-8-sig,"cjk,kana",generic_text,50,,1,-- 画面トランジション --
T002051,B0005,D:\Dev\Desenvolvimento\Projetos\TradutorDGames\[Kimochi] RJ01696894,www\js\plugins.js,15,.js,utf-8-sig,"cjk,kana",generic_text,50,,1,画面フェードに適用
T002052,B0005,D:\Dev\Desenvolvimento\Projetos\TradutorDGames\[Kimochi] RJ01696894,www\js\plugins.js,15,.js,utf-8-sig,"cjk,kana",generic_text,50,,1,画面フェード用画像
T002053,B0005,D:\Dev\Desenvolvimento\Projetos\TradutorDGames\[Kimochi] RJ01696894,www\js\plugins.js,15,.js,utf-8-sig,"cjk,kana",generic_text,50,,1,画面フェードイン用画像
T002054,B0005,D:\Dev\Desenvolvimento\Projetos\TradutorDGames\[Kimochi] RJ01696894,www\js\plugins.js,15,.js,utf-8-sig,"cjk,kana",generic_text,50,,1,画面フェードアウト用画像
T002055,B0005,D:\Dev\Desenvolvimento\Projetos\TradutorDGames\[Kimochi] RJ01696894,www\js\plugins.js,15,.js,utf-8-sig,"cjk,kana",generic_text,50,,1,画面フェードの柔らかさ
T002056,B0005,D:\Dev\Desenvolvimento\Projetos\TradutorDGames\[Kimochi] RJ01696894,www\js\plugins.js,15,.js,utf-8-sig,"cjk,kana",generic_text,50,,1,画面フェード時間
T002057,B0005,D:\Dev\Desenvolvimento\Projetos\TradutorDGames\[Kimochi] RJ01696894,www\js\plugins.js,15,.js,utf-8-sig,kana,generic_text,50,,1,-- メッセージウィンドウ --
T002058,B0005,D:\Dev\Desenvolvimento\Projetos\TradutorDGames\[Kimochi] RJ01696894,www\js\plugins.js,15,.js,utf-8-sig,"cjk,kana",generic_text,50,,1,メッセージウィンドウに適用
T002059,B0005,D:\Dev\Desenvolvimento\Projetos\TradutorDGames\[Kimochi] RJ01696894,www\js\plugins.js,15,.js,utf-8-sig,"cjk,kana",generic_text,50,,1,メッセージフェード用画像
T002060,B0005,D:\Dev\Desenvolvimento\Projetos\TradutorDGames\[Kimochi] RJ01696894,www\js\plugins.js,15,.js,utf-8-sig,"cjk,kana",generic_text,50,,1,メッセージフェード時間
T002061,B0005,D:\Dev\Desenvolvimento\Projetos\TradutorDGames\[Kimochi] RJ01696894,www\js\plugins.js,16,.js,utf-8-sig,"cjk,kana",generic_text,50,,1,シンプルなメニュー画面を実装します。
T002062,B0005,D:\Dev\Desenvolvimento\Projetos\TradutorDGames\[Kimochi] RJ01696894,www\js\plugins.js,16,.js,utf-8-sig,"cjk,kana",generic_text,50,,1,----基本的な設定----
T002063,B0005,D:\Dev\Desenvolvimento\Projetos\TradutorDGames\[Kimochi] RJ01696894,www\js\plugins.js,16,.js,utf-8-sig,"cjk,kana",generic_text,50,,1,メニュー幅
T002064,B0005,D:\Dev\Desenvolvimento\Projetos\TradutorDGames\[Kimochi] RJ01696894,www\js\plugins.js,16,.js,utf-8-sig,"cjk,kana",generic_text,50,,1,メニュー列数
T002065,B0005,D:\Dev\Desenvolvimento\Projetos\TradutorDGames\[Kimochi] RJ01696894,www\js\plugins.js,16,.js,utf-8-sig,"cjk,kana",generic_text,50,,1,メニューX座標
T002066,B0005,D:\Dev\Desenvolvimento\Projetos\TradutorDGames\[Kimochi] RJ01696894,www\js\plugins.js,16,.js,utf-8-sig,"cjk,kana",generic_text,50,,1,メニューY座標
T002067,B0005,D:\Dev\Desenvolvimento\Projetos\TradutorDGames\[Kimochi] RJ01696894,www\js\plugins.js,17,.js,utf-8-sig,"cjk,kana",generic_text,50,,1,オプション任意項目作成プラグイン
T002068,B0005,D:\Dev\Desenvolvimento\Projetos\TradutorDGames\[Kimochi] RJ01696894,www\js\plugins.js,17,.js,utf-8-sig,cjk,generic_text,50,,1,数値項目
T002069,B0005,D:\Dev\Desenvolvimento\Projetos\TradutorDGames\[Kimochi] RJ01696894,www\js\plugins.js,17,.js,utf-8-sig,"cjk,kana",generic_text,50,,1,"[\""{\\\""Name\\\"":\\\""テキストオート速度\\\"",\\\""DefaultValue\\\"":\\\""8\\\"",\\\""VariableID\\\"":\\\""21\\\"",\\\""HiddenFlag\\\"":\\\""false\\\"",\\\""Script\\\"":\\\""\\\"",\\\""NumberMin\\\"":\\\""0\\\"""
T002070,B0005,D:\Dev\Desenvolvimento\Projetos\TradutorDGames\[Kimochi] RJ01696894,www\js\plugins.js,17,.js,utf-8-sig,cjk,generic_text,50,,1,文字項目
T002071,B0005,D:\Dev\Desenvolvimento\Projetos\TradutorDGames\[Kimochi] RJ01696894,www\js\plugins.js,17,.js,utf-8-sig,"cjk,kana",generic_text,50,,1,スイッチ項目
T002072,B0005,D:\Dev\Desenvolvimento\Projetos\TradutorDGames\[Kimochi] RJ01696894,www\js\plugins.js,17,.js,utf-8-sig,cjk,generic_text,50,,1,音量項目
T002073,B0005,D:\Dev\Desenvolvimento\Projetos\TradutorDGames\[Kimochi] RJ01696894,www\js\plugins.js,18,.js,utf-8-sig,"cjk,kana",generic_text,50,,1,v1.051 ゲーム全体のウィンドウサイズを変更＆オプションに追加
T002074,B0005,D:\Dev\Desenvolvimento\Projetos\TradutorDGames\[Kimochi] RJ01696894,www\js\plugins.js,18,.js,utf-8-sig,kana,generic_text,50,,1,ウィンドウサイズ
T002075,B0005,D:\Dev\Desenvolvimento\Projetos\TradutorDGames\[Kimochi] RJ01696894,www\js\plugins.js,19,.js,utf-8-sig,"cjk,kana",generic_text,50,,1,動的文字列ピクチャ生成プラグイン
T002076,B0005,D:\Dev\Desenvolvimento\Projetos\TradutorDGames\[Kimochi] RJ01696894,www\js\plugins.js,20,.js,utf-8-sig,"cjk,kana",generic_text,50,,1,ver1.00 メニューコマンドにロードを追加します。
T002077,B0005,D:\Dev\Desenvolvimento\Projetos\TradutorDGames\[Kimochi] RJ01696894,www\js\plugins.js,20,.js,utf-8-sig,kana,generic_text,50,,1,ロード
T002078,B0005,D:\Dev\Desenvolvimento\Projetos\TradutorDGames\[Kimochi] RJ01696894,www\js\plugins.js,21,.js,utf-8-sig,"cjk,kana",generic_text,50,,1,ウィンドウ背景画像指定プラグイン
T002079,B0005,D:\Dev\Desenvolvimento\Projetos\TradutorDGames\[Kimochi] RJ01696894,www\js\plugins.js,22,.js,utf-8-sig,"cjk,kana",generic_text,50,,1,メッセージウィンドウ一時消去プラグイン
T002080,B0005,D:\Dev\Desenvolvimento\Projetos\TradutorDGames\[Kimochi] RJ01696894,www\js\plugins.js,22,.js,utf-8-sig,"cjk,kana",generic_text,50,,1,"[\""右クリック\""]"
T002081,B0005,D:\Dev\Desenvolvimento\Projetos\TradutorDGames\[Kimochi] RJ01696894,www\js\plugins.js,23,.js,utf-8-sig,"cjk,kana",generic_text,50,,1,画面に円を表示するテスト
T002082,B0005,D:\Dev\Desenvolvimento\Projetos\TradutorDGames\[Kimochi] RJ01696894,www\js\plugins.js,24,.js,utf-8-sig,"cjk,kana",generic_text,50,,1,数字をアニメーションして表示する
T002083,B0005,D:\Dev\Desenvolvimento\Projetos\TradutorDGames\[Kimochi] RJ01696894,www\js\plugins.js,25,.js,utf-8-sig,"cjk,kana",generic_text,50,,1,アナザーニューゲーム追加プラグイン
T002084,B0005,D:\Dev\Desenvolvimento\Projetos\TradutorDGames\[Kimochi] RJ01696894,www\js\plugins.js,25,.js,utf-8-sig,kana,generic_text,50,,1,"[\""{\\\""name\\\"":\\\""ギャラリー\\\"",\\\""mapId\\\"":\\\""2\\\"",\\\""mapX\\\"":\\\""1\\\"",\\\""mapY\\\"":\\\""1\\\"",\\\""hidden\\\"":\\\""true\\\"",\\\""disable\\\"":\\\""false\\\"",\\\""addPosition\\\"":\"
T002085,B0005,D:\Dev\Desenvolvimento\Projetos\TradutorDGames\[Kimochi] RJ01696894,www\js\rpg_windows.js,3596,.js,utf-8-sig,kana,generic_text,50,,1,カナ
T002086,B0005,D:\Dev\Desenvolvimento\Projetos\TradutorDGames\[Kimochi] RJ01696894,www\js\rpg_windows.js,3596,.js,utf-8-sig,cjk,generic_text,50,,1,決定
T002087,B0005,D:\Dev\Desenvolvimento\Projetos\TradutorDGames\[Kimochi] RJ01696894,www\js\rpg_windows.js,3606,.js,utf-8-sig,cjk,generic_text,50,,1,英数
T002088,B0005,D:\Dev\Desenvolvimento\Projetos\TradutorDGames\[Kimochi] RJ01696894,www\js\rpg_windows.js,3606,.js,utf-8-sig,cjk,generic_text,50,,1,決定
T002089,B0005,D:\Dev\Desenvolvimento\Projetos\TradutorDGames\[Kimochi] RJ01696894,www\js\rpg_windows.js,3616,.js,utf-8-sig,kana,generic_text,50,,1,かな
T002090,B0005,D:\Dev\Desenvolvimento\Projetos\TradutorDGames\[Kimochi] RJ01696894,www\js\rpg_windows.js,3616,.js,utf-8-sig,cjk,generic_text,50,,1,決定
T002091,B0005,D:\Dev\Desenvolvimento\Projetos\TradutorDGames\[Kimochi] RJ01696894,readme.txt,1,.txt,utf-8-sig,"cjk,kana",documentation,35,,1,この度は「ボクは種付けアプリを手に入れた！」をご購入頂きありがとうございます。
T002092,B0005,D:\Dev\Desenvolvimento\Projetos\TradutorDGames\[Kimochi] RJ01696894,readme.txt,3,.txt,utf-8-sig,"cjk,kana",documentation,35,,1,本作品は性的描写が含まれるため１８歳未満の方がプレイすることは出来ません。
T002093,B0005,D:\Dev\Desenvolvimento\Projetos\TradutorDGames\[Kimochi] RJ01696894,readme.txt,4,.txt,utf-8-sig,"cjk,kana",documentation,35,,1,本作品に登場する人物は全て１８歳以上です。
T002094,B0005,D:\Dev\Desenvolvimento\Projetos\TradutorDGames\[Kimochi] RJ01696894,readme.txt,5,.txt,utf-8-sig,"cjk,kana",documentation,35,,1,本作品はフィクションであり、実在の人物・団体とは一切関係ありません。
T002095,B0005,D:\Dev\Desenvolvimento\Projetos\TradutorDGames\[Kimochi] RJ01696894,readme.txt,7,.txt,utf-8-sig,"cjk,kana",documentation,35,,1,●ゲームの起動方法
T002096,B0005,D:\Dev\Desenvolvimento\Projetos\TradutorDGames\[Kimochi] RJ01696894,readme.txt,8,.txt,utf-8-sig,"cjk,kana",documentation,35,,1,本編ファイル内にある「Game.exe」を起動してください。
T002097,B0005,D:\Dev\Desenvolvimento\Projetos\TradutorDGames\[Kimochi] RJ01696894,readme.txt,10,.txt,utf-8-sig,cjk,documentation,35,,1,●操作方法
T002098,B0005,D:\Dev\Desenvolvimento\Projetos\TradutorDGames\[Kimochi] RJ01696894,readme.txt,11,.txt,utf-8-sig,"cjk,kana",documentation,35,,1,決定/調べる　　　  　　左クリック
T002099,B0005,D:\Dev\Desenvolvimento\Projetos\TradutorDGames\[Kimochi] RJ01696894,readme.txt,12,.txt,utf-8-sig,"cjk,kana",documentation,35,,1,メニュー/キャンセル　  右クリック
T002100,B0005,D:\Dev\Desenvolvimento\Projetos\TradutorDGames\[Kimochi] RJ01696894,readme.txt,13,.txt,utf-8-sig,"cjk,kana",documentation,35,,1,メッセージオート再生　Aキー
T002101,B0005,D:\Dev\Desenvolvimento\Projetos\TradutorDGames\[Kimochi] RJ01696894,readme.txt,14,.txt,utf-8-sig,"cjk,kana",documentation,35,,1,メッセージ高速再生　　Ctrlキー
T002102,B0005,D:\Dev\Desenvolvimento\Projetos\TradutorDGames\[Kimochi] RJ01696894,readme.txt,16,.txt,utf-8-sig,"cjk,kana",documentation,35,,1,●ゲームの進行について
T002103,B0005,D:\Dev\Desenvolvimento\Projetos\TradutorDGames\[Kimochi] RJ01696894,readme.txt,17,.txt,utf-8-sig,"cjk,kana",documentation,35,,1,画面に表示される矢印アイコンなどをクリックし、場所を移動します。
T002104,B0005,D:\Dev\Desenvolvimento\Projetos\TradutorDGames\[Kimochi] RJ01696894,readme.txt,18,.txt,utf-8-sig,"cjk,kana",documentation,35,,1,その場にいるキャラクターをクリックすると会話が始まります。
T002105,B0005,D:\Dev\Desenvolvimento\Projetos\TradutorDGames\[Kimochi] RJ01696894,readme.txt,19,.txt,utf-8-sig,"cjk,kana",documentation,35,,1,話しかけれられるキャラクターのイベントをすべて終えるとイベントが進行します。
T002106,B0005,D:\Dev\Desenvolvimento\Projetos\TradutorDGames\[Kimochi] RJ01696894,readme.txt,21,.txt,utf-8-sig,kana,documentation,35,,1,●ギャラリーについて
T002107,B0005,D:\Dev\Desenvolvimento\Projetos\TradutorDGames\[Kimochi] RJ01696894,readme.txt,22,.txt,utf-8-sig,"cjk,kana",documentation,35,,1,ゲームがエンディンを迎えた後、タイトル画面にギャラリーが追加されます。
T002108,B0005,D:\Dev\Desenvolvimento\Projetos\TradutorDGames\[Kimochi] RJ01696894,readme.txt,23,.txt,utf-8-sig,"cjk,kana",documentation,35,,1,ここではすべてのHシーンが閲覧可能です。
T002109,B0005,D:\Dev\Desenvolvimento\Projetos\TradutorDGames\[Kimochi] RJ01696894,readme.txt,25,.txt,utf-8-sig,"cjk,kana",documentation,35,,1,●バグなどを発見された場合は、お手数ですが以下へご報告頂けると助かります。
T002110,B0005,D:\Dev\Desenvolvimento\Projetos\TradutorDGames\[Kimochi] RJ01696894,readme.txt,27,.txt,utf-8-sig,"cjk,kana",documentation,35,,1,ci-enでも受け付けております。
T002111,B0005,D:\Dev\Desenvolvimento\Projetos\TradutorDGames\[Kimochi] RJ01696894,readme.txt,29,.txt,utf-8-sig,cjk,documentation,35,,1,●制作
T002112,B0005,D:\Dev\Desenvolvimento\Projetos\TradutorDGames\[Kimochi] RJ01696894,readme.txt,30,.txt,utf-8-sig,"cjk,kana",documentation,35,,1,サークル名　   はみはみ堂
T002113,B0005,D:\Dev\Desenvolvimento\Projetos\TradutorDGames\[Kimochi] RJ01696894,クレジット.txt,1,.txt,utf-8-sig,"cjk,kana",documentation,35,,1,本ゲームは「RPGツクールMV」によって制作されています。
T002114,B0005,D:\Dev\Desenvolvimento\Projetos\TradutorDGames\[Kimochi] RJ01696894,クレジット.txt,4,.txt,utf-8-sig,kana,documentation,35,,1,プラグイン
T002115,B0005,D:\Dev\Desenvolvimento\Projetos\TradutorDGames\[Kimochi] RJ01696894,クレジット.txt,5,.txt,utf-8-sig,"cjk,kana",documentation,35,,1,・トリアコンタン様
T002116,B0005,D:\Dev\Desenvolvimento\Projetos\TradutorDGames\[Kimochi] RJ01696894,クレジット.txt,6,.txt,utf-8-sig,"cjk,kana",documentation,35,,1,・Tsukimi　様
T002117,B0005,D:\Dev\Desenvolvimento\Projetos\TradutorDGames\[Kimochi] RJ01696894,クレジット.txt,7,.txt,utf-8-sig,"cjk,kana",documentation,35,,1,・kido　様
T002118,B0005,D:\Dev\Desenvolvimento\Projetos\TradutorDGames\[Kimochi] RJ01696894,クレジット.txt,8,.txt,utf-8-sig,"cjk,kana",documentation,35,,1,・まっつＵＰ　様
T002119,B0005,D:\Dev\Desenvolvimento\Projetos\TradutorDGames\[Kimochi] RJ01696894,クレジット.txt,9,.txt,utf-8-sig,"cjk,kana",documentation,35,,1,・砂川赳　様
T002120,B0005,D:\Dev\Desenvolvimento\Projetos\TradutorDGames\[Kimochi] RJ01696894,クレジット.txt,10,.txt,utf-8-sig,"cjk,kana",documentation,35,,1,・ツミオ　様
T002121,B0005,D:\Dev\Desenvolvimento\Projetos\TradutorDGames\[Kimochi] RJ01696894,クレジット.txt,11,.txt,utf-8-sig,"cjk,kana",documentation,35,,1,・Galenmereth / TDD　様
T002122,B0005,D:\Dev\Desenvolvimento\Projetos\TradutorDGames\[Kimochi] RJ01696894,クレジット.txt,14,.txt,utf-8-sig,"cjk,kana",documentation,35,,1,・OtoLogic　様
T002123,B0005,D:\Dev\Desenvolvimento\Projetos\TradutorDGames\[Kimochi] RJ01696894,クレジット.txt,16,.txt,utf-8-sig,"cjk,kana",documentation,35,,1,クレジット漏れなどがあった際は以下へご連絡いただけると助かります。
T002124,B0005,D:\Dev\Desenvolvimento\Projetos\TradutorDGames\[Kimochi] RJ01696894,www\js\plugins\AnotherNewGame.js,9,.js,utf-8-sig,"cjk,kana",rpgmaker_plugin_js,25,,1,// 3.0.1 2022/11/08 初期表示されるコマンドとそうでないコマンドが混在しているとき、特定条件で初期表示コマンドが消えてしまう問題を修正
T002125,B0005,D:\Dev\Desenvolvimento\Projetos\TradutorDGames\[Kimochi] RJ01696894,www\js\plugins\AnotherNewGame.js,10,.js,utf-8-sig,"cjk,kana",rpgmaker_plugin_js,25,,1,// 3.0.0 2020/03/08 アナザーニューゲームコマンドを複数登録できるよう修正。以前のバージョンと互換性がありません。
T002126,B0005,D:\Dev\Desenvolvimento\Projetos\TradutorDGames\[Kimochi] RJ01696894,www\js\plugins\AnotherNewGame.js,11,.js,utf-8-sig,"cjk,kana",rpgmaker_plugin_js,25,,1,// 2.0.0 2019/03/19 アナザーロード時に場所移動せず、セーブ位置から開始できる機能を追加
T002127,B0005,D:\Dev\Desenvolvimento\Projetos\TradutorDGames\[Kimochi] RJ01696894,www\js\plugins\AnotherNewGame.js,12,.js,utf-8-sig,"cjk,kana",rpgmaker_plugin_js,25,,1,//                  アナザーニューゲーム時に自動でONになるスイッチを追加
T002128,B0005,D:\Dev\Desenvolvimento\Projetos\TradutorDGames\[Kimochi] RJ01696894,www\js\plugins\AnotherNewGame.js,13,.js,utf-8-sig,"cjk,kana",rpgmaker_plugin_js,25,,1,//                  パラメータの型指定機能に対応
T002129,B0005,D:\Dev\Desenvolvimento\Projetos\TradutorDGames\[Kimochi] RJ01696894,www\js\plugins\AnotherNewGame.js,14,.js,utf-8-sig,"cjk,kana",rpgmaker_plugin_js,25,,1,// 1.4.0 2017/06/18 アナザーニューゲームの追加位置を指定できる機能を追加
T002130,B0005,D:\Dev\Desenvolvimento\Projetos\TradutorDGames\[Kimochi] RJ01696894,www\js\plugins\AnotherNewGame.js,15,.js,utf-8-sig,"cjk,kana",rpgmaker_plugin_js,25,,1,// 1.3.0 2017/05/27 ニューゲームを非表示にできる機能を追加
T002131,B0005,D:\Dev\Desenvolvimento\Projetos\TradutorDGames\[Kimochi] RJ01696894,www\js\plugins\AnotherNewGame.js,16,.js,utf-8-sig,"cjk,kana",rpgmaker_plugin_js,25,,1,// 1.2.4 2017/05/23 プラグインコマンドのヘルプを修正
T002132,B0005,D:\Dev\Desenvolvimento\Projetos\TradutorDGames\[Kimochi] RJ01696894,www\js\plugins\AnotherNewGame.js,17,.js,utf-8-sig,"cjk,kana",rpgmaker_plugin_js,25,,1,// 1.2.3 2017/01/25 同一サーバで同プラグインを適用した複数のゲームを公開する際に、設定が重複するのを避けるために管理番号を追加
T002133,B0005,D:\Dev\Desenvolvimento\Projetos\TradutorDGames\[Kimochi] RJ01696894,www\js\plugins\AnotherNewGame.js,18,.js,utf-8-sig,"cjk,kana",rpgmaker_plugin_js,25,,1,// 1.2.2 2016/12/10 アナザーニューゲームをロードした際に、ロード元でイベントが実行中だった場合に続きが実行されてしまう現象を修正
T002134,B0005,D:\Dev\Desenvolvimento\Projetos\TradutorDGames\[Kimochi] RJ01696894,www\js\plugins\AnotherNewGame.js,19,.js,utf-8-sig,"cjk,kana",rpgmaker_plugin_js,25,,1,// 1.2.1 2016/11/23 遠景タイトルプラグイン（ParallaxTitle.js）と連携する設定を追加
T002135,B0005,D:\Dev\Desenvolvimento\Projetos\TradutorDGames\[Kimochi] RJ01696894,www\js\plugins\AnotherNewGame.js,20,.js,utf-8-sig,"cjk,kana",rpgmaker_plugin_js,25,,1,// 1.2.0 2016/11/22 アナザーニューゲームを選択した際に、フェードアウトしなくなる設定を追加
T002136,B0005,D:\Dev\Desenvolvimento\Projetos\TradutorDGames\[Kimochi] RJ01696894,www\js\plugins\AnotherNewGame.js,21,.js,utf-8-sig,"cjk,kana",rpgmaker_plugin_js,25,,1,// 1.1.0 2016/03/29 fftfanttさんからご提供いただいたコードを反映させ、アナザーニューゲーム選択時に
T002137,B0005,D:\Dev\Desenvolvimento\Projetos\TradutorDGames\[Kimochi] RJ01696894,www\js\plugins\AnotherNewGame.js,22,.js,utf-8-sig,"cjk,kana",rpgmaker_plugin_js,25,,1,//                  既存のセーブファイルをロードする機能を追加
T002138,B0005,D:\Dev\Desenvolvimento\Projetos\TradutorDGames\[Kimochi] RJ01696894,www\js\plugins\AnotherNewGame.js,23,.js,utf-8-sig,"cjk,kana",rpgmaker_plugin_js,25,,1,// 1.0.1 2015/11/10 プラグイン適用中にセーブできなくなる不具合を修正
T002139,B0005,D:\Dev\Desenvolvimento\Projetos\TradutorDGames\[Kimochi] RJ01696894,www\js\plugins\AnotherNewGame.js,24,.js,utf-8-sig,cjk,rpgmaker_plugin_js,25,,1,// 1.0.0 2015/11/07 初版
T002140,B0005,D:\Dev\Desenvolvimento\Projetos\TradutorDGames\[Kimochi] RJ01696894,www\js\plugins\AnotherNewGame.js,48,.js,utf-8-sig,"cjk,kana",rpgmaker_plugin_js,25,,1,* タイトル画面のウィンドウの一番下に、もう一つのニューゲームを追加します。
T002141,B0005,D:\Dev\Desenvolvimento\Projetos\TradutorDGames\[Kimochi] RJ01696894,www\js\plugins\AnotherNewGame.js,49,.js,utf-8-sig,"cjk,kana",rpgmaker_plugin_js,25,,1,* 選択すると、ニューゲームとは別に指定したマップに遷移します。
T002142,B0005,D:\Dev\Desenvolvimento\Projetos\TradutorDGames\[Kimochi] RJ01696894,www\js\plugins\AnotherNewGame.js,50,.js,utf-8-sig,"cjk,kana",rpgmaker_plugin_js,25,,1,* クリア後のおまけやCG回想モード、スタッフクレジット、ミニゲーム、隠し要素など
T002143,B0005,D:\Dev\Desenvolvimento\Projetos\TradutorDGames\[Kimochi] RJ01696894,www\js\plugins\AnotherNewGame.js,51,.js,utf-8-sig,"cjk,kana",rpgmaker_plugin_js,25,,1,* 使い手次第で様々な用途に使えます。
T002144,B0005,D:\Dev\Desenvolvimento\Projetos\TradutorDGames\[Kimochi] RJ01696894,www\js\plugins\AnotherNewGame.js,53,.js,utf-8-sig,"cjk,kana",rpgmaker_plugin_js,25,,1,* 選択肢は、あらかじめ非表示あるいは選択禁止にしておくことができます。
T002145,B0005,D:\Dev\Desenvolvimento\Projetos\TradutorDGames\[Kimochi] RJ01696894,www\js\plugins\AnotherNewGame.js,54,.js,utf-8-sig,"cjk,kana",rpgmaker_plugin_js,25,,1,* これらはプラグインコマンドから解除でき、解除状態はセーブファイルを
T002146,B0005,D:\Dev\Desenvolvimento\Projetos\TradutorDGames\[Kimochi] RJ01696894,www\js\plugins\AnotherNewGame.js,55,.js,utf-8-sig,"cjk,kana",rpgmaker_plugin_js,25,,1,* 超えてゲーム全体で共有されます。解除した状態を再度、禁止にすることもできます。
T002147,B0005,D:\Dev\Desenvolvimento\Projetos\TradutorDGames\[Kimochi] RJ01696894,www\js\plugins\AnotherNewGame.js,57,.js,utf-8-sig,"cjk,kana",rpgmaker_plugin_js,25,,1,* 設定はファイル「AnotherNewGameMk2.rpgsave」に保存されます。
T002148,B0005,D:\Dev\Desenvolvimento\Projetos\TradutorDGames\[Kimochi] RJ01696894,www\js\plugins\AnotherNewGame.js,59,.js,utf-8-sig,"cjk,kana",rpgmaker_plugin_js,25,,1,* プラグインコマンド詳細
T002149,B0005,D:\Dev\Desenvolvimento\Projetos\TradutorDGames\[Kimochi] RJ01696894,www\js\plugins\AnotherNewGame.js,60,.js,utf-8-sig,"cjk,kana",rpgmaker_plugin_js,25,,1,*   イベントコマンド「プラグインコマンド」から実行。
T002150,B0005,D:\Dev\Desenvolvimento\Projetos\TradutorDGames\[Kimochi] RJ01696894,www\js\plugins\AnotherNewGame.js,62,.js,utf-8-sig,"cjk,kana",rpgmaker_plugin_js,25,,1,*  ANG_VISIBLE 1  # [1]番目のアナザーニューゲームを表示にする。
T002151,B0005,D:\Dev\Desenvolvimento\Projetos\TradutorDGames\[Kimochi] RJ01696894,www\js\plugins\AnotherNewGame.js,63,.js,utf-8-sig,"cjk,kana",rpgmaker_plugin_js,25,,1,*  ANG_ENABLE 1   # [1]番目のアナザーニューゲームを選択可能にする。
T002152,B0005,D:\Dev\Desenvolvimento\Projetos\TradutorDGames\[Kimochi] RJ01696894,www\js\plugins\AnotherNewGame.js,64,.js,utf-8-sig,"cjk,kana",rpgmaker_plugin_js,25,,1,*  ANG_HIDDEN 1   # [1]番目のアナザーニューゲームを非表示にする。
T002153,B0005,D:\Dev\Desenvolvimento\Projetos\TradutorDGames\[Kimochi] RJ01696894,www\js\plugins\AnotherNewGame.js,65,.js,utf-8-sig,"cjk,kana",rpgmaker_plugin_js,25,,1,*  ANG_DISABLE 1  # [1]番目のアナザーニューゲームを選択禁止にする。
T002154,B0005,D:\Dev\Desenvolvimento\Projetos\TradutorDGames\[Kimochi] RJ01696894,www\js\plugins\AnotherNewGame.js,67,.js,utf-8-sig,"cjk,kana",rpgmaker_plugin_js,25,,1,* 使用例（1番目に登録したアナザーニューゲームを「表示」にする場合）
T002155,B0005,D:\Dev\Desenvolvimento\Projetos\TradutorDGames\[Kimochi] RJ01696894,www\js\plugins\AnotherNewGame.js,70,.js,utf-8-sig,"cjk,kana",rpgmaker_plugin_js,25,,1,*  ANG_NEWGAME_HIDDEN  # ニューゲームを非表示にする。
T002156,B0005,D:\Dev\Desenvolvimento\Projetos\TradutorDGames\[Kimochi] RJ01696894,www\js\plugins\AnotherNewGame.js,71,.js,utf-8-sig,"cjk,kana",rpgmaker_plugin_js,25,,1,*  ANG_NEWGAME_VISIBLE # ニューゲームを表示にする。
T002157,B0005,D:\Dev\Desenvolvimento\Projetos\TradutorDGames\[Kimochi] RJ01696894,www\js\plugins\AnotherNewGame.js,73,.js,utf-8-sig,"cjk,kana",rpgmaker_plugin_js,25,,1,* ニューゲームを非表示にする機能は、ゲームが開始できなくなる場合が
T002158,B0005,D:\Dev\Desenvolvimento\Projetos\TradutorDGames\[Kimochi] RJ01696894,www\js\plugins\AnotherNewGame.js,74,.js,utf-8-sig,"cjk,kana",rpgmaker_plugin_js,25,,1,* あるので注意して使用してください。
T002159,B0005,D:\Dev\Desenvolvimento\Projetos\TradutorDGames\[Kimochi] RJ01696894,www\js\plugins\AnotherNewGame.js,76,.js,utf-8-sig,cjk,rpgmaker_plugin_js,25,,1,* 利用規約：
T002160,B0005,D:\Dev\Desenvolvimento\Projetos\TradutorDGames\[Kimochi] RJ01696894,www\js\plugins\AnotherNewGame.js,77,.js,utf-8-sig,"cjk,kana",rpgmaker_plugin_js,25,,1,*  作者に無断で改変、再配布が可能で、利用形態（商用、18禁利用等）
T002161,B0005,D:\Dev\Desenvolvimento\Projetos\TradutorDGames\[Kimochi] RJ01696894,www\js\plugins\AnotherNewGame.js,78,.js,utf-8-sig,"cjk,kana",rpgmaker_plugin_js,25,,1,*  についても制限はありません。
T002162,B0005,D:\Dev\Desenvolvimento\Projetos\TradutorDGames\[Kimochi] RJ01696894,www\js\plugins\AnotherNewGame.js,79,.js,utf-8-sig,kana,rpgmaker_plugin_js,25,,1,*  このプラグインはもうあなたのものです。
T002163,B0005,D:\Dev\Desenvolvimento\Projetos\TradutorDGames\[Kimochi] RJ01696894,www\js\plugins\AnotherNewGame.js,219,.js,utf-8-sig,"cjk,kana",rpgmaker_plugin_js,25,,1,//  アナザーニューゲームのロード時に実行していたイベントを中断します。
T002164,B0005,D:\Dev\Desenvolvimento\Projetos\TradutorDGames\[Kimochi] RJ01696894,www\js\plugins\AnotherNewGame.js,229,.js,utf-8-sig,"cjk,kana",rpgmaker_plugin_js,25,,1,//  アナザーニューゲームの選択時の処理を追加定義します。
T002165,B0005,D:\Dev\Desenvolvimento\Projetos\TradutorDGames\[Kimochi] RJ01696894,www\js\plugins\AnotherNewGame.js,294,.js,utf-8-sig,"cjk,kana",rpgmaker_plugin_js,25,,1,//  ロード成功時にアナザーポイントに移動します。
T002166,B0005,D:\Dev\Desenvolvimento\Projetos\TradutorDGames\[Kimochi] RJ01696894,www\js\plugins\AnotherNewGame.js,318,.js,utf-8-sig,"cjk,kana",rpgmaker_plugin_js,25,,1,//  アナザーニューゲームの選択肢を追加定義します。
T002167,B0005,D:\Dev\Desenvolvimento\Projetos\TradutorDGames\[Kimochi] RJ01696894,www\js\plugins\AnotherNewGame.js,359,.js,utf-8-sig,"cjk,kana",rpgmaker_plugin_js,25,,1,//  アナザーニューゲームの設定ファイルのセーブとロードを定義します。
T002168,B0005,D:\Dev\Desenvolvimento\Projetos\TradutorDGames\[Kimochi] RJ01696894,www\js\plugins\AnotherNewGame.js,432,.js,utf-8-sig,"cjk,kana",rpgmaker_plugin_js,25,,1,//  アナザーニューゲームの設定ファイルのパス取得処理を追加定義します。
T002169,B0005,D:\Dev\Desenvolvimento\Projetos\TradutorDGames\[Kimochi] RJ01696894,www\js\plugins\CustomizeConfigDefault.js,9,.js,utf-8-sig,"cjk,kana",rpgmaker_plugin_js,25,,1,// 1.1.1 2020/09/13 Mano_InputConfig.jsと併用したとき、Option項目を消していると表示不整合が発生する競合を修正
T002170,B0005,D:\Dev\Desenvolvimento\Projetos\TradutorDGames\[Kimochi] RJ01696894,www\js\plugins\CustomizeConfigDefault.js,10,.js,utf-8-sig,"cjk,kana",rpgmaker_plugin_js,25,,1,// 1.1.0 2016/08/01 項目自体を非表示にする機能を追加しました。
T002171,B0005,D:\Dev\Desenvolvimento\Projetos\TradutorDGames\[Kimochi] RJ01696894,www\js\plugins\CustomizeConfigDefault.js,11,.js,utf-8-sig,cjk,rpgmaker_plugin_js,25,,1,// 1.0.3 2016/06/22 多言語対応
T002172,B0005,D:\Dev\Desenvolvimento\Projetos\TradutorDGames\[Kimochi] RJ01696894,www\js\plugins\CustomizeConfigDefault.js,12,.js,utf-8-sig,cjk,rpgmaker_plugin_js,25,,1,// 1.0.2 2016/01/17 競合対策
T002173,B0005,D:\Dev\Desenvolvimento\Projetos\TradutorDGames\[Kimochi] RJ01696894,www\js\plugins\CustomizeConfigDefault.js,13,.js,utf-8-sig,"cjk,kana",rpgmaker_plugin_js,25,,1,// 1.0.1 2015/11/01 既存コードの再定義方法を修正（内容に変化なし）
T002174,B0005,D:\Dev\Desenvolvimento\Projetos\TradutorDGames\[Kimochi] RJ01696894,www\js\plugins\CustomizeConfigDefault.js,14,.js,utf-8-sig,cjk,rpgmaker_plugin_js,25,,1,// 1.0.0 2015/11/01 初版
T002175,B0005,D:\Dev\Desenvolvimento\Projetos\TradutorDGames\[Kimochi] RJ01696894,www\js\plugins\CustomizeConfigDefault.js,130,.js,utf-8-sig,"cjk,kana",rpgmaker_plugin_js,25,,1,* 例えば、初回から常時ダッシュをONにしておけば
T002176,B0005,D:\Dev\Desenvolvimento\Projetos\TradutorDGames\[Kimochi] RJ01696894,www\js\plugins\CustomizeConfigDefault.js,131,.js,utf-8-sig,"cjk,kana",rpgmaker_plugin_js,25,,1,* プレイヤーが設定を変更する手間を省くことができます。
T002177,B0005,D:\Dev\Desenvolvimento\Projetos\TradutorDGames\[Kimochi] RJ01696894,www\js\plugins\CustomizeConfigDefault.js,132,.js,utf-8-sig,"cjk,kana",rpgmaker_plugin_js,25,,1,* この処理はconfig.rpgsaveが未作成の場合にのみ実行されます。
T002178,B0005,D:\Dev\Desenvolvimento\Projetos\TradutorDGames\[Kimochi] RJ01696894,www\js\plugins\CustomizeConfigDefault.js,134,.js,utf-8-sig,"cjk,kana",rpgmaker_plugin_js,25,,1,* また、項目そのものを消去することもできます。
T002179,B0005,D:\Dev\Desenvolvimento\Projetos\TradutorDGames\[Kimochi] RJ01696894,www\js\plugins\CustomizeConfigDefault.js,135,.js,utf-8-sig,"cjk,kana",rpgmaker_plugin_js,25,,1,* 例えば、戦闘がないゲームでは「コマンド記憶」等は不要なので消去できます。
T002180,B0005,D:\Dev\Desenvolvimento\Projetos\TradutorDGames\[Kimochi] RJ01696894,www\js\plugins\CustomizeConfigDefault.js,137,.js,utf-8-sig,kana,rpgmaker_plugin_js,25,,1,* このプラグインにはプラグインコマンドはありません。
T002181,B0005,D:\Dev\Desenvolvimento\Projetos\TradutorDGames\[Kimochi] RJ01696894,www\js\plugins\CustomizeConfigDefault.js,139,.js,utf-8-sig,cjk,rpgmaker_plugin_js,25,,1,* 利用規約：
T002182,B0005,D:\Dev\Desenvolvimento\Projetos\TradutorDGames\[Kimochi] RJ01696894,www\js\plugins\CustomizeConfigDefault.js,140,.js,utf-8-sig,"cjk,kana",rpgmaker_plugin_js,25,,1,*  作者に無断で改変、再配布が可能で、利用形態（商用、18禁利用等）
T002183,B0005,D:\Dev\Desenvolvimento\Projetos\TradutorDGames\[Kimochi] RJ01696894,www\js\plugins\CustomizeConfigDefault.js,141,.js,utf-8-sig,"cjk,kana",rpgmaker_plugin_js,25,,1,*  についても制限はありません。
T002184,B0005,D:\Dev\Desenvolvimento\Projetos\TradutorDGames\[Kimochi] RJ01696894,www\js\plugins\CustomizeConfigDefault.js,142,.js,utf-8-sig,kana,rpgmaker_plugin_js,25,,1,*  このプラグインはもうあなたのものです。
T002185,B0005,D:\Dev\Desenvolvimento\Projetos\TradutorDGames\[Kimochi] RJ01696894,www\js\plugins\CustomizeConfigDefault.js,170,.js,utf-8-sig,"cjk,kana",rpgmaker_plugin_js,25,,1,// パラメータの取得と整形
T002186,B0005,D:\Dev\Desenvolvimento\Projetos\TradutorDGames\[Kimochi] RJ01696894,www\js\plugins\CustomizeConfigDefault.js,172,.js,utf-8-sig,"cjk,kana",rpgmaker_plugin_js,25,,1,常時ダッシュ
T002187,B0005,D:\Dev\Desenvolvimento\Projetos\TradutorDGames\[Kimochi] RJ01696894,www\js\plugins\CustomizeConfigDefault.js,173,.js,utf-8-sig,"cjk,kana",rpgmaker_plugin_js,25,,1,コマンド記憶
T002188,B0005,D:\Dev\Desenvolvimento\Projetos\TradutorDGames\[Kimochi] RJ01696894,www\js\plugins\CustomizeConfigDefault.js,174,.js,utf-8-sig,cjk,rpgmaker_plugin_js,25,,1,BGM音量
T002189,B0005,D:\Dev\Desenvolvimento\Projetos\TradutorDGames\[Kimochi] RJ01696894,www\js\plugins\CustomizeConfigDefault.js,175,.js,utf-8-sig,cjk,rpgmaker_plugin_js,25,,1,BGS音量
T002190,B0005,D:\Dev\Desenvolvimento\Projetos\TradutorDGames\[Kimochi] RJ01696894,www\js\plugins\CustomizeConfigDefault.js,176,.js,utf-8-sig,cjk,rpgmaker_plugin_js,25,,1,ME音量
T002191,B0005,D:\Dev\Desenvolvimento\Projetos\TradutorDGames\[Kimochi] RJ01696894,www\js\plugins\CustomizeConfigDefault.js,177,.js,utf-8-sig,cjk,rpgmaker_plugin_js,25,,1,SE音量
T002192,B0005,D:\Dev\Desenvolvimento\Projetos\TradutorDGames\[Kimochi] RJ01696894,www\js\plugins\CustomizeConfigDefault.js,178,.js,utf-8-sig,"cjk,kana",rpgmaker_plugin_js,25,,1,常時ダッシュ消去
T002193,B0005,D:\Dev\Desenvolvimento\Projetos\TradutorDGames\[Kimochi] RJ01696894,www\js\plugins\CustomizeConfigDefault.js,179,.js,utf-8-sig,"cjk,kana",rpgmaker_plugin_js,25,,1,コマンド記憶消去
T002194,B0005,D:\Dev\Desenvolvimento\Projetos\TradutorDGames\[Kimochi] RJ01696894,www\js\plugins\CustomizeConfigDefault.js,180,.js,utf-8-sig,cjk,rpgmaker_plugin_js,25,,1,BGM音量消去
T002195,B0005,D:\Dev\Desenvolvimento\Projetos\TradutorDGames\[Kimochi] RJ01696894,www\js\plugins\CustomizeConfigDefault.js,181,.js,utf-8-sig,cjk,rpgmaker_plugin_js,25,,1,BGS音量消去
T002196,B0005,D:\Dev\Desenvolvimento\Projetos\TradutorDGames\[Kimochi] RJ01696894,www\js\plugins\CustomizeConfigDefault.js,182,.js,utf-8-sig,cjk,rpgmaker_plugin_js,25,,1,ME音量消去
T002197,B0005,D:\Dev\Desenvolvimento\Projetos\TradutorDGames\[Kimochi] RJ01696894,www\js\plugins\CustomizeConfigDefault.js,183,.js,utf-8-sig,cjk,rpgmaker_plugin_js,25,,1,SE音量消去
T002198,B0005,D:\Dev\Desenvolvimento\Projetos\TradutorDGames\[Kimochi] RJ01696894,www\js\plugins\CustomizeConfigDefault.js,187,.js,utf-8-sig,"cjk,kana",rpgmaker_plugin_js,25,,1,//  それぞれの項目に初期値を与えます。
T002199,B0005,D:\Dev\Desenvolvimento\Projetos\TradutorDGames\[Kimochi] RJ01696894,www\js\plugins\CustomizeConfigDefault.js,202,.js,utf-8-sig,"cjk,kana",rpgmaker_plugin_js,25,,1,//  パラメータを空白にした項目を除去します。
T002200,B0005,D:\Dev\Desenvolvimento\Projetos\TradutorDGames\[Kimochi] RJ01696894,www\js\plugins\CustomizeConfigItem.js,9,.js,utf-8-sig,"cjk,kana",rpgmaker_plugin_js,25,,1,// 2.4.0 2023/02/16 スクリプトで現在の設定値を取得できるよう修正
T002201,B0005,D:\Dev\Desenvolvimento\Projetos\TradutorDGames\[Kimochi] RJ01696894,www\js\plugins\CustomizeConfigItem.js,10,.js,utf-8-sig,"cjk,kana",rpgmaker_plugin_js,25,,1,// 2.3.0 2021/12/21 項目に余白を設定できる機能を追加
T002202,B0005,D:\Dev\Desenvolvimento\Projetos\TradutorDGames\[Kimochi] RJ01696894,www\js\plugins\CustomizeConfigItem.js,11,.js,utf-8-sig,"cjk,kana",rpgmaker_plugin_js,25,,1,// 2.2.1 2021/08/05 セーブがある状態で隠し項目を追加した時に上手く動作しない問題を修正(by柊菜緒さま)
T002203,B0005,D:\Dev\Desenvolvimento\Projetos\TradutorDGames\[Kimochi] RJ01696894,www\js\plugins\CustomizeConfigItem.js,12,.js,utf-8-sig,"cjk,kana",rpgmaker_plugin_js,25,,1,// 2.2.0 2021/03/09 スクリプトが指定されているときに項目決定すると決定SEを演奏するよう修正
T002204,B0005,D:\Dev\Desenvolvimento\Projetos\TradutorDGames\[Kimochi] RJ01696894,www\js\plugins\CustomizeConfigItem.js,13,.js,utf-8-sig,"cjk,kana",rpgmaker_plugin_js,25,,1,// 2.1.2 2020/10/13 Mano_InputConfig.jsと併用したとき、項目を末尾以外に追加すると表示不整合が発生する競合を修正
T002205,B0005,D:\Dev\Desenvolvimento\Projetos\TradutorDGames\[Kimochi] RJ01696894,www\js\plugins\CustomizeConfigItem.js,14,.js,utf-8-sig,"cjk,kana",rpgmaker_plugin_js,25,,1,// 2.1.0 2017/12/15 追加項目のデフォルト項目を含めた並び順を自由に設定できる機能を追加
T002206,B0005,D:\Dev\Desenvolvimento\Projetos\TradutorDGames\[Kimochi] RJ01696894,www\js\plugins\CustomizeConfigItem.js,15,.js,utf-8-sig,"cjk,kana",rpgmaker_plugin_js,25,,1,//                  項目名称を日本語化
T002207,B0005,D:\Dev\Desenvolvimento\Projetos\TradutorDGames\[Kimochi] RJ01696894,www\js\plugins\CustomizeConfigItem.js,16,.js,utf-8-sig,"cjk,kana",rpgmaker_plugin_js,25,,1,// 2.0.1 2017/10/15 2.0.0の修正によりスイッチ項目を有効にしたときにゲーム開始するとエラーになる問題を修正
T002208,B0005,D:\Dev\Desenvolvimento\Projetos\TradutorDGames\[Kimochi] RJ01696894,www\js\plugins\CustomizeConfigItem.js,17,.js,utf-8-sig,"cjk,kana",rpgmaker_plugin_js,25,,1,// 2.0.0 2017/09/10 ツクールの型指定機能に対応し、各オプション項目を任意の数だけ追加できる機能を追加
T002209,B0005,D:\Dev\Desenvolvimento\Projetos\TradutorDGames\[Kimochi] RJ01696894,www\js\plugins\CustomizeConfigItem.js,18,.js,utf-8-sig,"cjk,kana",rpgmaker_plugin_js,25,,1,// 1.2.3 2017/06/08 1.2.2の修正により起動できなくなっていた問題を修正
T002210,B0005,D:\Dev\Desenvolvimento\Projetos\TradutorDGames\[Kimochi] RJ01696894,www\js\plugins\CustomizeConfigItem.js,19,.js,utf-8-sig,"cjk,kana",rpgmaker_plugin_js,25,,1,// 1.2.2 2017/05/27 競合の可能性のある記述（Objectクラスへのプロパティ追加）をリファクタリング
T002211,B0005,D:\Dev\Desenvolvimento\Projetos\TradutorDGames\[Kimochi] RJ01696894,www\js\plugins\CustomizeConfigItem.js,20,.js,utf-8-sig,"cjk,kana",rpgmaker_plugin_js,25,,1,// 1.2.1 2016/12/08 1.2.0の機能追加以降、デフォルト項目で決定ボタンを押すとエラーになっていた現象を修正
T002212,B0005,D:\Dev\Desenvolvimento\Projetos\TradutorDGames\[Kimochi] RJ01696894,www\js\plugins\CustomizeConfigItem.js,21,.js,utf-8-sig,"cjk,kana",rpgmaker_plugin_js,25,,1,// 1.2.0 2016/12/02 各項目で決定ボタンを押したときに実行されるスクリプトを設定できる機能を追加
T002213,B0005,D:\Dev\Desenvolvimento\Projetos\TradutorDGames\[Kimochi] RJ01696894,www\js\plugins\CustomizeConfigItem.js,22,.js,utf-8-sig,"cjk,kana",rpgmaker_plugin_js,25,,1,// 1.1.1 2016/08/14 スイッチ項目、音量項目の初期値が無効になっていた問題を修正
T002214,B0005,D:\Dev\Desenvolvimento\Projetos\TradutorDGames\[Kimochi] RJ01696894,www\js\plugins\CustomizeConfigItem.js,23,.js,utf-8-sig,"cjk,kana",rpgmaker_plugin_js,25,,1,// 1.1.0 2016/04/29 項目をクリックしたときに項目値が循環するよう修正
T002215,B0005,D:\Dev\Desenvolvimento\Projetos\TradutorDGames\[Kimochi] RJ01696894,www\js\plugins\CustomizeConfigItem.js,24,.js,utf-8-sig,cjk,rpgmaker_plugin_js,25,,1,// 1.0.0 2016/01/17 初版
T002216,B0005,D:\Dev\Desenvolvimento\Projetos\TradutorDGames\[Kimochi] RJ01696894,www\js\plugins\CustomizeConfigItem.js,56,.js,utf-8-sig,"cjk,kana",rpgmaker_plugin_js,25,,1,* 項目の種類は、以下の四種類があります。
T002217,B0005,D:\Dev\Desenvolvimento\Projetos\TradutorDGames\[Kimochi] RJ01696894,www\js\plugins\CustomizeConfigItem.js,57,.js,utf-8-sig,"cjk,kana",rpgmaker_plugin_js,25,,1,* 不要な項目は値を空に設定してください。
T002218,B0005,D:\Dev\Desenvolvimento\Projetos\TradutorDGames\[Kimochi] RJ01696894,www\js\plugins\CustomizeConfigItem.js,59,.js,utf-8-sig,"cjk,kana",rpgmaker_plugin_js,25,,1,* ・スイッチ項目：
T002219,B0005,D:\Dev\Desenvolvimento\Projetos\TradutorDGames\[Kimochi] RJ01696894,www\js\plugins\CustomizeConfigItem.js,60,.js,utf-8-sig,"cjk,kana",rpgmaker_plugin_js,25,,1,* ON/OFFを選択する項目です。指定した番号のスイッチと値が同期されます。
T002220,B0005,D:\Dev\Desenvolvimento\Projetos\TradutorDGames\[Kimochi] RJ01696894,www\js\plugins\CustomizeConfigItem.js,61,.js,utf-8-sig,"cjk,kana",rpgmaker_plugin_js,25,,1,* オプションから値を設定すれば、それがスイッチに反映され、
T002221,B0005,D:\Dev\Desenvolvimento\Projetos\TradutorDGames\[Kimochi] RJ01696894,www\js\plugins\CustomizeConfigItem.js,62,.js,utf-8-sig,"cjk,kana",rpgmaker_plugin_js,25,,1,* スイッチを変更すれば、オプションの値に反映されます。
T002222,B0005,D:\Dev\Desenvolvimento\Projetos\TradutorDGames\[Kimochi] RJ01696894,www\js\plugins\CustomizeConfigItem.js,63,.js,utf-8-sig,"cjk,kana",rpgmaker_plugin_js,25,,1,* さらに、値はセーブデータ間で共有されます。
T002223,B0005,D:\Dev\Desenvolvimento\Projetos\TradutorDGames\[Kimochi] RJ01696894,www\js\plugins\CustomizeConfigItem.js,64,.js,utf-8-sig,"cjk,kana",rpgmaker_plugin_js,25,,1,* 隠しフラグを設定すると、オプション画面に表示されなくなります。
T002224,B0005,D:\Dev\Desenvolvimento\Projetos\TradutorDGames\[Kimochi] RJ01696894,www\js\plugins\CustomizeConfigItem.js,65,.js,utf-8-sig,"cjk,kana",rpgmaker_plugin_js,25,,1,* ゲームを進めないと出現しない項目などに利用できます。
T002225,B0005,D:\Dev\Desenvolvimento\Projetos\TradutorDGames\[Kimochi] RJ01696894,www\js\plugins\CustomizeConfigItem.js,66,.js,utf-8-sig,"cjk,kana",rpgmaker_plugin_js,25,,1,* 隠しフラグはプラグインコマンドから解除できます。
T002226,B0005,D:\Dev\Desenvolvimento\Projetos\TradutorDGames\[Kimochi] RJ01696894,www\js\plugins\CustomizeConfigItem.js,68,.js,utf-8-sig,"cjk,kana",rpgmaker_plugin_js,25,,1,* スクリプトは上級者向け項目です。対象にカーソルを合わせて決定ボタンを
T002227,B0005,D:\Dev\Desenvolvimento\Projetos\TradutorDGames\[Kimochi] RJ01696894,www\js\plugins\CustomizeConfigItem.js,69,.js,utf-8-sig,"cjk,kana",rpgmaker_plugin_js,25,,1,* 押下すると指定したJavaScriptを実行できます。
T002228,B0005,D:\Dev\Desenvolvimento\Projetos\TradutorDGames\[Kimochi] RJ01696894,www\js\plugins\CustomizeConfigItem.js,70,.js,utf-8-sig,"cjk,kana",rpgmaker_plugin_js,25,,1,* 主に専用の設定画面などの遷移に使用します。
T002229,B0005,D:\Dev\Desenvolvimento\Projetos\TradutorDGames\[Kimochi] RJ01696894,www\js\plugins\CustomizeConfigItem.js,72,.js,utf-8-sig,"cjk,kana",rpgmaker_plugin_js,25,,1,* ・数値項目：
T002230,B0005,D:\Dev\Desenvolvimento\Projetos\TradutorDGames\[Kimochi] RJ01696894,www\js\plugins\CustomizeConfigItem.js,73,.js,utf-8-sig,"cjk,kana",rpgmaker_plugin_js,25,,1,* 数値を選択する項目です。指定した番号の変数と値が同期されます。
T002231,B0005,D:\Dev\Desenvolvimento\Projetos\TradutorDGames\[Kimochi] RJ01696894,www\js\plugins\CustomizeConfigItem.js,74,.js,utf-8-sig,"cjk,kana",rpgmaker_plugin_js,25,,1,* スイッチ項目で指定した内容に加えて、
T002232,B0005,D:\Dev\Desenvolvimento\Projetos\TradutorDGames\[Kimochi] RJ01696894,www\js\plugins\CustomizeConfigItem.js,75,.js,utf-8-sig,"cjk,kana",rpgmaker_plugin_js,25,,1,* 最小値と最大値および一回の入力で変化する値を指定します。
T002233,B0005,D:\Dev\Desenvolvimento\Projetos\TradutorDGames\[Kimochi] RJ01696894,www\js\plugins\CustomizeConfigItem.js,77,.js,utf-8-sig,"cjk,kana",rpgmaker_plugin_js,25,,1,* ・音量項目：
T002234,B0005,D:\Dev\Desenvolvimento\Projetos\TradutorDGames\[Kimochi] RJ01696894,www\js\plugins\CustomizeConfigItem.js,78,.js,utf-8-sig,"cjk,kana",rpgmaker_plugin_js,25,,1,* 音量を選択する項目です。BGMボリュームなどと同じ仕様で
T002235,B0005,D:\Dev\Desenvolvimento\Projetos\TradutorDGames\[Kimochi] RJ01696894,www\js\plugins\CustomizeConfigItem.js,79,.js,utf-8-sig,"cjk,kana",rpgmaker_plugin_js,25,,1,* キャラクターごとのボイス音量等に使ってください。
T002236,B0005,D:\Dev\Desenvolvimento\Projetos\TradutorDGames\[Kimochi] RJ01696894,www\js\plugins\CustomizeConfigItem.js,81,.js,utf-8-sig,"cjk,kana",rpgmaker_plugin_js,25,,1,* ・文字項目：
T002237,B0005,D:\Dev\Desenvolvimento\Projetos\TradutorDGames\[Kimochi] RJ01696894,www\js\plugins\CustomizeConfigItem.js,82,.js,utf-8-sig,"cjk,kana",rpgmaker_plugin_js,25,,1,* 文字を選択する項目です。指定した文字の配列から項目を選択します。
T002238,B0005,D:\Dev\Desenvolvimento\Projetos\TradutorDGames\[Kimochi] RJ01696894,www\js\plugins\CustomizeConfigItem.js,83,.js,utf-8-sig,"cjk,kana",rpgmaker_plugin_js,25,,1,* 選択した文字のインデックス(開始位置は0)が変数に設定されます。
T002239,B0005,D:\Dev\Desenvolvimento\Projetos\TradutorDGames\[Kimochi] RJ01696894,www\js\plugins\CustomizeConfigItem.js,84,.js,utf-8-sig,"cjk,kana",rpgmaker_plugin_js,25,,1,* 初期値に設定する値もインデックスです。
T002240,B0005,D:\Dev\Desenvolvimento\Projetos\TradutorDGames\[Kimochi] RJ01696894,www\js\plugins\CustomizeConfigItem.js,86,.js,utf-8-sig,"cjk,kana",rpgmaker_plugin_js,25,,1,* プラグインコマンド詳細
T002241,B0005,D:\Dev\Desenvolvimento\Projetos\TradutorDGames\[Kimochi] RJ01696894,www\js\plugins\CustomizeConfigItem.js,87,.js,utf-8-sig,"cjk,kana",rpgmaker_plugin_js,25,,1,*  イベントコマンド「プラグインコマンド」から実行。
T002242,B0005,D:\Dev\Desenvolvimento\Projetos\TradutorDGames\[Kimochi] RJ01696894,www\js\plugins\CustomizeConfigItem.js,88,.js,utf-8-sig,"cjk,kana",rpgmaker_plugin_js,25,,1,*  （パラメータの間は半角スペースで区切る）
T002243,B0005,D:\Dev\Desenvolvimento\Projetos\TradutorDGames\[Kimochi] RJ01696894,www\js\plugins\CustomizeConfigItem.js,91,.js,utf-8-sig,"cjk,kana",rpgmaker_plugin_js,25,,1,*  オプション任意項目の隠し解除 [項目名]
T002244,B0005,D:\Dev\Desenvolvimento\Projetos\TradutorDGames\[Kimochi] RJ01696894,www\js\plugins\CustomizeConfigItem.js,92,.js,utf-8-sig,"cjk,kana",rpgmaker_plugin_js,25,,1,*  　指定した項目の隠しフラグを解除します。
T002245,B0005,D:\Dev\Desenvolvimento\Projetos\TradutorDGames\[Kimochi] RJ01696894,www\js\plugins\CustomizeConfigItem.js,93,.js,utf-8-sig,cjk,rpgmaker_plugin_js,25,,1,*  使用例：CC_UNLOCK 数値項目1
T002246,B0005,D:\Dev\Desenvolvimento\Projetos\TradutorDGames\[Kimochi] RJ01696894,www\js\plugins\CustomizeConfigItem.js,95,.js,utf-8-sig,cjk,rpgmaker_plugin_js,25,,1,* 利用規約：
T002247,B0005,D:\Dev\Desenvolvimento\Projetos\TradutorDGames\[Kimochi] RJ01696894,www\js\plugins\CustomizeConfigItem.js,96,.js,utf-8-sig,"cjk,kana",rpgmaker_plugin_js,25,,1,*  作者に無断で改変、再配布が可能で、利用形態（商用、18禁利用等）
T002248,B0005,D:\Dev\Desenvolvimento\Projetos\TradutorDGames\[Kimochi] RJ01696894,www\js\plugins\CustomizeConfigItem.js,97,.js,utf-8-sig,"cjk,kana",rpgmaker_plugin_js,25,,1,*  についても制限はありません。
T002249,B0005,D:\Dev\Desenvolvimento\Projetos\TradutorDGames\[Kimochi] RJ01696894,www\js\plugins\CustomizeConfigItem.js,98,.js,utf-8-sig,kana,rpgmaker_plugin_js,25,,1,*  このプラグインはもうあなたのものです。
T002250,B0005,D:\Dev\Desenvolvimento\Projetos\TradutorDGames\[Kimochi] RJ01696894,www\js\plugins\CustomizeConfigItem.js,416,.js,utf-8-sig,"cjk,kana",rpgmaker_plugin_js,25,,1,// パラメータの取得と整形
T002251,B0005,D:\Dev\Desenvolvimento\Projetos\TradutorDGames\[Kimochi] RJ01696894,www\js\plugins\CustomizeConfigItem.js,419,.js,utf-8-sig,cjk,rpgmaker_plugin_js,25,,1,数値項目
T002252,B0005,D:\Dev\Desenvolvimento\Projetos\TradutorDGames\[Kimochi] RJ01696894,www\js\plugins\CustomizeConfigItem.js,420,.js,utf-8-sig,cjk,rpgmaker_plugin_js,25,,1,文字項目
T002253,B0005,D:\Dev\Desenvolvimento\Projetos\TradutorDGames\[Kimochi] RJ01696894,www\js\plugins\CustomizeConfigItem.js,421,.js,utf-8-sig,"cjk,kana",rpgmaker_plugin_js,25,,1,スイッチ項目
T002254,B0005,D:\Dev\Desenvolvimento\Projetos\TradutorDGames\[Kimochi] RJ01696894,www\js\plugins\CustomizeConfigItem.js,422,.js,utf-8-sig,cjk,rpgmaker_plugin_js,25,,1,音量項目
T002255,B0005,D:\Dev\Desenvolvimento\Projetos\TradutorDGames\[Kimochi] RJ01696894,www\js\plugins\CustomizeConfigItem.js,428,.js,utf-8-sig,"cjk,kana",rpgmaker_plugin_js,25,,1,//  プラグインコマンドを追加定義します。
T002256,B0005,D:\Dev\Desenvolvimento\Projetos\TradutorDGames\[Kimochi] RJ01696894,www\js\plugins\CustomizeConfigItem.js,439,.js,utf-8-sig,"cjk,kana",rpgmaker_plugin_js,25,,1,オプション任意項目の隠し解除
T002257,B0005,D:\Dev\Desenvolvimento\Projetos\TradutorDGames\[Kimochi] RJ01696894,www\js\plugins\CustomizeConfigItem.js,447,.js,utf-8-sig,"cjk,kana",rpgmaker_plugin_js,25,,1,//  追加項目の設定値や初期値を管理します。
T002258,B0005,D:\Dev\Desenvolvimento\Projetos\TradutorDGames\[Kimochi] RJ01696894,www\js\plugins\CustomizeConfigItem.js,619,.js,utf-8-sig,"cjk,kana",rpgmaker_plugin_js,25,,1,//  リフレッシュ時にオプション値を同期します。
T002259,B0005,D:\Dev\Desenvolvimento\Projetos\TradutorDGames\[Kimochi] RJ01696894,www\js\plugins\CustomizeConfigItem.js,629,.js,utf-8-sig,"cjk,kana",rpgmaker_plugin_js,25,,1,//  セーブ時とロード時にオプション値を同期します。
T002260,B0005,D:\Dev\Desenvolvimento\Projetos\TradutorDGames\[Kimochi] RJ01696894,www\js\plugins\CustomizeConfigItem.js,646,.js,utf-8-sig,"cjk,kana",rpgmaker_plugin_js,25,,1,//  追加項目を描画します。
T002261,B0005,D:\Dev\Desenvolvimento\Projetos\TradutorDGames\[Kimochi] RJ01696894,www\js\plugins\DTextPicture.js,9,.js,utf-8-sig,"cjk,kana",rpgmaker_plugin_js,25,,1,// 1.20.5 2023/06/01 フォント変更機能に「フォントロードプラグイン」が必要な旨の注意書きを追加
T002262,B0005,D:\Dev\Desenvolvimento\Projetos\TradutorDGames\[Kimochi] RJ01696894,www\js\plugins\DTextPicture.js,10,.js,utf-8-sig,"cjk,kana",rpgmaker_plugin_js,25,,1,// 1.20.4 2022/06/28 ウィンドウカーソルの矩形指定表示が指定したパラメータ通りに表示されていなかった問題を修正
T002263,B0005,D:\Dev\Desenvolvimento\Projetos\TradutorDGames\[Kimochi] RJ01696894,www\js\plugins\DTextPicture.js,11,.js,utf-8-sig,"cjk,kana",rpgmaker_plugin_js,25,,1,// 1.20.3 2021/04/29 プラグインコマンドでフォントサイズの指定に制御文字が使えなくなっていた問題を修正
T002264,B0005,D:\Dev\Desenvolvimento\Projetos\TradutorDGames\[Kimochi] RJ01696894,www\js\plugins\DTextPicture.js,12,.js,utf-8-sig,"cjk,kana",rpgmaker_plugin_js,25,,1,// 1.20.2 2021/02/09 NRP_EvalPluginCommand.jsと併用したとき、D_TEXTの制御文字を変換対象外にするよう修正
T002265,B0005,D:\Dev\Desenvolvimento\Projetos\TradutorDGames\[Kimochi] RJ01696894,www\js\plugins\DTextPicture.js,13,.js,utf-8-sig,"cjk,kana",rpgmaker_plugin_js,25,,1,// 1.20.1 2021/02/08 色調変更したピクチャを消去し、同一の番号で動的文字列ピクチャを作成したとき文字列ピクチャが表示されない場合がある問題を修正
T002266,B0005,D:\Dev\Desenvolvimento\Projetos\TradutorDGames\[Kimochi] RJ01696894,www\js\plugins\DTextPicture.js,14,.js,utf-8-sig,"cjk,kana",rpgmaker_plugin_js,25,,1,// 1.20.0 2020/07/11 すべての動的文字列ピクチャに付与される接頭辞テキストを指定できる機能を追加
T002267,B0005,D:\Dev\Desenvolvimento\Projetos\TradutorDGames\[Kimochi] RJ01696894,www\js\plugins\DTextPicture.js,15,.js,utf-8-sig,"cjk,kana",rpgmaker_plugin_js,25,,1,// 1.19.0 2020/04/09 フレームウィンドウに余白を指定できる機能を追加
T002268,B0005,D:\Dev\Desenvolvimento\Projetos\TradutorDGames\[Kimochi] RJ01696894,www\js\plugins\DTextPicture.js,16,.js,utf-8-sig,"cjk,kana",rpgmaker_plugin_js,25,,1,"// 1.18.0 2020/04/05 制御文字\v[n, m]で埋められる文字をパラメータから指定できる機能を追加"
T002269,B0005,D:\Dev\Desenvolvimento\Projetos\TradutorDGames\[Kimochi] RJ01696894,www\js\plugins\DTextPicture.js,17,.js,utf-8-sig,"cjk,kana",rpgmaker_plugin_js,25,,1,// 1.17.0 2020/02/07 背景ウィンドウのスキンを変更できる機能を追加し、ウィンドウビルダーに対応
T002270,B0005,D:\Dev\Desenvolvimento\Projetos\TradutorDGames\[Kimochi] RJ01696894,www\js\plugins\DTextPicture.js,18,.js,utf-8-sig,"cjk,kana",rpgmaker_plugin_js,25,,1,// 1.16.0 2020/02/01 複数行表示した場合の行間を指定できる機能を追加
T002271,B0005,D:\Dev\Desenvolvimento\Projetos\TradutorDGames\[Kimochi] RJ01696894,www\js\plugins\DTextPicture.js,19,.js,utf-8-sig,"cjk,kana",rpgmaker_plugin_js,25,,1,// 1.15.1 2019/12/29 YEP_PluginCmdSwVar.jsと併用したとき、変数のリアルタイム変換が効かなくなる競合を修正
T002272,B0005,D:\Dev\Desenvolvimento\Projetos\TradutorDGames\[Kimochi] RJ01696894,www\js\plugins\DTextPicture.js,20,.js,utf-8-sig,"cjk,kana",rpgmaker_plugin_js,25,,1,// 1.15.0 2019/10/21 カーソルのアクティブ状態を変更できるコマンドを追加
T002273,B0005,D:\Dev\Desenvolvimento\Projetos\TradutorDGames\[Kimochi] RJ01696894,www\js\plugins\DTextPicture.js,21,.js,utf-8-sig,"cjk,kana",rpgmaker_plugin_js,25,,1,//                   アイテム表示の制御文字でアイコン表示可否を変更できる設定を追加
T002274,B0005,D:\Dev\Desenvolvimento\Projetos\TradutorDGames\[Kimochi] RJ01696894,www\js\plugins\DTextPicture.js,22,.js,utf-8-sig,"cjk,kana",rpgmaker_plugin_js,25,,1,// 1.14.0 2019/01/13 背景ウィンドウにカーソル表示できる機能を追加
T002275,B0005,D:\Dev\Desenvolvimento\Projetos\TradutorDGames\[Kimochi] RJ01696894,www\js\plugins\DTextPicture.js,23,.js,utf-8-sig,"cjk,kana",rpgmaker_plugin_js,25,,1,// 1.13.0 2018/11/25 背景色のグラデーションを設定できる機能を追加
T002276,B0005,D:\Dev\Desenvolvimento\Projetos\TradutorDGames\[Kimochi] RJ01696894,www\js\plugins\DTextPicture.js,24,.js,utf-8-sig,"cjk,kana",rpgmaker_plugin_js,25,,1,// 1.12.0 2018/11/08 背景ウィンドウの透明度と文字列ピクチャの透明度を連動させるよう仕様変更
T002277,B0005,D:\Dev\Desenvolvimento\Projetos\TradutorDGames\[Kimochi] RJ01696894,www\js\plugins\DTextPicture.js,25,.js,utf-8-sig,"cjk,kana",rpgmaker_plugin_js,25,,1,// 1.11.1 2018/10/20 プラグイン等でGame_Variables.prototype.setValueを呼んだとき、変数の添え字に文字列型の数値を渡した場合も変数のリアルタイム表示が効くよう修正
T002278,B0005,D:\Dev\Desenvolvimento\Projetos\TradutorDGames\[Kimochi] RJ01696894,www\js\plugins\DTextPicture.js,26,.js,utf-8-sig,"cjk,kana",rpgmaker_plugin_js,25,,1,// 1.11.0 2018/10/13 公式プラグイン「TextDecoration.js」の設定を動的文字列に適用できる機能を追加
T002279,B0005,D:\Dev\Desenvolvimento\Projetos\TradutorDGames\[Kimochi] RJ01696894,www\js\plugins\DTextPicture.js,27,.js,utf-8-sig,"cjk,kana",rpgmaker_plugin_js,25,,1,// 1.10.1 2018/05/30 アウトラインカラー取得で0およびその他の文字列を指定したときに正しく色が設定されない問題を修正(by奏ねこまさん)
T002280,B0005,D:\Dev\Desenvolvimento\Projetos\TradutorDGames\[Kimochi] RJ01696894,www\js\plugins\DTextPicture.js,28,.js,utf-8-sig,"cjk,kana",rpgmaker_plugin_js,25,,1,// 1.10.0 2017/02/12 アウトラインカラーをウィンドウカラー番号から指定できる機能を追加
T002281,B0005,D:\Dev\Desenvolvimento\Projetos\TradutorDGames\[Kimochi] RJ01696894,www\js\plugins\DTextPicture.js,29,.js,utf-8-sig,"cjk,kana",rpgmaker_plugin_js,25,,1,// 1.9.0 2017/08/20 ウィンドウつきピクチャが重なったときにウィンドウがピクチャの下に表示される問題を修正
T002282,B0005,D:\Dev\Desenvolvimento\Projetos\TradutorDGames\[Kimochi] RJ01696894,www\js\plugins\DTextPicture.js,30,.js,utf-8-sig,"cjk,kana",rpgmaker_plugin_js,25,,1,// 1.8.6 2017/06/28 フォント変更機能のヘルプが抜けていたので追加
T002283,B0005,D:\Dev\Desenvolvimento\Projetos\TradutorDGames\[Kimochi] RJ01696894,www\js\plugins\DTextPicture.js,31,.js,utf-8-sig,"cjk,kana",rpgmaker_plugin_js,25,,1,// 1.8.5 2017/06/12 変数がマイナス値のときのゼロ埋め表示が正しく表示されない問題を修正
T002284,B0005,D:\Dev\Desenvolvimento\Projetos\TradutorDGames\[Kimochi] RJ01696894,www\js\plugins\DTextPicture.js,32,.js,utf-8-sig,"cjk,kana",rpgmaker_plugin_js,25,,1,// 1.8.4 2017/05/10 プラグインを未適用のデータを読み込んだとき、最初の一回のみ動的文字列ピクチャが作成されない問題を修正
T002285,B0005,D:\Dev\Desenvolvimento\Projetos\TradutorDGames\[Kimochi] RJ01696894,www\js\plugins\DTextPicture.js,33,.js,utf-8-sig,"cjk,kana",rpgmaker_plugin_js,25,,1,// 1.8.3 2017/04/19 自動翻訳プラグインに一部対応
T002286,B0005,D:\Dev\Desenvolvimento\Projetos\TradutorDGames\[Kimochi] RJ01696894,www\js\plugins\DTextPicture.js,34,.js,utf-8-sig,"cjk,kana",rpgmaker_plugin_js,25,,1,// 1.8.2 2017/04/05 ピクチャの消去時にエラーが発生していた問題を修正
T002287,B0005,D:\Dev\Desenvolvimento\Projetos\TradutorDGames\[Kimochi] RJ01696894,www\js\plugins\DTextPicture.js,35,.js,utf-8-sig,"cjk,kana",rpgmaker_plugin_js,25,,1,// 1.8.1 2017/03/30 拡大率と原点に対応していなかった問題を修正
T002288,B0005,D:\Dev\Desenvolvimento\Projetos\TradutorDGames\[Kimochi] RJ01696894,www\js\plugins\DTextPicture.js,36,.js,utf-8-sig,"cjk,kana",rpgmaker_plugin_js,25,,1,// 1.8.0 2017/03/30 背景にウィンドウを表示できる機能を追加
T002289,B0005,D:\Dev\Desenvolvimento\Projetos\TradutorDGames\[Kimochi] RJ01696894,www\js\plugins\DTextPicture.js,37,.js,utf-8-sig,"cjk,kana",rpgmaker_plugin_js,25,,1,// 1.7.1 2017/03/20 1.7.0で末尾がイタリック体の場合に、傾き部分が見切れてしまう問題を修正
T002290,B0005,D:\Dev\Desenvolvimento\Projetos\TradutorDGames\[Kimochi] RJ01696894,www\js\plugins\DTextPicture.js,38,.js,utf-8-sig,"cjk,kana",rpgmaker_plugin_js,25,,1,// 1.7.0 2017/03/20 動的文字列を太字とイタリックにできる機能を追加
T002291,B0005,D:\Dev\Desenvolvimento\Projetos\TradutorDGames\[Kimochi] RJ01696894,www\js\plugins\DTextPicture.js,39,.js,utf-8-sig,"cjk,kana",rpgmaker_plugin_js,25,,1,//                  複数行表示かつ制御文字でアイコンを指定した場合に高さが余分に計算されてしまう問題の修正
T002292,B0005,D:\Dev\Desenvolvimento\Projetos\TradutorDGames\[Kimochi] RJ01696894,www\js\plugins\DTextPicture.js,40,.js,utf-8-sig,"cjk,kana",rpgmaker_plugin_js,25,,1,// 1.6.2 2016/12/13 動的ピクチャに対して、ピクチャの表示とピクチャの色調変更を同フレームで行うと画像が消える問題の修正
T002293,B0005,D:\Dev\Desenvolvimento\Projetos\TradutorDGames\[Kimochi] RJ01696894,www\js\plugins\DTextPicture.js,41,.js,utf-8-sig,"cjk,kana",rpgmaker_plugin_js,25,,1,// 1.6.1 2016/11/03 一通りの競合対策
T002294,B0005,D:\Dev\Desenvolvimento\Projetos\TradutorDGames\[Kimochi] RJ01696894,www\js\plugins\DTextPicture.js,42,.js,utf-8-sig,"cjk,kana",rpgmaker_plugin_js,25,,1,// 1.6.0 2016/11/03 インストールされているフォントをピクチャのフォントとして利用できる機能を追加
T002295,B0005,D:\Dev\Desenvolvimento\Projetos\TradutorDGames\[Kimochi] RJ01696894,www\js\plugins\DTextPicture.js,43,.js,utf-8-sig,"cjk,kana",rpgmaker_plugin_js,25,,1,// 1.5.1 2016/10/27 1.5.0でアウトラインカラーを指定するとエラーになっていた現象を修正
T002296,B0005,D:\Dev\Desenvolvimento\Projetos\TradutorDGames\[Kimochi] RJ01696894,www\js\plugins\DTextPicture.js,44,.js,utf-8-sig,"cjk,kana",rpgmaker_plugin_js,25,,1,// 1.5.0 2016/10/23 制御文字で表示した変数の内容をリアルタイム更新できる機能を追加
T002297,B0005,D:\Dev\Desenvolvimento\Projetos\TradutorDGames\[Kimochi] RJ01696894,www\js\plugins\DTextPicture.js,45,.js,utf-8-sig,"cjk,kana",rpgmaker_plugin_js,25,,1,// 1.4.2 2016/07/02 スクリプトからダイレクトで実行した場合も制御文字が反映されるよう修正（ただし余分にエスケープする必要あり）
T002298,B0005,D:\Dev\Desenvolvimento\Projetos\TradutorDGames\[Kimochi] RJ01696894,www\js\plugins\DTextPicture.js,46,.js,utf-8-sig,"cjk,kana",rpgmaker_plugin_js,25,,1,// 1.4.1 2016/06/29 制御文字「\{」で文字サイズを大きくした際、元のサイズに戻さないと正しいサイズで表示されない問題を修正
T002299,B0005,D:\Dev\Desenvolvimento\Projetos\TradutorDGames\[Kimochi] RJ01696894,www\js\plugins\DTextPicture.js,47,.js,utf-8-sig,"cjk,kana",rpgmaker_plugin_js,25,,1,// 1.4.0 2016/06/28 D_TEXT実行後に画像を指定してピクチャを表示した場合は画像を優先表示するよう仕様変更
T002300,B0005,D:\Dev\Desenvolvimento\Projetos\TradutorDGames\[Kimochi] RJ01696894,www\js\plugins\DTextPicture.js,48,.js,utf-8-sig,"cjk,kana",rpgmaker_plugin_js,25,,1,// 1.3.1 2016/06/07 描画文字が半角英数字のみかつフォントを未指定の場合に文字が描画されない不具合を修正
T002301,B0005,D:\Dev\Desenvolvimento\Projetos\TradutorDGames\[Kimochi] RJ01696894,www\js\plugins\DTextPicture.js,49,.js,utf-8-sig,"cjk,kana",rpgmaker_plugin_js,25,,1,// 1.3.0 2016/06/03 制御文字\oc[c] \ow[n]に対応
T002302,B0005,D:\Dev\Desenvolvimento\Projetos\TradutorDGames\[Kimochi] RJ01696894,www\js\plugins\DTextPicture.js,50,.js,utf-8-sig,"cjk,kana",rpgmaker_plugin_js,25,,1,// 1.2.2 2016/03/28 データベース情報を簡単に出力する制御文字を追加
T002303,B0005,D:\Dev\Desenvolvimento\Projetos\TradutorDGames\[Kimochi] RJ01696894,www\js\plugins\DTextPicture.js,51,.js,utf-8-sig,"cjk,kana",rpgmaker_plugin_js,25,,1,// 1.2.1 2016/01/29 コマンド「D_TEXT_SETTING」の実装が「D_TEST_SETTING」になっていたので修正（笑）
T002304,B0005,D:\Dev\Desenvolvimento\Projetos\TradutorDGames\[Kimochi] RJ01696894,www\js\plugins\DTextPicture.js,52,.js,utf-8-sig,"cjk,kana",rpgmaker_plugin_js,25,,1,// 1.2.0 2016/01/27 複数行表示に対応
T002305,B0005,D:\Dev\Desenvolvimento\Projetos\TradutorDGames\[Kimochi] RJ01696894,www\js\plugins\DTextPicture.js,53,.js,utf-8-sig,"cjk,kana",rpgmaker_plugin_js,25,,1,//                  文字列の揃えと背景色を設定する機能を追加
T002306,B0005,D:\Dev\Desenvolvimento\Projetos\TradutorDGames\[Kimochi] RJ01696894,www\js\plugins\DTextPicture.js,54,.js,utf-8-sig,"cjk,kana",rpgmaker_plugin_js,25,,1,//                  変数をゼロ埋めして表示する機能を追加
T002307,B0005,D:\Dev\Desenvolvimento\Projetos\TradutorDGames\[Kimochi] RJ01696894,www\js\plugins\DTextPicture.js,55,.js,utf-8-sig,"cjk,kana",rpgmaker_plugin_js,25,,1,// 1.1.3 2015/12/10 戦闘画面でもピクチャを使用できるよう修正
T002308,B0005,D:\Dev\Desenvolvimento\Projetos\TradutorDGames\[Kimochi] RJ01696894,www\js\plugins\DTextPicture.js,56,.js,utf-8-sig,"cjk,kana",rpgmaker_plugin_js,25,,1,//                  描画後にデバッグ画面等を開いて変数を修正した場合、再描画で変更が反映されてしまう問題を修正
T002309,B0005,D:\Dev\Desenvolvimento\Projetos\TradutorDGames\[Kimochi] RJ01696894,www\js\plugins\DTextPicture.js,57,.js,utf-8-sig,"cjk,kana",rpgmaker_plugin_js,25,,1,// 1.1.2 2015/11/07 描画文字列に半角スペースが含まれていた場合も問題なく実行できるよう修正
T002310,B0005,D:\Dev\Desenvolvimento\Projetos\TradutorDGames\[Kimochi] RJ01696894,www\js\plugins\DTextPicture.js,58,.js,utf-8-sig,"cjk,kana",rpgmaker_plugin_js,25,,1,// 1.1.0 2015/11/07 制御文字\C[n] \I[n] \{ \} に対応（\$と表示スピード制御系以外全部）
T002311,B0005,D:\Dev\Desenvolvimento\Projetos\TradutorDGames\[Kimochi] RJ01696894,www\js\plugins\DTextPicture.js,59,.js,utf-8-sig,"cjk,kana",rpgmaker_plugin_js,25,,1,// 1.0.1 2015/11/07 RPGツクールMV（日本語版）に合わせてコメントの表記を変更
T002312,B0005,D:\Dev\Desenvolvimento\Projetos\TradutorDGames\[Kimochi] RJ01696894,www\js\plugins\DTextPicture.js,60,.js,utf-8-sig,cjk,rpgmaker_plugin_js,25,,1,// 1.0.0 2015/11/06 初版
T002313,B0005,D:\Dev\Desenvolvimento\Projetos\TradutorDGames\[Kimochi] RJ01696894,www\js\plugins\DTextPicture.js,108,.js,utf-8-sig,"cjk,kana",rpgmaker_plugin_js,25,,1,* 文字列には各種制御文字（\v[n]等）も使用可能で、制御文字で表示した変数の値が
T002314,B0005,D:\Dev\Desenvolvimento\Projetos\TradutorDGames\[Kimochi] RJ01696894,www\js\plugins\DTextPicture.js,109,.js,utf-8-sig,"cjk,kana",rpgmaker_plugin_js,25,,1,* 変更されたときにリアルタイムでピクチャの内容を更新できます。
T002315,B0005,D:\Dev\Desenvolvimento\Projetos\TradutorDGames\[Kimochi] RJ01696894,www\js\plugins\DTextPicture.js,111,.js,utf-8-sig,"cjk,kana",rpgmaker_plugin_js,25,,1,* 以下の手順で表示します。
T002316,B0005,D:\Dev\Desenvolvimento\Projetos\TradutorDGames\[Kimochi] RJ01696894,www\js\plugins\DTextPicture.js,112,.js,utf-8-sig,"cjk,kana",rpgmaker_plugin_js,25,,1,*  1 : プラグインコマンド[D_TEXT]で描画したい文字列と引数を指定（下記の例参照）
T002317,B0005,D:\Dev\Desenvolvimento\Projetos\TradutorDGames\[Kimochi] RJ01696894,www\js\plugins\DTextPicture.js,113,.js,utf-8-sig,"cjk,kana",rpgmaker_plugin_js,25,,1,*  2 : プラグインコマンド[D_TEXT_SETTING]で背景色や揃えを指定（任意）
T002318,B0005,D:\Dev\Desenvolvimento\Projetos\TradutorDGames\[Kimochi] RJ01696894,www\js\plugins\DTextPicture.js,114,.js,utf-8-sig,"cjk,kana",rpgmaker_plugin_js,25,,1,*  3 : イベントコマンド「ピクチャの表示」で「画像」を未選択に指定。
T002319,B0005,D:\Dev\Desenvolvimento\Projetos\TradutorDGames\[Kimochi] RJ01696894,www\js\plugins\DTextPicture.js,115,.js,utf-8-sig,"cjk,kana",rpgmaker_plugin_js,25,,1,* ※ 1の時点ではピクチャは表示されないので必ずセットで呼び出してください。
T002320,B0005,D:\Dev\Desenvolvimento\Projetos\TradutorDGames\[Kimochi] RJ01696894,www\js\plugins\DTextPicture.js,116,.js,utf-8-sig,"cjk,kana",rpgmaker_plugin_js,25,,1,* ※ ピクチャ表示前にD_TEXTを複数回実行すると、複数行表示できます。
T002321,B0005,D:\Dev\Desenvolvimento\Projetos\TradutorDGames\[Kimochi] RJ01696894,www\js\plugins\DTextPicture.js,118,.js,utf-8-sig,"cjk,kana",rpgmaker_plugin_js,25,,1,* ※ ver1.4.0より、[D_TEXT]実行後に「ピクチャの表示」で「画像」を指定した場合は
T002322,B0005,D:\Dev\Desenvolvimento\Projetos\TradutorDGames\[Kimochi] RJ01696894,www\js\plugins\DTextPicture.js,119,.js,utf-8-sig,"cjk,kana",rpgmaker_plugin_js,25,,1,*    動的文字列ピクチャ生成を保留として通常通り「画像」ピクチャが表示される
T002323,B0005,D:\Dev\Desenvolvimento\Projetos\TradutorDGames\[Kimochi] RJ01696894,www\js\plugins\DTextPicture.js,120,.js,utf-8-sig,"cjk,kana",rpgmaker_plugin_js,25,,1,*    ように挙動が変更になりました。
T002324,B0005,D:\Dev\Desenvolvimento\Projetos\TradutorDGames\[Kimochi] RJ01696894,www\js\plugins\DTextPicture.js,122,.js,utf-8-sig,"cjk,kana",rpgmaker_plugin_js,25,,1,* プラグインコマンド詳細
T002325,B0005,D:\Dev\Desenvolvimento\Projetos\TradutorDGames\[Kimochi] RJ01696894,www\js\plugins\DTextPicture.js,123,.js,utf-8-sig,"cjk,kana",rpgmaker_plugin_js,25,,1,*   イベントコマンド「プラグインコマンド」から実行。
T002326,B0005,D:\Dev\Desenvolvimento\Projetos\TradutorDGames\[Kimochi] RJ01696894,www\js\plugins\DTextPicture.js,124,.js,utf-8-sig,"cjk,kana",rpgmaker_plugin_js,25,,1,*   （引数の間は半角スペースで区切る）
T002327,B0005,D:\Dev\Desenvolvimento\Projetos\TradutorDGames\[Kimochi] RJ01696894,www\js\plugins\DTextPicture.js,126,.js,utf-8-sig,"cjk,kana",rpgmaker_plugin_js,25,,1,*  D_TEXT [描画文字列] [文字サイズ] : 動的文字列ピクチャ生成の準備
T002328,B0005,D:\Dev\Desenvolvimento\Projetos\TradutorDGames\[Kimochi] RJ01696894,www\js\plugins\DTextPicture.js,127,.js,utf-8-sig,"cjk,kana",rpgmaker_plugin_js,25,,1,*  例：D_TEXT テスト文字列 32
T002329,B0005,D:\Dev\Desenvolvimento\Projetos\TradutorDGames\[Kimochi] RJ01696894,www\js\plugins\DTextPicture.js,129,.js,utf-8-sig,"cjk,kana",rpgmaker_plugin_js,25,,1,* 表示後は通常のピクチャと同様に移動や回転、消去ができます。
T002330,B0005,D:\Dev\Desenvolvimento\Projetos\TradutorDGames\[Kimochi] RJ01696894,www\js\plugins\DTextPicture.js,130,.js,utf-8-sig,"cjk,kana",rpgmaker_plugin_js,25,,1,* また、変数やアクターの表示など制御文字にも対応しています。
T002331,B0005,D:\Dev\Desenvolvimento\Projetos\TradutorDGames\[Kimochi] RJ01696894,www\js\plugins\DTextPicture.js,132,.js,utf-8-sig,"cjk,kana",rpgmaker_plugin_js,25,,1,*  D_TEXT_SETTING ALIGN [揃え] : 揃え（左揃え、中央揃え、右揃え）の設定
T002332,B0005,D:\Dev\Desenvolvimento\Projetos\TradutorDGames\[Kimochi] RJ01696894,www\js\plugins\DTextPicture.js,133,.js,utf-8-sig,"cjk,kana",rpgmaker_plugin_js,25,,1,*  0:左揃え 1:中央揃え 2:右揃え
T002333,B0005,D:\Dev\Desenvolvimento\Projetos\TradutorDGames\[Kimochi] RJ01696894,www\js\plugins\DTextPicture.js,135,.js,utf-8-sig,cjk,rpgmaker_plugin_js,25,,1,*  例：D_TEXT_SETTING ALIGN 0
T002334,B0005,D:\Dev\Desenvolvimento\Projetos\TradutorDGames\[Kimochi] RJ01696894,www\js\plugins\DTextPicture.js,138,.js,utf-8-sig,"cjk,kana",rpgmaker_plugin_js,25,,1,* ※ 揃えの設定は複数行を指定したときに最も横幅の大きい行に合わせられます。
T002335,B0005,D:\Dev\Desenvolvimento\Projetos\TradutorDGames\[Kimochi] RJ01696894,www\js\plugins\DTextPicture.js,139,.js,utf-8-sig,"cjk,kana",rpgmaker_plugin_js,25,,1,* 　 よって単一行しか描画しないときは、この設定は機能しません。
T002336,B0005,D:\Dev\Desenvolvimento\Projetos\TradutorDGames\[Kimochi] RJ01696894,www\js\plugins\DTextPicture.js,141,.js,utf-8-sig,"cjk,kana",rpgmaker_plugin_js,25,,1,*  D_TEXT_SETTING BG_COLOR [背景色] : 背景色の設定(CSSの色指定と同様の書式)
T002337,B0005,D:\Dev\Desenvolvimento\Projetos\TradutorDGames\[Kimochi] RJ01696894,www\js\plugins\DTextPicture.js,143,.js,utf-8-sig,cjk,rpgmaker_plugin_js,25,,1,*  例：D_TEXT_SETTING BG_COLOR black
T002338,B0005,D:\Dev\Desenvolvimento\Projetos\TradutorDGames\[Kimochi] RJ01696894,www\js\plugins\DTextPicture.js,147,.js,utf-8-sig,"cjk,kana",rpgmaker_plugin_js,25,,1,*  背景色のグラデーションをピクセル数で指定できます。
T002339,B0005,D:\Dev\Desenvolvimento\Projetos\TradutorDGames\[Kimochi] RJ01696894,www\js\plugins\DTextPicture.js,148,.js,utf-8-sig,"cjk,kana",rpgmaker_plugin_js,25,,1,*  D_TEXT_SETTING BG_GRADATION_RIGHT [ピクセル数]
T002340,B0005,D:\Dev\Desenvolvimento\Projetos\TradutorDGames\[Kimochi] RJ01696894,www\js\plugins\DTextPicture.js,149,.js,utf-8-sig,"cjk,kana",rpgmaker_plugin_js,25,,1,*  D_TEXT_SETTING BG_GRADATION_LEFT [ピクセル数]
T002341,B0005,D:\Dev\Desenvolvimento\Projetos\TradutorDGames\[Kimochi] RJ01696894,www\js\plugins\DTextPicture.js,151,.js,utf-8-sig,cjk,rpgmaker_plugin_js,25,,1,*  例：D_TEXT_SETTING BG_GRADATION_RIGHT 50
T002342,B0005,D:\Dev\Desenvolvimento\Projetos\TradutorDGames\[Kimochi] RJ01696894,www\js\plugins\DTextPicture.js,154,.js,utf-8-sig,"cjk,kana",rpgmaker_plugin_js,25,,1,*  D_TEXT_SETTING REAL_TIME ON : 制御文字で表示した変数のリアルタイム表示
T002343,B0005,D:\Dev\Desenvolvimento\Projetos\TradutorDGames\[Kimochi] RJ01696894,www\js\plugins\DTextPicture.js,156,.js,utf-8-sig,cjk,rpgmaker_plugin_js,25,,1,*  例：D_TEXT_SETTING REAL_TIME ON
T002344,B0005,D:\Dev\Desenvolvimento\Projetos\TradutorDGames\[Kimochi] RJ01696894,www\js\plugins\DTextPicture.js,158,.js,utf-8-sig,"cjk,kana",rpgmaker_plugin_js,25,,1,*  リアルタイム表示を有効にしておくと、ピクチャの表示後に変数の値が変化したとき
T002345,B0005,D:\Dev\Desenvolvimento\Projetos\TradutorDGames\[Kimochi] RJ01696894,www\js\plugins\DTextPicture.js,159,.js,utf-8-sig,"cjk,kana",rpgmaker_plugin_js,25,,1,*  自動でピクチャの内容も更新されます。
T002346,B0005,D:\Dev\Desenvolvimento\Projetos\TradutorDGames\[Kimochi] RJ01696894,www\js\plugins\DTextPicture.js,161,.js,utf-8-sig,"cjk,kana",rpgmaker_plugin_js,25,,1,*  D_TEXT_SETTING WINDOW ON : 背景にウィンドウを表示する
T002347,B0005,D:\Dev\Desenvolvimento\Projetos\TradutorDGames\[Kimochi] RJ01696894,www\js\plugins\DTextPicture.js,162,.js,utf-8-sig,cjk,rpgmaker_plugin_js,25,,1,*  例：D_TEXT_SETTING WINDOW ON
T002348,B0005,D:\Dev\Desenvolvimento\Projetos\TradutorDGames\[Kimochi] RJ01696894,www\js\plugins\DTextPicture.js,164,.js,utf-8-sig,"cjk,kana",rpgmaker_plugin_js,25,,1,*  D_TEXT_SETTING FONT [フォント名] : 描画で使用するフォントを指定した名称に変更
T002349,B0005,D:\Dev\Desenvolvimento\Projetos\TradutorDGames\[Kimochi] RJ01696894,www\js\plugins\DTextPicture.js,165,.js,utf-8-sig,cjk,rpgmaker_plugin_js,25,,1,*  例：D_TEXT_SETTING FONT ＭＳ Ｐ明朝
T002350,B0005,D:\Dev\Desenvolvimento\Projetos\TradutorDGames\[Kimochi] RJ01696894,www\js\plugins\DTextPicture.js,167,.js,utf-8-sig,"cjk,kana",rpgmaker_plugin_js,25,,1,* フォント変更機能を安全に利用するためには、別途公開している
T002351,B0005,D:\Dev\Desenvolvimento\Projetos\TradutorDGames\[Kimochi] RJ01696894,www\js\plugins\DTextPicture.js,168,.js,utf-8-sig,"cjk,kana",rpgmaker_plugin_js,25,,1,* 「フォントロードプラグイン」が必要です。
T002352,B0005,D:\Dev\Desenvolvimento\Projetos\TradutorDGames\[Kimochi] RJ01696894,www\js\plugins\DTextPicture.js,170,.js,utf-8-sig,"cjk,kana",rpgmaker_plugin_js,25,,1,* これらの設定はD_TEXTと同様、ピクチャを表示する前に行ってください。
T002353,B0005,D:\Dev\Desenvolvimento\Projetos\TradutorDGames\[Kimochi] RJ01696894,www\js\plugins\DTextPicture.js,172,.js,utf-8-sig,"cjk,kana",rpgmaker_plugin_js,25,,1,* 対応制御文字一覧（イベントコマンド「文章の表示」と同一です）
T002354,B0005,D:\Dev\Desenvolvimento\Projetos\TradutorDGames\[Kimochi] RJ01696894,www\js\plugins\DTextPicture.js,182,.js,utf-8-sig,cjk,rpgmaker_plugin_js,25,,1,* 専用制御文字
T002355,B0005,D:\Dev\Desenvolvimento\Projetos\TradutorDGames\[Kimochi] RJ01696894,www\js\plugins\DTextPicture.js,183,.js,utf-8-sig,"cjk,kana",rpgmaker_plugin_js,25,,1,"* \V[n,m](m桁分のパラメータで指定した文字で埋めた変数の値)"
T002356,B0005,D:\Dev\Desenvolvimento\Projetos\TradutorDGames\[Kimochi] RJ01696894,www\js\plugins\DTextPicture.js,184,.js,utf-8-sig,"cjk,kana",rpgmaker_plugin_js,25,,1,* \item[n]   n 番のアイテム情報（アイコン＋名称）
T002357,B0005,D:\Dev\Desenvolvimento\Projetos\TradutorDGames\[Kimochi] RJ01696894,www\js\plugins\DTextPicture.js,185,.js,utf-8-sig,"cjk,kana",rpgmaker_plugin_js,25,,1,* \weapon[n] n 番の武器情報（アイコン＋名称）
T002358,B0005,D:\Dev\Desenvolvimento\Projetos\TradutorDGames\[Kimochi] RJ01696894,www\js\plugins\DTextPicture.js,186,.js,utf-8-sig,"cjk,kana",rpgmaker_plugin_js,25,,1,* \armor[n]  n 番の防具情報（アイコン＋名称）
T002359,B0005,D:\Dev\Desenvolvimento\Projetos\TradutorDGames\[Kimochi] RJ01696894,www\js\plugins\DTextPicture.js,187,.js,utf-8-sig,"cjk,kana",rpgmaker_plugin_js,25,,1,* \skill[n]  n 番のスキル情報（アイコン＋名称）
T002360,B0005,D:\Dev\Desenvolvimento\Projetos\TradutorDGames\[Kimochi] RJ01696894,www\js\plugins\DTextPicture.js,188,.js,utf-8-sig,"cjk,kana",rpgmaker_plugin_js,25,,1,* \state[n]  n 番のステート情報（アイコン＋名称）
T002361,B0005,D:\Dev\Desenvolvimento\Projetos\TradutorDGames\[Kimochi] RJ01696894,www\js\plugins\DTextPicture.js,189,.js,utf-8-sig,"cjk,kana",rpgmaker_plugin_js,25,,1,* \oc[c] アウトラインカラーを「c」に設定(※1)
T002362,B0005,D:\Dev\Desenvolvimento\Projetos\TradutorDGames\[Kimochi] RJ01696894,www\js\plugins\DTextPicture.js,190,.js,utf-8-sig,"cjk,kana",rpgmaker_plugin_js,25,,1,* \ow[n] アウトライン幅を「n」に設定(例:\ow[5])
T002363,B0005,D:\Dev\Desenvolvimento\Projetos\TradutorDGames\[Kimochi] RJ01696894,www\js\plugins\DTextPicture.js,191,.js,utf-8-sig,"cjk,kana",rpgmaker_plugin_js,25,,1,* \f[b] フォントの太字化
T002364,B0005,D:\Dev\Desenvolvimento\Projetos\TradutorDGames\[Kimochi] RJ01696894,www\js\plugins\DTextPicture.js,192,.js,utf-8-sig,"cjk,kana",rpgmaker_plugin_js,25,,1,* \f[i] フォントのイタリック化
T002365,B0005,D:\Dev\Desenvolvimento\Projetos\TradutorDGames\[Kimochi] RJ01696894,www\js\plugins\DTextPicture.js,193,.js,utf-8-sig,"cjk,kana",rpgmaker_plugin_js,25,,1,* \f[n] フォントの太字とイタリックを通常に戻す
T002366,B0005,D:\Dev\Desenvolvimento\Projetos\TradutorDGames\[Kimochi] RJ01696894,www\js\plugins\DTextPicture.js,195,.js,utf-8-sig,"cjk,kana",rpgmaker_plugin_js,25,,1,* ※1 アウトラインカラーの指定方法
T002367,B0005,D:\Dev\Desenvolvimento\Projetos\TradutorDGames\[Kimochi] RJ01696894,www\js\plugins\DTextPicture.js,196,.js,utf-8-sig,"cjk,kana",rpgmaker_plugin_js,25,,1,* \oc[red]  色名で指定
T002368,B0005,D:\Dev\Desenvolvimento\Projetos\TradutorDGames\[Kimochi] RJ01696894,www\js\plugins\DTextPicture.js,197,.js,utf-8-sig,"cjk,kana",rpgmaker_plugin_js,25,,1,"* \oc[rgb(0,255,0)] カラーコードで指定"
T002369,B0005,D:\Dev\Desenvolvimento\Projetos\TradutorDGames\[Kimochi] RJ01696894,www\js\plugins\DTextPicture.js,198,.js,utf-8-sig,"cjk,kana",rpgmaker_plugin_js,25,,1,* \oc[2] 文字色番号\c[n]と同様のもので指定
T002370,B0005,D:\Dev\Desenvolvimento\Projetos\TradutorDGames\[Kimochi] RJ01696894,www\js\plugins\DTextPicture.js,200,.js,utf-8-sig,"cjk,kana",rpgmaker_plugin_js,25,,1,* 背景にウィンドウを表示しているときにカーソルを表示します。
T002371,B0005,D:\Dev\Desenvolvimento\Projetos\TradutorDGames\[Kimochi] RJ01696894,www\js\plugins\DTextPicture.js,201,.js,utf-8-sig,"cjk,kana",rpgmaker_plugin_js,25,,1,* このコマンドは動的文字列ピクチャを表示後に実行してください。
T002372,B0005,D:\Dev\Desenvolvimento\Projetos\TradutorDGames\[Kimochi] RJ01696894,www\js\plugins\DTextPicture.js,202,.js,utf-8-sig,"cjk,kana",rpgmaker_plugin_js,25,,1,*  D_TEXT_WINDOW_CURSOR 1 ON  # ピクチャ[1]にウィンドウカーソルを表示
T002373,B0005,D:\Dev\Desenvolvimento\Projetos\TradutorDGames\[Kimochi] RJ01696894,www\js\plugins\DTextPicture.js,203,.js,utf-8-sig,"cjk,kana",rpgmaker_plugin_js,25,,1,*  D_TEXT_WINDOW_CURSOR 2 OFF # ピクチャ[2]にウィンドウカーソルを消去
T002374,B0005,D:\Dev\Desenvolvimento\Projetos\TradutorDGames\[Kimochi] RJ01696894,www\js\plugins\DTextPicture.js,205,.js,utf-8-sig,"cjk,kana",rpgmaker_plugin_js,25,,1,* カーソルのアクティブ状態を変更するコマンドは以下の通りです。
T002375,B0005,D:\Dev\Desenvolvimento\Projetos\TradutorDGames\[Kimochi] RJ01696894,www\js\plugins\DTextPicture.js,206,.js,utf-8-sig,kana,rpgmaker_plugin_js,25,,1,*  D_TEXT_WINDOW_CURSOR_ACTIVE 2 ON  # ピクチャ[1]のカーソルをアクティブ
T002376,B0005,D:\Dev\Desenvolvimento\Projetos\TradutorDGames\[Kimochi] RJ01696894,www\js\plugins\DTextPicture.js,207,.js,utf-8-sig,kana,rpgmaker_plugin_js,25,,1,*  D_TEXT_WINDOW_CURSOR_ACTIVE 1 OFF # ピクチャ[1]のカーソルをストップ
T002377,B0005,D:\Dev\Desenvolvimento\Projetos\TradutorDGames\[Kimochi] RJ01696894,www\js\plugins\DTextPicture.js,209,.js,utf-8-sig,"cjk,kana",rpgmaker_plugin_js,25,,1,* カーソル矩形の座標を指定する場合は以下の通りです。
T002378,B0005,D:\Dev\Desenvolvimento\Projetos\TradutorDGames\[Kimochi] RJ01696894,www\js\plugins\DTextPicture.js,210,.js,utf-8-sig,kana,rpgmaker_plugin_js,25,,1,"*  D_TEXT_WINDOW_CURSOR 1 ON 0 0 100 100  # ピクチャ[1]に[0,0,100,100]のサイズの"
T002379,B0005,D:\Dev\Desenvolvimento\Projetos\TradutorDGames\[Kimochi] RJ01696894,www\js\plugins\DTextPicture.js,211,.js,utf-8-sig,"cjk,kana",rpgmaker_plugin_js,25,,1,*                                         # ウィンドウカーソルを表示
T002380,B0005,D:\Dev\Desenvolvimento\Projetos\TradutorDGames\[Kimochi] RJ01696894,www\js\plugins\DTextPicture.js,213,.js,utf-8-sig,cjk,rpgmaker_plugin_js,25,,1,* 利用規約：
T002381,B0005,D:\Dev\Desenvolvimento\Projetos\TradutorDGames\[Kimochi] RJ01696894,www\js\plugins\DTextPicture.js,214,.js,utf-8-sig,"cjk,kana",rpgmaker_plugin_js,25,,1,*  作者に無断で改変、再配布が可能で、利用形態（商用、18禁利用等）
T002382,B0005,D:\Dev\Desenvolvimento\Projetos\TradutorDGames\[Kimochi] RJ01696894,www\js\plugins\DTextPicture.js,215,.js,utf-8-sig,"cjk,kana",rpgmaker_plugin_js,25,,1,*  についても制限はありません。
T002383,B0005,D:\Dev\Desenvolvimento\Projetos\TradutorDGames\[Kimochi] RJ01696894,www\js\plugins\DTextPicture.js,216,.js,utf-8-sig,kana,rpgmaker_plugin_js,25,,1,*  このプラグインはもうあなたのものです。
T002384,B0005,D:\Dev\Desenvolvimento\Projetos\TradutorDGames\[Kimochi] RJ01696894,www\js\plugins\DTextPicture.js,308,.js,utf-8-sig,"cjk,kana",rpgmaker_plugin_js,25,,1,//  プラグインコマンド[D_TEXT]を追加定義します。
T002385,B0005,D:\Dev\Desenvolvimento\Projetos\TradutorDGames\[Kimochi] RJ01696894,www\js\plugins\DTextPicture.js,339,.js,utf-8-sig,cjk,rpgmaker_plugin_js,25,,1,"LEFT: 0, CENTER: 1, RIGHT: 2, 左: 0, 中央: 1, 右: 2"
T002386,B0005,D:\Dev\Desenvolvimento\Projetos\TradutorDGames\[Kimochi] RJ01696894,www\js\plugins\DTextPicture.js,398,.js,utf-8-sig,"cjk,kana",rpgmaker_plugin_js,25,,1,//  値を変更した変数の履歴を取得します。
T002387,B0005,D:\Dev\Desenvolvimento\Projetos\TradutorDGames\[Kimochi] RJ01696894,www\js\plugins\DTextPicture.js,422,.js,utf-8-sig,"cjk,kana",rpgmaker_plugin_js,25,,1,//  動的ピクチャ用のプロパティを追加定義します。
T002388,B0005,D:\Dev\Desenvolvimento\Projetos\TradutorDGames\[Kimochi] RJ01696894,www\js\plugins\DTextPicture.js,504,.js,utf-8-sig,"cjk,kana",rpgmaker_plugin_js,25,,1,//  動的ピクチャ用のプロパティを追加定義し、表示処理を動的ピクチャ対応に変更します。
T002389,B0005,D:\Dev\Desenvolvimento\Projetos\TradutorDGames\[Kimochi] RJ01696894,www\js\plugins\DTextPicture.js,561,.js,utf-8-sig,"cjk,kana",rpgmaker_plugin_js,25,,1,//  文字描画用の隠しウィンドウを取得します。
T002390,B0005,D:\Dev\Desenvolvimento\Projetos\TradutorDGames\[Kimochi] RJ01696894,www\js\plugins\DTextPicture.js,576,.js,utf-8-sig,"cjk,kana",rpgmaker_plugin_js,25,,1,//  文字列変換処理に追加制御文字を設定します。
T002391,B0005,D:\Dev\Desenvolvimento\Projetos\TradutorDGames\[Kimochi] RJ01696894,www\js\plugins\DTextPicture.js,629,.js,utf-8-sig,"cjk,kana",rpgmaker_plugin_js,25,,1,//  画像の動的生成を追加定義します。
T002392,B0005,D:\Dev\Desenvolvimento\Projetos\TradutorDGames\[Kimochi] RJ01696894,www\js\plugins\DTextPicture.js,851,.js,utf-8-sig,"cjk,kana",rpgmaker_plugin_js,25,,1,//  サイズを計算するための仮想ビットマップクラス
T002393,B0005,D:\Dev\Desenvolvimento\Projetos\TradutorDGames\[Kimochi] RJ01696894,www\js\plugins\DTextPicture.js,883,.js,utf-8-sig,kana,rpgmaker_plugin_js,25,,1,//  バックフレームウィンドウ
T002394,B0005,D:\Dev\Desenvolvimento\Projetos\TradutorDGames\[Kimochi] RJ01696894,www\js\plugins\DTextPicture.js,901,.js,utf-8-sig,"cjk,kana",rpgmaker_plugin_js,25,,1,//  文字描画用の隠しウィンドウ
T002395,B0005,D:\Dev\Desenvolvimento\Projetos\TradutorDGames\[Kimochi] RJ01696894,www\js\plugins\DTextPicture.js,964,.js,utf-8-sig,cjk,rpgmaker_plugin_js,25,,1,//  太字対応
T002396,B0005,D:\Dev\Desenvolvimento\Projetos\TradutorDGames\[Kimochi] RJ01696894,www\js\plugins\DisplayNumber.js,9,.js,utf-8-sig,cjk,rpgmaker_plugin_js,25,,1,"* 開始 startNumberA(from, to, totalFrame);  例: startNumberA(0, 50, 60);"
T002397,B0005,D:\Dev\Desenvolvimento\Projetos\TradutorDGames\[Kimochi] RJ01696894,www\js\plugins\DisplayNumber.js,10,.js,utf-8-sig,cjk,rpgmaker_plugin_js,25,,1,* 停止 stopNumber();
T002398,B0005,D:\Dev\Desenvolvimento\Projetos\TradutorDGames\[Kimochi] RJ01696894,www\js\plugins\DisplayNumber.js,12,.js,utf-8-sig,"cjk,kana",rpgmaker_plugin_js,25,,1,"* 開始 startNumberB();  x582,y319 から x860 まで左から右へ120フレームかけて伸びるバー"
T002399,B0005,D:\Dev\Desenvolvimento\Projetos\TradutorDGames\[Kimochi] RJ01696894,www\js\plugins\DisplayNumber.js,13,.js,utf-8-sig,cjk,rpgmaker_plugin_js,25,,1,* 停止 stopNumberB();
T002400,B0005,D:\Dev\Desenvolvimento\Projetos\TradutorDGames\[Kimochi] RJ01696894,www\js\plugins\DisplayNumber.js,43,.js,utf-8-sig,"cjk,kana",rpgmaker_plugin_js,25,,1,// ゲージのメモリの点
T002401,B0005,D:\Dev\Desenvolvimento\Projetos\TradutorDGames\[Kimochi] RJ01696894,www\js\plugins\DisplayNumber.js,57,.js,utf-8-sig,"cjk,kana",rpgmaker_plugin_js,25,,1,// フレーム管理
T002402,B0005,D:\Dev\Desenvolvimento\Projetos\TradutorDGames\[Kimochi] RJ01696894,www\js\plugins\DisplayNumber.js,142,.js,utf-8-sig,"cjk,kana",rpgmaker_plugin_js,25,,1,// 共通の数字描画処理
T002403,B0005,D:\Dev\Desenvolvimento\Projetos\TradutorDGames\[Kimochi] RJ01696894,www\js\plugins\DisplayNumber.js,186,.js,utf-8-sig,"cjk,kana",rpgmaker_plugin_js,25,,1,"// x582,y319 から x860 まで左から右へ伸びるバーの描画処理"
T002404,B0005,D:\Dev\Desenvolvimento\Projetos\TradutorDGames\[Kimochi] RJ01696894,www\js\plugins\DrawCircle.js,9,.js,utf-8-sig,cjk,rpgmaker_plugin_js,25,,1,* 開始　startGauge(n); 角度　例 startGauge(180);
T002405,B0005,D:\Dev\Desenvolvimento\Projetos\TradutorDGames\[Kimochi] RJ01696894,www\js\plugins\DrawCircle.js,10,.js,utf-8-sig,cjk,rpgmaker_plugin_js,25,,1,* 停止　stopGauge();
T002406,B0005,D:\Dev\Desenvolvimento\Projetos\TradutorDGames\[Kimochi] RJ01696894,www\js\plugins\DrawCircle.js,11,.js,utf-8-sig,cjk,rpgmaker_plugin_js,25,,1,* 再開  continueGauge(n); 例 continueGauge(360);
T002407,B0005,D:\Dev\Desenvolvimento\Projetos\TradutorDGames\[Kimochi] RJ01696894,www\js\plugins\DrawCircle.js,16,.js,utf-8-sig,"cjk,kana",rpgmaker_plugin_js,25,,1,// アニメーションのデフォルト所要フレーム数（ここを変えれば全体に反映される）
T002408,B0005,D:\Dev\Desenvolvimento\Projetos\TradutorDGames\[Kimochi] RJ01696894,www\js\plugins\DrawCircle.js,23,.js,utf-8-sig,"cjk,kana",rpgmaker_plugin_js,25,,1,// 描画用レイヤーをピクチャコンテナの上に追加
T002409,B0005,D:\Dev\Desenvolvimento\Projetos\TradutorDGames\[Kimochi] RJ01696894,www\js\plugins\DrawCircle.js,28,.js,utf-8-sig,"cjk,kana",rpgmaker_plugin_js,25,,1,// DisplayNumber.js / Tgame.js など他プラグインが同じレイヤーを共有できるように公開
T002410,B0005,D:\Dev\Desenvolvimento\Projetos\TradutorDGames\[Kimochi] RJ01696894,www\js\plugins\DrawCircle.js,161,.js,utf-8-sig,"cjk,kana",rpgmaker_plugin_js,25,,1,// 外部（イベントのスクリプトコマンド等）から呼べるように従来通りグローバル関数を用意
T002411,B0005,D:\Dev\Desenvolvimento\Projetos\TradutorDGames\[Kimochi] RJ01696894,www\js\plugins\FontCustomize.js,45,.js,utf-8-sig,"cjk,kana",rpgmaker_plugin_js,25,,1,// パラメータ取得
T002412,B0005,D:\Dev\Desenvolvimento\Projetos\TradutorDGames\[Kimochi] RJ01696894,www\js\plugins\FontCustomize.js,54,.js,utf-8-sig,"cjk,kana",rpgmaker_plugin_js,25,,1,// ===== フォント設定 =====
T002413,B0005,D:\Dev\Desenvolvimento\Projetos\TradutorDGames\[Kimochi] RJ01696894,www\js\plugins\FontCustomize.js,56,.js,utf-8-sig,kana,rpgmaker_plugin_js,25,,1,// フォントサイズ
T002414,B0005,D:\Dev\Desenvolvimento\Projetos\TradutorDGames\[Kimochi] RJ01696894,www\js\plugins\FontCustomize.js,61,.js,utf-8-sig,"cjk,kana",rpgmaker_plugin_js,25,,1,// 行の高さ
T002415,B0005,D:\Dev\Desenvolvimento\Projetos\TradutorDGames\[Kimochi] RJ01696894,www\js\plugins\FontCustomize.js,66,.js,utf-8-sig,"cjk,kana",rpgmaker_plugin_js,25,,1,// フォント色のリセット
T002416,B0005,D:\Dev\Desenvolvimento\Projetos\TradutorDGames\[Kimochi] RJ01696894,www\js\plugins\GradientWipe.js,7,.js,utf-8-sig,kana,rpgmaker_plugin_js,25,,1,// 1.0.0 2018/01/22 リリース release
T002417,B0005,D:\Dev\Desenvolvimento\Projetos\TradutorDGames\[Kimochi] RJ01696894,www\js\plugins\GradientWipe.js,168,.js,utf-8-sig,"cjk,kana",rpgmaker_plugin_js,25,,1,* 入力値: true/false (使う/使わない)
T002418,B0005,D:\Dev\Desenvolvimento\Projetos\TradutorDGames\[Kimochi] RJ01696894,www\js\plugins\GradientWipe.js,173,.js,utf-8-sig,"cjk,kana",rpgmaker_plugin_js,25,,1,* img/ に transitions のフォルダーを作って、画像を入れてください
T002419,B0005,D:\Dev\Desenvolvimento\Projetos\TradutorDGames\[Kimochi] RJ01696894,www\js\plugins\GradientWipe.js,178,.js,utf-8-sig,"cjk,kana",rpgmaker_plugin_js,25,,1,* 設定されなかったらフェード用画像を使う
T002420,B0005,D:\Dev\Desenvolvimento\Projetos\TradutorDGames\[Kimochi] RJ01696894,www\js\plugins\GradientWipe.js,183,.js,utf-8-sig,"cjk,kana",rpgmaker_plugin_js,25,,1,* 設定されなかったらフェード用画像を使う
T002421,B0005,D:\Dev\Desenvolvimento\Projetos\TradutorDGames\[Kimochi] RJ01696894,www\js\plugins\GradientWipe.js,188,.js,utf-8-sig,"cjk,kana",rpgmaker_plugin_js,25,,1,* 0か、正整数を入力してください。
T002422,B0005,D:\Dev\Desenvolvimento\Projetos\TradutorDGames\[Kimochi] RJ01696894,www\js\plugins\GradientWipe.js,193,.js,utf-8-sig,kana,rpgmaker_plugin_js,25,,1,* ツクールデフォルト：24(フレーム)
T002423,B0005,D:\Dev\Desenvolvimento\Projetos\TradutorDGames\[Kimochi] RJ01696894,www\js\plugins\GradientWipe.js,202,.js,utf-8-sig,"cjk,kana",rpgmaker_plugin_js,25,,1,* 入力値: true/false (使う/使わない)
T002424,B0005,D:\Dev\Desenvolvimento\Projetos\TradutorDGames\[Kimochi] RJ01696894,www\js\plugins\GradientWipe.js,207,.js,utf-8-sig,"cjk,kana",rpgmaker_plugin_js,25,,1,* img/ に transitions のフォルダーを作って、画像を入れてください
T002425,B0005,D:\Dev\Desenvolvimento\Projetos\TradutorDGames\[Kimochi] RJ01696894,www\js\plugins\GradientWipe.js,216,.js,utf-8-sig,"cjk,kana",rpgmaker_plugin_js,25,,1,* *** グラデーションワイプ効果（トランジション）
T002426,B0005,D:\Dev\Desenvolvimento\Projetos\TradutorDGames\[Kimochi] RJ01696894,www\js\plugins\GradientWipe.js,217,.js,utf-8-sig,cjk,rpgmaker_plugin_js,25,,1,* 作者: Tsukimi
T002427,B0005,D:\Dev\Desenvolvimento\Projetos\TradutorDGames\[Kimochi] RJ01696894,www\js\plugins\GradientWipe.js,219,.js,utf-8-sig,"cjk,kana",rpgmaker_plugin_js,25,,1,* ツクール2000のトランジションを再現して、画面のほか、
T002428,B0005,D:\Dev\Desenvolvimento\Projetos\TradutorDGames\[Kimochi] RJ01696894,www\js\plugins\GradientWipe.js,220,.js,utf-8-sig,"cjk,kana",rpgmaker_plugin_js,25,,1,* メッセージウィンドウ、キャラ、ピクチャにも適用できる
T002429,B0005,D:\Dev\Desenvolvimento\Projetos\TradutorDGames\[Kimochi] RJ01696894,www\js\plugins\GradientWipe.js,221,.js,utf-8-sig,kana,rpgmaker_plugin_js,25,,1,* ようにするプラグインです。
T002430,B0005,D:\Dev\Desenvolvimento\Projetos\TradutorDGames\[Kimochi] RJ01696894,www\js\plugins\GradientWipe.js,223,.js,utf-8-sig,cjk,rpgmaker_plugin_js,25,,1,* *** 注意!!! ***
T002431,B0005,D:\Dev\Desenvolvimento\Projetos\TradutorDGames\[Kimochi] RJ01696894,www\js\plugins\GradientWipe.js,224,.js,utf-8-sig,"cjk,kana",rpgmaker_plugin_js,25,,1,* このプラグインは、 WebGL を利用しています。
T002432,B0005,D:\Dev\Desenvolvimento\Projetos\TradutorDGames\[Kimochi] RJ01696894,www\js\plugins\GradientWipe.js,225,.js,utf-8-sig,"cjk,kana",rpgmaker_plugin_js,25,,1,* ご利用のツクールMVのバージョンが1.5.0以下、かつリリース予定は
T002433,B0005,D:\Dev\Desenvolvimento\Projetos\TradutorDGames\[Kimochi] RJ01696894,www\js\plugins\GradientWipe.js,226,.js,utf-8-sig,"cjk,kana",rpgmaker_plugin_js,25,,1,* ネット上/携帯アプリのゲームはこのプラグインが使えません。
T002434,B0005,D:\Dev\Desenvolvimento\Projetos\TradutorDGames\[Kimochi] RJ01696894,www\js\plugins\GradientWipe.js,227,.js,utf-8-sig,"cjk,kana",rpgmaker_plugin_js,25,,1,* 予めご了承ください。
T002435,B0005,D:\Dev\Desenvolvimento\Projetos\TradutorDGames\[Kimochi] RJ01696894,www\js\plugins\GradientWipe.js,230,.js,utf-8-sig,"cjk,kana",rpgmaker_plugin_js,25,,1,* ルール画像はプロジェクトフォルダの img/ フォルダに
T002436,B0005,D:\Dev\Desenvolvimento\Projetos\TradutorDGames\[Kimochi] RJ01696894,www\js\plugins\GradientWipe.js,231,.js,utf-8-sig,"cjk,kana",rpgmaker_plugin_js,25,,1,* transitions という名前のフォルダを作り、そこに
T002437,B0005,D:\Dev\Desenvolvimento\Projetos\TradutorDGames\[Kimochi] RJ01696894,www\js\plugins\GradientWipe.js,232,.js,utf-8-sig,"cjk,kana",rpgmaker_plugin_js,25,,1,* 入れてください。
T002438,B0005,D:\Dev\Desenvolvimento\Projetos\TradutorDGames\[Kimochi] RJ01696894,www\js\plugins\GradientWipe.js,234,.js,utf-8-sig,kana,rpgmaker_plugin_js,25,,1,* このエフェクトのターゲットは３つあります:
T002439,B0005,D:\Dev\Desenvolvimento\Projetos\TradutorDGames\[Kimochi] RJ01696894,www\js\plugins\GradientWipe.js,235,.js,utf-8-sig,"cjk,kana",rpgmaker_plugin_js,25,,1,* 1. 画面のフェードイン・アウト
T002440,B0005,D:\Dev\Desenvolvimento\Projetos\TradutorDGames\[Kimochi] RJ01696894,www\js\plugins\GradientWipe.js,236,.js,utf-8-sig,kana,rpgmaker_plugin_js,25,,1,* 2. キャラ・ピクチャ
T002441,B0005,D:\Dev\Desenvolvimento\Projetos\TradutorDGames\[Kimochi] RJ01696894,www\js\plugins\GradientWipe.js,237,.js,utf-8-sig,kana,rpgmaker_plugin_js,25,,1,* 3. メッセージウィンドウ
T002442,B0005,D:\Dev\Desenvolvimento\Projetos\TradutorDGames\[Kimochi] RJ01696894,www\js\plugins\GradientWipe.js,239,.js,utf-8-sig,"cjk,kana",rpgmaker_plugin_js,25,,1,* 順を追って説明します。
T002443,B0005,D:\Dev\Desenvolvimento\Projetos\TradutorDGames\[Kimochi] RJ01696894,www\js\plugins\GradientWipe.js,242,.js,utf-8-sig,kana,rpgmaker_plugin_js,25,,1,* *** プラグインコマンド:
T002444,B0005,D:\Dev\Desenvolvimento\Projetos\TradutorDGames\[Kimochi] RJ01696894,www\js\plugins\GradientWipe.js,244,.js,utf-8-sig,"cjk,kana",rpgmaker_plugin_js,25,,1,* ※画面フェード
T002445,B0005,D:\Dev\Desenvolvimento\Projetos\TradutorDGames\[Kimochi] RJ01696894,www\js\plugins\GradientWipe.js,247,.js,utf-8-sig,"cjk,kana",rpgmaker_plugin_js,25,,1,* 　　このプラグインのトランジションを使うか設定する。
T002446,B0005,D:\Dev\Desenvolvimento\Projetos\TradutorDGames\[Kimochi] RJ01696894,www\js\plugins\GradientWipe.js,248,.js,utf-8-sig,kana,rpgmaker_plugin_js,25,,1,* 　　offにすると、ツクールデフォルトのフェードになる。
T002447,B0005,D:\Dev\Desenvolvimento\Projetos\TradutorDGames\[Kimochi] RJ01696894,www\js\plugins\GradientWipe.js,250,.js,utf-8-sig,cjk,rpgmaker_plugin_js,25,,1,* 　例： GWTransition on
T002448,B0005,D:\Dev\Desenvolvimento\Projetos\TradutorDGames\[Kimochi] RJ01696894,www\js\plugins\GradientWipe.js,254,.js,utf-8-sig,"cjk,kana",rpgmaker_plugin_js,25,,1,* 　　画面フェードに使うルール画像を設定する。
T002449,B0005,D:\Dev\Desenvolvimento\Projetos\TradutorDGames\[Kimochi] RJ01696894,www\js\plugins\GradientWipe.js,256,.js,utf-8-sig,cjk,rpgmaker_plugin_js,25,,1,* 　例： GWTrans_Setting FadeImg rule01
T002450,B0005,D:\Dev\Desenvolvimento\Projetos\TradutorDGames\[Kimochi] RJ01696894,www\js\plugins\GradientWipe.js,260,.js,utf-8-sig,"cjk,kana",rpgmaker_plugin_js,25,,1,* 　　画面フェードインに使うルール画像を設定する。
T002451,B0005,D:\Dev\Desenvolvimento\Projetos\TradutorDGames\[Kimochi] RJ01696894,www\js\plugins\GradientWipe.js,262,.js,utf-8-sig,cjk,rpgmaker_plugin_js,25,,1,* 　例： GWTrans_Setting FadeInImg rule01
T002452,B0005,D:\Dev\Desenvolvimento\Projetos\TradutorDGames\[Kimochi] RJ01696894,www\js\plugins\GradientWipe.js,265,.js,utf-8-sig,"cjk,kana",rpgmaker_plugin_js,25,,1,* 　　画面フェードインに使うルール画像を設定する。
T002453,B0005,D:\Dev\Desenvolvimento\Projetos\TradutorDGames\[Kimochi] RJ01696894,www\js\plugins\GradientWipe.js,267,.js,utf-8-sig,cjk,rpgmaker_plugin_js,25,,1,* 　例： GWTrans_Setting FadeOutImg rule02
T002454,B0005,D:\Dev\Desenvolvimento\Projetos\TradutorDGames\[Kimochi] RJ01696894,www\js\plugins\GradientWipe.js,270,.js,utf-8-sig,"cjk,kana",rpgmaker_plugin_js,25,,1,* 　　画面フェードに掛かる時間を設定する。単位：フレーム
T002455,B0005,D:\Dev\Desenvolvimento\Projetos\TradutorDGames\[Kimochi] RJ01696894,www\js\plugins\GradientWipe.js,272,.js,utf-8-sig,cjk,rpgmaker_plugin_js,25,,1,* 　例： GWTrans_Setting Duration 45
T002456,B0005,D:\Dev\Desenvolvimento\Projetos\TradutorDGames\[Kimochi] RJ01696894,www\js\plugins\GradientWipe.js,276,.js,utf-8-sig,kana,rpgmaker_plugin_js,25,,1,* ※キャラ・ピクチャのフェードイン・アウト
T002457,B0005,D:\Dev\Desenvolvimento\Projetos\TradutorDGames\[Kimochi] RJ01696894,www\js\plugins\GradientWipe.js,279,.js,utf-8-sig,"cjk,kana",rpgmaker_plugin_js,25,,1,* 　　実行するとキャラがフェードイン・アウトする。
T002458,B0005,D:\Dev\Desenvolvimento\Projetos\TradutorDGames\[Kimochi] RJ01696894,www\js\plugins\GradientWipe.js,281,.js,utf-8-sig,"cjk,kana",rpgmaker_plugin_js,25,,1,"* 　　id: -1(自キャラ), 0(このイベント), 1~(イベントID)"
T002459,B0005,D:\Dev\Desenvolvimento\Projetos\TradutorDGames\[Kimochi] RJ01696894,www\js\plugins\GradientWipe.js,283,.js,utf-8-sig,kana,rpgmaker_plugin_js,25,,1,* 　　fadeIn/fadeOut：フェードインかフェードアウトか。
T002460,B0005,D:\Dev\Desenvolvimento\Projetos\TradutorDGames\[Kimochi] RJ01696894,www\js\plugins\GradientWipe.js,284,.js,utf-8-sig,"cjk,kana",rpgmaker_plugin_js,25,,1,* 　　fadeOutにすると、効果が終わると自動でキャラの
T002461,B0005,D:\Dev\Desenvolvimento\Projetos\TradutorDGames\[Kimochi] RJ01696894,www\js\plugins\GradientWipe.js,285,.js,utf-8-sig,"cjk,kana",rpgmaker_plugin_js,25,,1,* 　　不透明度を0にします。
T002462,B0005,D:\Dev\Desenvolvimento\Projetos\TradutorDGames\[Kimochi] RJ01696894,www\js\plugins\GradientWipe.js,287,.js,utf-8-sig,"cjk,kana",rpgmaker_plugin_js,25,,1,* 　　imgName：フェードに使うルール画像名。
T002463,B0005,D:\Dev\Desenvolvimento\Projetos\TradutorDGames\[Kimochi] RJ01696894,www\js\plugins\GradientWipe.js,289,.js,utf-8-sig,"cjk,kana",rpgmaker_plugin_js,25,,1,* 　　duration：フェード時間。
T002464,B0005,D:\Dev\Desenvolvimento\Projetos\TradutorDGames\[Kimochi] RJ01696894,www\js\plugins\GradientWipe.js,291,.js,utf-8-sig,"cjk,kana",rpgmaker_plugin_js,25,,1,* 　　softness：柔らかさ。
T002465,B0005,D:\Dev\Desenvolvimento\Projetos\TradutorDGames\[Kimochi] RJ01696894,www\js\plugins\GradientWipe.js,292,.js,utf-8-sig,"cjk,kana",rpgmaker_plugin_js,25,,1,* 　　設定しないとデフォルトで0になります。
T002466,B0005,D:\Dev\Desenvolvimento\Projetos\TradutorDGames\[Kimochi] RJ01696894,www\js\plugins\GradientWipe.js,294,.js,utf-8-sig,cjk,rpgmaker_plugin_js,25,,1,* 　例:
T002467,B0005,D:\Dev\Desenvolvimento\Projetos\TradutorDGames\[Kimochi] RJ01696894,www\js\plugins\GradientWipe.js,297,.js,utf-8-sig,kana,rpgmaker_plugin_js,25,,1,* 　　フェードアウトする。(60フレーム)
T002468,B0005,D:\Dev\Desenvolvimento\Projetos\TradutorDGames\[Kimochi] RJ01696894,www\js\plugins\GradientWipe.js,301,.js,utf-8-sig,"cjk,kana",rpgmaker_plugin_js,25,,1,* 　　実行するとピクチャがフェードイン・アウトする。
T002469,B0005,D:\Dev\Desenvolvimento\Projetos\TradutorDGames\[Kimochi] RJ01696894,www\js\plugins\GradientWipe.js,302,.js,utf-8-sig,"cjk,kana",rpgmaker_plugin_js,25,,1,* 　　各パラメータの意味はキャラのと同じです。
T002470,B0005,D:\Dev\Desenvolvimento\Projetos\TradutorDGames\[Kimochi] RJ01696894,www\js\plugins\GradientWipe.js,304,.js,utf-8-sig,cjk,rpgmaker_plugin_js,25,,1,* 　例:
T002471,B0005,D:\Dev\Desenvolvimento\Projetos\TradutorDGames\[Kimochi] RJ01696894,www\js\plugins\GradientWipe.js,307,.js,utf-8-sig,"cjk,kana",rpgmaker_plugin_js,25,,1,* 　　フェードインする。(60フレーム、柔らかさ5)
T002472,B0005,D:\Dev\Desenvolvimento\Projetos\TradutorDGames\[Kimochi] RJ01696894,www\js\plugins\GradientWipe.js,312,.js,utf-8-sig,kana,rpgmaker_plugin_js,25,,1,* ※メッセージウィンドウのフェードイン・アウト
T002473,B0005,D:\Dev\Desenvolvimento\Projetos\TradutorDGames\[Kimochi] RJ01696894,www\js\plugins\GradientWipe.js,315,.js,utf-8-sig,"cjk,kana",rpgmaker_plugin_js,25,,1,* 　　このプラグインのトランジションを使うか設定する。
T002474,B0005,D:\Dev\Desenvolvimento\Projetos\TradutorDGames\[Kimochi] RJ01696894,www\js\plugins\GradientWipe.js,316,.js,utf-8-sig,"cjk,kana",rpgmaker_plugin_js,25,,1,* 　　offにすると、ツクールデフォルトの開け閉めになる。
T002475,B0005,D:\Dev\Desenvolvimento\Projetos\TradutorDGames\[Kimochi] RJ01696894,www\js\plugins\GradientWipe.js,318,.js,utf-8-sig,cjk,rpgmaker_plugin_js,25,,1,* 　例： GWMessageFade on
T002476,B0005,D:\Dev\Desenvolvimento\Projetos\TradutorDGames\[Kimochi] RJ01696894,www\js\plugins\GradientWipe.js,322,.js,utf-8-sig,"cjk,kana",rpgmaker_plugin_js,25,,1,* 　　メッセージウィンドウフェードに使うルール画像を設定する。
T002477,B0005,D:\Dev\Desenvolvimento\Projetos\TradutorDGames\[Kimochi] RJ01696894,www\js\plugins\GradientWipe.js,324,.js,utf-8-sig,cjk,rpgmaker_plugin_js,25,,1,* 　例： GWMessage_Setting FadeImg rule01
T002478,B0005,D:\Dev\Desenvolvimento\Projetos\TradutorDGames\[Kimochi] RJ01696894,www\js\plugins\GradientWipe.js,328,.js,utf-8-sig,"cjk,kana",rpgmaker_plugin_js,25,,1,* 　　メッセージフェードに掛かる時間を設定する。単位：フレーム
T002479,B0005,D:\Dev\Desenvolvimento\Projetos\TradutorDGames\[Kimochi] RJ01696894,www\js\plugins\GradientWipe.js,330,.js,utf-8-sig,cjk,rpgmaker_plugin_js,25,,1,* 　例： GWMessage_Setting Duration 20
T002480,B0005,D:\Dev\Desenvolvimento\Projetos\TradutorDGames\[Kimochi] RJ01696894,www\js\plugins\GradientWipe.js,439,.js,utf-8-sig,"cjk,kana",rpgmaker_plugin_js,25,,1,画面フェードに適用
T002481,B0005,D:\Dev\Desenvolvimento\Projetos\TradutorDGames\[Kimochi] RJ01696894,www\js\plugins\GradientWipe.js,440,.js,utf-8-sig,"cjk,kana",rpgmaker_plugin_js,25,,1,画面フェード用画像
T002482,B0005,D:\Dev\Desenvolvimento\Projetos\TradutorDGames\[Kimochi] RJ01696894,www\js\plugins\GradientWipe.js,441,.js,utf-8-sig,"cjk,kana",rpgmaker_plugin_js,25,,1,画面フェードイン用画像
T002483,B0005,D:\Dev\Desenvolvimento\Projetos\TradutorDGames\[Kimochi] RJ01696894,www\js\plugins\GradientWipe.js,442,.js,utf-8-sig,"cjk,kana",rpgmaker_plugin_js,25,,1,画面フェードアウト用画像
T002484,B0005,D:\Dev\Desenvolvimento\Projetos\TradutorDGames\[Kimochi] RJ01696894,www\js\plugins\GradientWipe.js,443,.js,utf-8-sig,"cjk,kana",rpgmaker_plugin_js,25,,1,画面フェードの柔らかさ
T002485,B0005,D:\Dev\Desenvolvimento\Projetos\TradutorDGames\[Kimochi] RJ01696894,www\js\plugins\GradientWipe.js,444,.js,utf-8-sig,"cjk,kana",rpgmaker_plugin_js,25,,1,画面フェード時間
T002486,B0005,D:\Dev\Desenvolvimento\Projetos\TradutorDGames\[Kimochi] RJ01696894,www\js\plugins\GradientWipe.js,576,.js,utf-8-sig,"cjk,kana",rpgmaker_plugin_js,25,,1,画面フェード時間
T002487,B0005,D:\Dev\Desenvolvimento\Projetos\TradutorDGames\[Kimochi] RJ01696894,www\js\plugins\GradientWipe.js,577,.js,utf-8-sig,"cjk,kana",rpgmaker_plugin_js,25,,1,画面フェードに適用
T002488,B0005,D:\Dev\Desenvolvimento\Projetos\TradutorDGames\[Kimochi] RJ01696894,www\js\plugins\GradientWipe.js,578,.js,utf-8-sig,"cjk,kana",rpgmaker_plugin_js,25,,1,画面フェード用画像
T002489,B0005,D:\Dev\Desenvolvimento\Projetos\TradutorDGames\[Kimochi] RJ01696894,www\js\plugins\GradientWipe.js,579,.js,utf-8-sig,"cjk,kana",rpgmaker_plugin_js,25,,1,画面フェードイン用画像
T002490,B0005,D:\Dev\Desenvolvimento\Projetos\TradutorDGames\[Kimochi] RJ01696894,www\js\plugins\GradientWipe.js,580,.js,utf-8-sig,"cjk,kana",rpgmaker_plugin_js,25,,1,画面フェードアウト用画像
T002491,B0005,D:\Dev\Desenvolvimento\Projetos\TradutorDGames\[Kimochi] RJ01696894,www\js\plugins\GradientWipe.js,908,.js,utf-8-sig,"cjk,kana",rpgmaker_plugin_js,25,,1,メッセージウィンドウに適用
T002492,B0005,D:\Dev\Desenvolvimento\Projetos\TradutorDGames\[Kimochi] RJ01696894,www\js\plugins\GradientWipe.js,909,.js,utf-8-sig,"cjk,kana",rpgmaker_plugin_js,25,,1,メッセージフェード用画像
T002493,B0005,D:\Dev\Desenvolvimento\Projetos\TradutorDGames\[Kimochi] RJ01696894,www\js\plugins\GradientWipe.js,910,.js,utf-8-sig,"cjk,kana",rpgmaker_plugin_js,25,,1,メッセージフェード時間
T002494,B0005,D:\Dev\Desenvolvimento\Projetos\TradutorDGames\[Kimochi] RJ01696894,www\js\plugins\GraphicsRenderFix.js,6,.js,utf-8-sig,"cjk,kana",rpgmaker_plugin_js,25,,1,* このコアスクリプトの修正を取り込みます
T002495,B0005,D:\Dev\Desenvolvimento\Projetos\TradutorDGames\[Kimochi] RJ01696894,www\js\plugins\LoadComSim.js,15,.js,utf-8-sig,"cjk,kana",rpgmaker_plugin_js,25,,1,* RPGで笑顔を・・・
T002496,B0005,D:\Dev\Desenvolvimento\Projetos\TradutorDGames\[Kimochi] RJ01696894,www\js\plugins\LoadComSim.js,17,.js,utf-8-sig,"cjk,kana",rpgmaker_plugin_js,25,,1,* このヘルプとパラメータの説明をよくお読みになってからお使いください。
T002497,B0005,D:\Dev\Desenvolvimento\Projetos\TradutorDGames\[Kimochi] RJ01696894,www\js\plugins\LoadComSim.js,19,.js,utf-8-sig,"cjk,kana",rpgmaker_plugin_js,25,,1,* コマンド「ロード」はイベントテスト中またはセーブデータがないときは選択不能になります。
T002498,B0005,D:\Dev\Desenvolvimento\Projetos\TradutorDGames\[Kimochi] RJ01696894,www\js\plugins\LoadComSim.js,21,.js,utf-8-sig,cjk,rpgmaker_plugin_js,25,,1,* 利用規約(2019/9/3変更)：
T002499,B0005,D:\Dev\Desenvolvimento\Projetos\TradutorDGames\[Kimochi] RJ01696894,www\js\plugins\LoadComSim.js,22,.js,utf-8-sig,"cjk,kana",rpgmaker_plugin_js,25,,1,* この作品は マテリアル・コモンズ・ライセンス・ブルーの下に提供されています。
T002500,B0005,D:\Dev\Desenvolvimento\Projetos\TradutorDGames\[Kimochi] RJ01696894,www\js\plugins\LoadComSim.js,24,.js,utf-8-sig,"cjk,kana",rpgmaker_plugin_js,25,,1,* クレジット表示：まっつUP
T002501,B0006,D:\Dev\Desenvolvimento\Projetos\TradutorDGames\[Kimochi] RJ01696894,www\js\plugins\LoadComSim.js,31,.js,utf-8-sig,kana,rpgmaker_plugin_js,25,,1,ロード
T002502,B0006,D:\Dev\Desenvolvimento\Projetos\TradutorDGames\[Kimochi] RJ01696894,www\js\plugins\LoadComSim.js,39,.js,utf-8-sig,cjk,rpgmaker_plugin_js,25,,1,Scene_Menu.prototype.commandLoad = function() { //新規
T002503,B0006,D:\Dev\Desenvolvimento\Projetos\TradutorDGames\[Kimochi] RJ01696894,www\js\plugins\LoadComSim.js,50,.js,utf-8-sig,cjk,rpgmaker_plugin_js,25,,1,Window_MenuCommand.prototype.isLoadEnabled = function() { //新規
T002504,B0006,D:\Dev\Desenvolvimento\Projetos\TradutorDGames\[Kimochi] RJ01696894,www\js\plugins\LoadComSim.js,51,.js,utf-8-sig,"cjk,kana",rpgmaker_plugin_js,25,,1,if(DataManager.isEventTest()) return false; //この行はイベントテスト中かどうか判定しています。
T002505,B0006,D:\Dev\Desenvolvimento\Projetos\TradutorDGames\[Kimochi] RJ01696894,www\js\plugins\MessageSkip.js,9,.js,utf-8-sig,"cjk,kana",rpgmaker_plugin_js,25,,1,// 1.17.0 2022/06/19 スキップモードのときは同時にイベントのFastForwardも有効になるよう仕様変更
T002506,B0006,D:\Dev\Desenvolvimento\Projetos\TradutorDGames\[Kimochi] RJ01696894,www\js\plugins\MessageSkip.js,10,.js,utf-8-sig,"cjk,kana",rpgmaker_plugin_js,25,,1,// 1.16.1 2021/08/29 スキップ中はウィンドウ背景が変わってもウィンドウを閉じないよう修正
T002507,B0006,D:\Dev\Desenvolvimento\Projetos\TradutorDGames\[Kimochi] RJ01696894,www\js\plugins\MessageSkip.js,11,.js,utf-8-sig,"cjk,kana",rpgmaker_plugin_js,25,,1,// 1.16.0 2021/06/15 ピクチャによるクリックは押し続けスキップの対象外とするよう仕様変更
T002508,B0006,D:\Dev\Desenvolvimento\Projetos\TradutorDGames\[Kimochi] RJ01696894,www\js\plugins\MessageSkip.js,12,.js,utf-8-sig,"cjk,kana",rpgmaker_plugin_js,25,,1,// 1.15.1 2021/06/01 1.15.0でループボイスを再生するとオートモードで文章が送られなくなる問題を修正
T002509,B0006,D:\Dev\Desenvolvimento\Projetos\TradutorDGames\[Kimochi] RJ01696894,www\js\plugins\MessageSkip.js,13,.js,utf-8-sig,"cjk,kana",rpgmaker_plugin_js,25,,1,// 1.15.0 2021/05/31 SimpleVoice.jsと併用したとき、ボイス演奏中はオートモードによる文章送りを待機するよう変更
T002510,B0006,D:\Dev\Desenvolvimento\Projetos\TradutorDGames\[Kimochi] RJ01696894,www\js\plugins\MessageSkip.js,14,.js,utf-8-sig,"cjk,kana",rpgmaker_plugin_js,25,,1,// 1.14.1 2020/10/15 ヘルプに注釈を追加
T002511,B0006,D:\Dev\Desenvolvimento\Projetos\TradutorDGames\[Kimochi] RJ01696894,www\js\plugins\MessageSkip.js,15,.js,utf-8-sig,"cjk,kana",rpgmaker_plugin_js,25,,1,// 1.14.0 2020/08/02 クリックすることで任意のスイッチをONにできるピクチャをメッセージウィンドウに表示する機能を追加
T002512,B0006,D:\Dev\Desenvolvimento\Projetos\TradutorDGames\[Kimochi] RJ01696894,www\js\plugins\MessageSkip.js,16,.js,utf-8-sig,"cjk,kana",rpgmaker_plugin_js,25,,1,// 1.13.0 2020/03/26 オート、スキップピクチャの表示方法をメッセージウィンドウからの相対座標と絶対座標とを選択できる機能を追加
T002513,B0006,D:\Dev\Desenvolvimento\Projetos\TradutorDGames\[Kimochi] RJ01696894,www\js\plugins\MessageSkip.js,17,.js,utf-8-sig,"cjk,kana",rpgmaker_plugin_js,25,,1,// 1.12.1 2020/03/25 アイコン表示位置をメッセージウィンドウの位置やサイズの変更に追従するよう修正
T002514,B0006,D:\Dev\Desenvolvimento\Projetos\TradutorDGames\[Kimochi] RJ01696894,www\js\plugins\MessageSkip.js,18,.js,utf-8-sig,"cjk,kana",rpgmaker_plugin_js,25,,1,// 1.12.0 2019/05/26 オート、スキップアイコンの位置を自由に指定できる機能を追加
T002515,B0006,D:\Dev\Desenvolvimento\Projetos\TradutorDGames\[Kimochi] RJ01696894,www\js\plugins\MessageSkip.js,19,.js,utf-8-sig,"cjk,kana",rpgmaker_plugin_js,25,,1,// 1.11.0 2018/06/16 オート及びスキップの機能を一時的に無効化するスイッチを追加
T002516,B0006,D:\Dev\Desenvolvimento\Projetos\TradutorDGames\[Kimochi] RJ01696894,www\js\plugins\MessageSkip.js,20,.js,utf-8-sig,"cjk,kana",rpgmaker_plugin_js,25,,1,// 1.10.1 2018/05/07 オートモードで途中に「\!」が含まれる場合の待機フレームが正しく計算されない問題を修正
T002517,B0006,D:\Dev\Desenvolvimento\Projetos\TradutorDGames\[Kimochi] RJ01696894,www\js\plugins\MessageSkip.js,21,.js,utf-8-sig,"cjk,kana",rpgmaker_plugin_js,25,,1,// 1.10.0 2018/05/01 スキップモードとオートモードをスイッチで自動制御できる機能を追加
T002518,B0006,D:\Dev\Desenvolvimento\Projetos\TradutorDGames\[Kimochi] RJ01696894,www\js\plugins\MessageSkip.js,22,.js,utf-8-sig,"cjk,kana",rpgmaker_plugin_js,25,,1,// 1.9.0 2018/02/18 イベント終了時にオート、スキップを解除するかどうかを任意のスイッチで判定できるように仕様変更
T002519,B0006,D:\Dev\Desenvolvimento\Projetos\TradutorDGames\[Kimochi] RJ01696894,www\js\plugins\MessageSkip.js,23,.js,utf-8-sig,"cjk,kana",rpgmaker_plugin_js,25,,1,// 1.8.0 2018/02/16 オート待機フレーム数の計算式にウィンドウに表示した文字数を組み込める機能を追加
T002520,B0006,D:\Dev\Desenvolvimento\Projetos\TradutorDGames\[Kimochi] RJ01696894,www\js\plugins\MessageSkip.js,24,.js,utf-8-sig,"cjk,kana",rpgmaker_plugin_js,25,,1,// 1.7.0 2017/12/12 SkipAlreadyReadMessage.jsとの連携したときに当プラグインのスキップ機能が既読スキップになるよう修正
T002521,B0006,D:\Dev\Desenvolvimento\Projetos\TradutorDGames\[Kimochi] RJ01696894,www\js\plugins\MessageSkip.js,25,.js,utf-8-sig,"cjk,kana",rpgmaker_plugin_js,25,,1,//                  スキップピクチャの条件スイッチが0(指定なし)のときに同ピクチャが表示されない問題を修正
T002522,B0006,D:\Dev\Desenvolvimento\Projetos\TradutorDGames\[Kimochi] RJ01696894,www\js\plugins\MessageSkip.js,26,.js,utf-8-sig,"cjk,kana",rpgmaker_plugin_js,25,,1,// 1.6.1 2017/09/21 オートモード時 改ページを伴わない入力待ちの後のメッセージを一瞬でスキップする問題を修正(by DarkPlasmaさん)
T002523,B0006,D:\Dev\Desenvolvimento\Projetos\TradutorDGames\[Kimochi] RJ01696894,www\js\plugins\MessageSkip.js,27,.js,utf-8-sig,"cjk,kana",rpgmaker_plugin_js,25,,1,// 1.6.0 2017/08/03 キーを押している間だけスキップが有効にできる機能を追加
T002524,B0006,D:\Dev\Desenvolvimento\Projetos\TradutorDGames\[Kimochi] RJ01696894,www\js\plugins\MessageSkip.js,28,.js,utf-8-sig,"cjk,kana",rpgmaker_plugin_js,25,,1,// 1.5.0 2017/05/27 オートおよびスキップボタンの原点指定と表示可否を変更できるスイッチの機能を追加
T002525,B0006,D:\Dev\Desenvolvimento\Projetos\TradutorDGames\[Kimochi] RJ01696894,www\js\plugins\MessageSkip.js,29,.js,utf-8-sig,"cjk,kana",rpgmaker_plugin_js,25,,1,// 1.4.0 2017/05/26 クリックでオートおよびスキップを切り替えるボタンを追加
T002526,B0006,D:\Dev\Desenvolvimento\Projetos\TradutorDGames\[Kimochi] RJ01696894,www\js\plugins\MessageSkip.js,30,.js,utf-8-sig,"cjk,kana",rpgmaker_plugin_js,25,,1,// 1.3.1 2017/05/13 アイコンの量を増やしたときにオートとスキップのアイコンが正常に表示されない問題を修正
T002527,B0006,D:\Dev\Desenvolvimento\Projetos\TradutorDGames\[Kimochi] RJ01696894,www\js\plugins\MessageSkip.js,31,.js,utf-8-sig,"cjk,kana",rpgmaker_plugin_js,25,,1,// 1.3.0 2017/05/05 スキップ中はメッセージのウェイトを無視するよう修正
T002528,B0006,D:\Dev\Desenvolvimento\Projetos\TradutorDGames\[Kimochi] RJ01696894,www\js\plugins\MessageSkip.js,32,.js,utf-8-sig,"cjk,kana",rpgmaker_plugin_js,25,,1,// 1.2.0 2017/04/29 並列実行のイベントでも通常イベントが実行中でなければスキップを解除するよう修正
T002529,B0006,D:\Dev\Desenvolvimento\Projetos\TradutorDGames\[Kimochi] RJ01696894,www\js\plugins\MessageSkip.js,33,.js,utf-8-sig,"cjk,kana",rpgmaker_plugin_js,25,,1,//                  キーコードの「右」と「上」が逆になっていた問題を修正
T002530,B0006,D:\Dev\Desenvolvimento\Projetos\TradutorDGames\[Kimochi] RJ01696894,www\js\plugins\MessageSkip.js,34,.js,utf-8-sig,"cjk,kana",rpgmaker_plugin_js,25,,1,//                  オート待機フレームを制御文字を使って動的に変更できる機能を追加
T002531,B0006,D:\Dev\Desenvolvimento\Projetos\TradutorDGames\[Kimochi] RJ01696894,www\js\plugins\MessageSkip.js,35,.js,utf-8-sig,"cjk,kana",rpgmaker_plugin_js,25,,1,// 1.1.0 2016/12/14 並列処理イベントが実行されている場合にスキップが効かなくなる問題を修正
T002532,B0006,D:\Dev\Desenvolvimento\Projetos\TradutorDGames\[Kimochi] RJ01696894,www\js\plugins\MessageSkip.js,36,.js,utf-8-sig,"cjk,kana",rpgmaker_plugin_js,25,,1,// 1.0.1 2016/02/15 モバイル端末での動作が遅くなる不具合を修正
T002533,B0006,D:\Dev\Desenvolvimento\Projetos\TradutorDGames\[Kimochi] RJ01696894,www\js\plugins\MessageSkip.js,37,.js,utf-8-sig,cjk,rpgmaker_plugin_js,25,,1,// 1.0.0 2016/01/15 初版
T002534,B0006,D:\Dev\Desenvolvimento\Projetos\TradutorDGames\[Kimochi] RJ01696894,www\js\plugins\MessageSkip.js,50,.js,utf-8-sig,kana,rpgmaker_plugin_js,25,,1,* (キーのアルファベット/shift/control/tab)
T002535,B0006,D:\Dev\Desenvolvimento\Projetos\TradutorDGames\[Kimochi] RJ01696894,www\js\plugins\MessageSkip.js,60,.js,utf-8-sig,kana,rpgmaker_plugin_js,25,,1,* (キーのアルファベット/shift/control/tab)
T002536,B0006,D:\Dev\Desenvolvimento\Projetos\TradutorDGames\[Kimochi] RJ01696894,www\js\plugins\MessageSkip.js,199,.js,utf-8-sig,"cjk,kana",rpgmaker_plugin_js,25,,1,* イベントが終了すると自働でスキップやオートモードは解除されます。
T002537,B0006,D:\Dev\Desenvolvimento\Projetos\TradutorDGames\[Kimochi] RJ01696894,www\js\plugins\MessageSkip.js,200,.js,utf-8-sig,"cjk,kana",rpgmaker_plugin_js,25,,1,* 並列実行イベントは、通常イベントが実行中でない場合のみ解除されます。
T002538,B0006,D:\Dev\Desenvolvimento\Projetos\TradutorDGames\[Kimochi] RJ01696894,www\js\plugins\MessageSkip.js,201,.js,utf-8-sig,"cjk,kana",rpgmaker_plugin_js,25,,1,* 明示的に解除したい場合は、以下のスクリプトを実行してください。
T002539,B0006,D:\Dev\Desenvolvimento\Projetos\TradutorDGames\[Kimochi] RJ01696894,www\js\plugins\MessageSkip.js,205,.js,utf-8-sig,"cjk,kana",rpgmaker_plugin_js,25,,1,* ・SkipAlreadyReadMessage.jsとの連携
T002540,B0006,D:\Dev\Desenvolvimento\Projetos\TradutorDGames\[Kimochi] RJ01696894,www\js\plugins\MessageSkip.js,206,.js,utf-8-sig,"cjk,kana",rpgmaker_plugin_js,25,,1,* SkipAlreadyReadMessage.js（奏ねこま様作）と併用したときに
T002541,B0006,D:\Dev\Desenvolvimento\Projetos\TradutorDGames\[Kimochi] RJ01696894,www\js\plugins\MessageSkip.js,207,.js,utf-8-sig,"cjk,kana",rpgmaker_plugin_js,25,,1,* 当プラグインのスキップ機能は「既読スキップ」機能になります。
T002542,B0006,D:\Dev\Desenvolvimento\Projetos\TradutorDGames\[Kimochi] RJ01696894,www\js\plugins\MessageSkip.js,210,.js,utf-8-sig,"cjk,kana",rpgmaker_plugin_js,25,,1,* ・パラメータ「オート待機フレーム」を設定するとオートモード時の待機フレームを変更できます。
T002543,B0006,D:\Dev\Desenvolvimento\Projetos\TradutorDGames\[Kimochi] RJ01696894,www\js\plugins\MessageSkip.js,211,.js,utf-8-sig,"cjk,kana",rpgmaker_plugin_js,25,,1,* 制御文字\v[n]のほか、JavaScript計算式が使えます。
T002544,B0006,D:\Dev\Desenvolvimento\Projetos\TradutorDGames\[Kimochi] RJ01696894,www\js\plugins\MessageSkip.js,212,.js,utf-8-sig,"cjk,kana",rpgmaker_plugin_js,25,,1,* さらにtextSizeで表示文字数を計算式に組み込むことができます。
T002545,B0006,D:\Dev\Desenvolvimento\Projetos\TradutorDGames\[Kimochi] RJ01696894,www\js\plugins\MessageSkip.js,214,.js,utf-8-sig,cjk,rpgmaker_plugin_js,25,,1,* 指定例：
T002546,B0006,D:\Dev\Desenvolvimento\Projetos\TradutorDGames\[Kimochi] RJ01696894,www\js\plugins\MessageSkip.js,217,.js,utf-8-sig,kana,rpgmaker_plugin_js,25,,1,* このプラグインにはプラグインコマンドはありません。
T002547,B0006,D:\Dev\Desenvolvimento\Projetos\TradutorDGames\[Kimochi] RJ01696894,www\js\plugins\MessageSkip.js,228,.js,utf-8-sig,kana,rpgmaker_plugin_js,25,,1,* (キーのアルファベット/shift/control/tab)
T002548,B0006,D:\Dev\Desenvolvimento\Projetos\TradutorDGames\[Kimochi] RJ01696894,www\js\plugins\MessageSkip.js,238,.js,utf-8-sig,kana,rpgmaker_plugin_js,25,,1,* (キーのアルファベット/shift/control/tab)
T002549,B0006,D:\Dev\Desenvolvimento\Projetos\TradutorDGames\[Kimochi] RJ01696894,www\js\plugins\MessageSkip.js,379,.js,utf-8-sig,"cjk,kana",rpgmaker_plugin_js,25,,1,* イベントが終了すると自働でスキップやオートモードは解除されます。
T002550,B0006,D:\Dev\Desenvolvimento\Projetos\TradutorDGames\[Kimochi] RJ01696894,www\js\plugins\MessageSkip.js,380,.js,utf-8-sig,"cjk,kana",rpgmaker_plugin_js,25,,1,* 並列実行イベントは、通常イベントが実行中でない場合のみ解除されます。
T002551,B0006,D:\Dev\Desenvolvimento\Projetos\TradutorDGames\[Kimochi] RJ01696894,www\js\plugins\MessageSkip.js,381,.js,utf-8-sig,"cjk,kana",rpgmaker_plugin_js,25,,1,* 明示的に解除したい場合は、以下のスクリプトを実行してください。
T002552,B0006,D:\Dev\Desenvolvimento\Projetos\TradutorDGames\[Kimochi] RJ01696894,www\js\plugins\MessageSkip.js,385,.js,utf-8-sig,"cjk,kana",rpgmaker_plugin_js,25,,1,* ・SkipAlreadyReadMessage.jsとの連携
T002553,B0006,D:\Dev\Desenvolvimento\Projetos\TradutorDGames\[Kimochi] RJ01696894,www\js\plugins\MessageSkip.js,386,.js,utf-8-sig,"cjk,kana",rpgmaker_plugin_js,25,,1,* SkipAlreadyReadMessage.js（奏ねこま様作）と併用したときに
T002554,B0006,D:\Dev\Desenvolvimento\Projetos\TradutorDGames\[Kimochi] RJ01696894,www\js\plugins\MessageSkip.js,387,.js,utf-8-sig,"cjk,kana",rpgmaker_plugin_js,25,,1,* 当プラグインのスキップ機能は「既読スキップ」機能になります。
T002555,B0006,D:\Dev\Desenvolvimento\Projetos\TradutorDGames\[Kimochi] RJ01696894,www\js\plugins\MessageSkip.js,390,.js,utf-8-sig,"cjk,kana",rpgmaker_plugin_js,25,,1,* ・パラメータ「オート待機フレーム」を設定するとオートモード時の待機フレームを変更できます。
T002556,B0006,D:\Dev\Desenvolvimento\Projetos\TradutorDGames\[Kimochi] RJ01696894,www\js\plugins\MessageSkip.js,391,.js,utf-8-sig,"cjk,kana",rpgmaker_plugin_js,25,,1,* 制御文字\v[n]のほか、JavaScript計算式が使えます。
T002557,B0006,D:\Dev\Desenvolvimento\Projetos\TradutorDGames\[Kimochi] RJ01696894,www\js\plugins\MessageSkip.js,392,.js,utf-8-sig,"cjk,kana",rpgmaker_plugin_js,25,,1,* さらにtextSizeで表示文字数を計算式に組み込むことができます。
T002558,B0006,D:\Dev\Desenvolvimento\Projetos\TradutorDGames\[Kimochi] RJ01696894,www\js\plugins\MessageSkip.js,394,.js,utf-8-sig,cjk,rpgmaker_plugin_js,25,,1,* 指定例：
T002559,B0006,D:\Dev\Desenvolvimento\Projetos\TradutorDGames\[Kimochi] RJ01696894,www\js\plugins\MessageSkip.js,397,.js,utf-8-sig,kana,rpgmaker_plugin_js,25,,1,* このプラグインにはプラグインコマンドはありません。
T002560,B0006,D:\Dev\Desenvolvimento\Projetos\TradutorDGames\[Kimochi] RJ01696894,www\js\plugins\MessageSkip.js,399,.js,utf-8-sig,cjk,rpgmaker_plugin_js,25,,1,* 利用規約：
T002561,B0006,D:\Dev\Desenvolvimento\Projetos\TradutorDGames\[Kimochi] RJ01696894,www\js\plugins\MessageSkip.js,400,.js,utf-8-sig,"cjk,kana",rpgmaker_plugin_js,25,,1,* 作者に無断で改変、再配布が可能で、利用形態（商用、18禁利用等）
T002562,B0006,D:\Dev\Desenvolvimento\Projetos\TradutorDGames\[Kimochi] RJ01696894,www\js\plugins\MessageSkip.js,401,.js,utf-8-sig,"cjk,kana",rpgmaker_plugin_js,25,,1,* についても制限はありません。
T002563,B0006,D:\Dev\Desenvolvimento\Projetos\TradutorDGames\[Kimochi] RJ01696894,www\js\plugins\MessageSkip.js,402,.js,utf-8-sig,kana,rpgmaker_plugin_js,25,,1,* このプラグインはもうあなたのものです。
T002564,B0006,D:\Dev\Desenvolvimento\Projetos\TradutorDGames\[Kimochi] RJ01696894,www\js\plugins\MessageSkip.js,406,.js,utf-8-sig,kana,rpgmaker_plugin_js,25,,1,* メッセージボタンスプライト
T002565,B0006,D:\Dev\Desenvolvimento\Projetos\TradutorDGames\[Kimochi] RJ01696894,www\js\plugins\MessageSkip.js,414,.js,utf-8-sig,"cjk,kana",rpgmaker_plugin_js,25,,1,* アイコン描画用スプライト
T002566,B0006,D:\Dev\Desenvolvimento\Projetos\TradutorDGames\[Kimochi] RJ01696894,www\js\plugins\MessageSkip.js,482,.js,utf-8-sig,"cjk,kana",rpgmaker_plugin_js,25,,1,// パラメータの取得と整形
T002567,B0006,D:\Dev\Desenvolvimento\Projetos\TradutorDGames\[Kimochi] RJ01696894,www\js\plugins\MessageSkip.js,484,.js,utf-8-sig,kana,rpgmaker_plugin_js,25,,1,スキップキー
T002568,B0006,D:\Dev\Desenvolvimento\Projetos\TradutorDGames\[Kimochi] RJ01696894,www\js\plugins\MessageSkip.js,486,.js,utf-8-sig,kana,rpgmaker_plugin_js,25,,1,オートキー
T002569,B0006,D:\Dev\Desenvolvimento\Projetos\TradutorDGames\[Kimochi] RJ01696894,www\js\plugins\MessageSkip.js,502,.js,utf-8-sig,kana,rpgmaker_plugin_js,25,,1,スキップピクチャ
T002570,B0006,D:\Dev\Desenvolvimento\Projetos\TradutorDGames\[Kimochi] RJ01696894,www\js\plugins\MessageSkip.js,503,.js,utf-8-sig,kana,rpgmaker_plugin_js,25,,1,スキップピクチャX
T002571,B0006,D:\Dev\Desenvolvimento\Projetos\TradutorDGames\[Kimochi] RJ01696894,www\js\plugins\MessageSkip.js,504,.js,utf-8-sig,kana,rpgmaker_plugin_js,25,,1,スキップピクチャY
T002572,B0006,D:\Dev\Desenvolvimento\Projetos\TradutorDGames\[Kimochi] RJ01696894,www\js\plugins\MessageSkip.js,505,.js,utf-8-sig,kana,rpgmaker_plugin_js,25,,1,オートピクチャ
T002573,B0006,D:\Dev\Desenvolvimento\Projetos\TradutorDGames\[Kimochi] RJ01696894,www\js\plugins\MessageSkip.js,506,.js,utf-8-sig,kana,rpgmaker_plugin_js,25,,1,オートピクチャX
T002574,B0006,D:\Dev\Desenvolvimento\Projetos\TradutorDGames\[Kimochi] RJ01696894,www\js\plugins\MessageSkip.js,507,.js,utf-8-sig,kana,rpgmaker_plugin_js,25,,1,オートピクチャY
T002575,B0006,D:\Dev\Desenvolvimento\Projetos\TradutorDGames\[Kimochi] RJ01696894,www\js\plugins\MessageSkip.js,508,.js,utf-8-sig,kana,rpgmaker_plugin_js,25,,1,スイッチピクチャ
T002576,B0006,D:\Dev\Desenvolvimento\Projetos\TradutorDGames\[Kimochi] RJ01696894,www\js\plugins\MessageSkip.js,509,.js,utf-8-sig,kana,rpgmaker_plugin_js,25,,1,スイッチピクチャX
T002577,B0006,D:\Dev\Desenvolvimento\Projetos\TradutorDGames\[Kimochi] RJ01696894,www\js\plugins\MessageSkip.js,510,.js,utf-8-sig,kana,rpgmaker_plugin_js,25,,1,スイッチピクチャY
T002578,B0006,D:\Dev\Desenvolvimento\Projetos\TradutorDGames\[Kimochi] RJ01696894,www\js\plugins\MessageSkip.js,511,.js,utf-8-sig,kana,rpgmaker_plugin_js,25,,1,スイッチピクチャトリガー
T002579,B0006,D:\Dev\Desenvolvimento\Projetos\TradutorDGames\[Kimochi] RJ01696894,www\js\plugins\MessageSkip.js,512,.js,utf-8-sig,"cjk,kana",rpgmaker_plugin_js,25,,1,ボタン原点
T002580,B0006,D:\Dev\Desenvolvimento\Projetos\TradutorDGames\[Kimochi] RJ01696894,www\js\plugins\MessageSkip.js,513,.js,utf-8-sig,"cjk,kana",rpgmaker_plugin_js,25,,1,ボタン表示スイッチID
T002581,B0006,D:\Dev\Desenvolvimento\Projetos\TradutorDGames\[Kimochi] RJ01696894,www\js\plugins\MessageSkip.js,514,.js,utf-8-sig,"cjk,kana",rpgmaker_plugin_js,25,,1,押し続けスキップ
T002582,B0006,D:\Dev\Desenvolvimento\Projetos\TradutorDGames\[Kimochi] RJ01696894,www\js\plugins\MessageSkip.js,515,.js,utf-8-sig,kana,rpgmaker_plugin_js,25,,1,スキップスイッチ
T002583,B0006,D:\Dev\Desenvolvimento\Projetos\TradutorDGames\[Kimochi] RJ01696894,www\js\plugins\MessageSkip.js,516,.js,utf-8-sig,kana,rpgmaker_plugin_js,25,,1,オートスイッチ
T002584,B0006,D:\Dev\Desenvolvimento\Projetos\TradutorDGames\[Kimochi] RJ01696894,www\js\plugins\MessageSkip.js,517,.js,utf-8-sig,"cjk,kana",rpgmaker_plugin_js,25,,1,無効化スイッチ
T002585,B0006,D:\Dev\Desenvolvimento\Projetos\TradutorDGames\[Kimochi] RJ01696894,www\js\plugins\MessageSkip.js,518,.js,utf-8-sig,kana,rpgmaker_plugin_js,25,,1,アイコンX
T002586,B0006,D:\Dev\Desenvolvimento\Projetos\TradutorDGames\[Kimochi] RJ01696894,www\js\plugins\MessageSkip.js,519,.js,utf-8-sig,kana,rpgmaker_plugin_js,25,,1,アイコンY
T002587,B0006,D:\Dev\Desenvolvimento\Projetos\TradutorDGames\[Kimochi] RJ01696894,www\js\plugins\MessageSkip.js,520,.js,utf-8-sig,"cjk,kana",rpgmaker_plugin_js,25,,1,ピクチャ座標タイプ
T002588,B0006,D:\Dev\Desenvolvimento\Projetos\TradutorDGames\[Kimochi] RJ01696894,www\js\plugins\MessageSkip.js,524,.js,utf-8-sig,"cjk,kana",rpgmaker_plugin_js,25,,1,//  メッセージスキップ情報を保持します。
T002589,B0006,D:\Dev\Desenvolvimento\Projetos\TradutorDGames\[Kimochi] RJ01696894,www\js\plugins\MessageSkip.js,530,.js,utf-8-sig,"cjk,kana",rpgmaker_plugin_js,25,,1,終了解除スイッチID
T002590,B0006,D:\Dev\Desenvolvimento\Projetos\TradutorDGames\[Kimochi] RJ01696894,www\js\plugins\MessageSkip.js,573,.js,utf-8-sig,"cjk,kana",rpgmaker_plugin_js,25,,1,//  マップイベント終了時にメッセージスキップフラグを初期化します。
T002591,B0006,D:\Dev\Desenvolvimento\Projetos\TradutorDGames\[Kimochi] RJ01696894,www\js\plugins\MessageSkip.js,598,.js,utf-8-sig,"cjk,kana",rpgmaker_plugin_js,25,,1,//  指定されたインタプリタがマップイベントかどうかを返します。
T002592,B0006,D:\Dev\Desenvolvimento\Projetos\TradutorDGames\[Kimochi] RJ01696894,www\js\plugins\MessageSkip.js,606,.js,utf-8-sig,"cjk,kana",rpgmaker_plugin_js,25,,1,//  メッセージスキップ状態を描画します。
T002593,B0006,D:\Dev\Desenvolvimento\Projetos\TradutorDGames\[Kimochi] RJ01696894,www\js\plugins\MessageSkip.js,693,.js,utf-8-sig,"cjk,kana",rpgmaker_plugin_js,25,,1,オート待機フレーム
T002594,B0006,D:\Dev\Desenvolvimento\Projetos\TradutorDGames\[Kimochi] RJ01696894,www\js\plugins\MessageSkip.js,701,.js,utf-8-sig,"cjk,kana",rpgmaker_plugin_js,25,,1,// 【ここから改変箇所】オートピクチャの明滅処理を追加
T002595,B0006,D:\Dev\Desenvolvimento\Projetos\TradutorDGames\[Kimochi] RJ01696894,www\js\plugins\MessageSkip.js,704,.js,utf-8-sig,"cjk,kana",rpgmaker_plugin_js,25,,1,// オートモードがONで、ウィンドウが完全に開いている場合
T002596,B0006,D:\Dev\Desenvolvimento\Projetos\TradutorDGames\[Kimochi] RJ01696894,www\js\plugins\MessageSkip.js,706,.js,utf-8-sig,"cjk,kana",rpgmaker_plugin_js,25,,1,this._autoButton.startFlash(2); // 明滅を開始 (数値が小さいほどゆっくり)
T002597,B0006,D:\Dev\Desenvolvimento\Projetos\TradutorDGames\[Kimochi] RJ01696894,www\js\plugins\MessageSkip.js,709,.js,utf-8-sig,"cjk,kana",rpgmaker_plugin_js,25,,1,// オートモードがOFF、またはウィンドウが閉じている場合
T002598,B0006,D:\Dev\Desenvolvimento\Projetos\TradutorDGames\[Kimochi] RJ01696894,www\js\plugins\MessageSkip.js,711,.js,utf-8-sig,"cjk,kana",rpgmaker_plugin_js,25,,1,this._autoButton.stopFlash(); // 明滅を停止
T002599,B0006,D:\Dev\Desenvolvimento\Projetos\TradutorDGames\[Kimochi] RJ01696894,www\js\plugins\MessageSkip.js,715,.js,utf-8-sig,"cjk,kana",rpgmaker_plugin_js,25,,1,// 【ここまで改変箇所】
T002600,B0006,D:\Dev\Desenvolvimento\Projetos\TradutorDGames\[Kimochi] RJ01696894,www\js\plugins\MessageSkip.js,754,.js,utf-8-sig,kana,rpgmaker_plugin_js,25,,1,スキップアイコン
T002601,B0006,D:\Dev\Desenvolvimento\Projetos\TradutorDGames\[Kimochi] RJ01696894,www\js\plugins\MessageSkip.js,759,.js,utf-8-sig,kana,rpgmaker_plugin_js,25,,1,オートアイコン
T002602,B0006,D:\Dev\Desenvolvimento\Projetos\TradutorDGames\[Kimochi] RJ01696894,www\js\plugins\MessageSkip.js,923,.js,utf-8-sig,"cjk,kana",rpgmaker_plugin_js,25,,1,//  メッセージボタン描画用スプライトです。
T002603,B0006,D:\Dev\Desenvolvimento\Projetos\TradutorDGames\[Kimochi] RJ01696894,www\js\plugins\MessageSkip.js,977,.js,utf-8-sig,"cjk,kana",rpgmaker_plugin_js,25,,1,// update を拡張
T002604,B0006,D:\Dev\Desenvolvimento\Projetos\TradutorDGames\[Kimochi] RJ01696894,www\js\plugins\MessageSkip.js,989,.js,utf-8-sig,"cjk,kana",rpgmaker_plugin_js,25,,1,this._flashAlpha = 192; // 繰り返し
T002605,B0006,D:\Dev\Desenvolvimento\Projetos\TradutorDGames\[Kimochi] RJ01696894,www\js\plugins\MessageSkip.js,996,.js,utf-8-sig,"cjk,kana",rpgmaker_plugin_js,25,,1,//  アイコン描画用スプライトです。
T002606,B0006,D:\Dev\Desenvolvimento\Projetos\TradutorDGames\[Kimochi] RJ01696894,www\js\plugins\MessageWindowHidden.js,9,.js,utf-8-sig,"cjk,kana",rpgmaker_plugin_js,25,,1,// 2.7.1 2023/01/17 決定動作で復帰するとき左クリックで復帰するとメッセージが送られてしまう問題を修正
T002607,B0006,D:\Dev\Desenvolvimento\Projetos\TradutorDGames\[Kimochi] RJ01696894,www\js\plugins\MessageWindowHidden.js,10,.js,utf-8-sig,"cjk,kana",rpgmaker_plugin_js,25,,1,// 2.7.0 2022/09/12 ウィンドウ消去時、決定動作によってウィンドウを再表示できる設定を追加(by unaunagiさま)
T002608,B0006,D:\Dev\Desenvolvimento\Projetos\TradutorDGames\[Kimochi] RJ01696894,www\js\plugins\MessageWindowHidden.js,11,.js,utf-8-sig,"cjk,kana",rpgmaker_plugin_js,25,,1,// 2.6.1 2020/05/21 トリガースイッチと連動無効スイッチの状態によってエラーが起きうる記述を修正
T002609,B0006,D:\Dev\Desenvolvimento\Projetos\TradutorDGames\[Kimochi] RJ01696894,www\js\plugins\MessageWindowHidden.js,12,.js,utf-8-sig,"cjk,kana",rpgmaker_plugin_js,25,,1,// 2.6.0 2020/05/20 ピクチャの連動を無効にできるスイッチを追加
T002610,B0006,D:\Dev\Desenvolvimento\Projetos\TradutorDGames\[Kimochi] RJ01696894,www\js\plugins\MessageWindowHidden.js,13,.js,utf-8-sig,"cjk,kana",rpgmaker_plugin_js,25,,1,// 2.5.1 2020/05/19 2.3.0の仕様変更で連動表示ピクチャの透明度が復元できない問題を修正
T002611,B0006,D:\Dev\Desenvolvimento\Projetos\TradutorDGames\[Kimochi] RJ01696894,www\js\plugins\MessageWindowHidden.js,14,.js,utf-8-sig,"cjk,kana",rpgmaker_plugin_js,25,,1,// 2.5.0 2020/05/17 指定したスイッチに連動させてウィンドウの表示/非表示を切り替える機能を追加
T002612,B0006,D:\Dev\Desenvolvimento\Projetos\TradutorDGames\[Kimochi] RJ01696894,www\js\plugins\MessageWindowHidden.js,15,.js,utf-8-sig,"cjk,kana",rpgmaker_plugin_js,25,,1,// 2.4.0 2020/05/08 選択肢表示中でもウィンドウを隠せるよう設定を追加
T002613,B0006,D:\Dev\Desenvolvimento\Projetos\TradutorDGames\[Kimochi] RJ01696894,www\js\plugins\MessageWindowHidden.js,16,.js,utf-8-sig,"cjk,kana",rpgmaker_plugin_js,25,,1,// 2.3.0 2019/10/22 ウィンドウを表示状態にもどしたとき、連動ピクチャは、もともと表示していた不透明度を復元するよう仕様変更
T002614,B0006,D:\Dev\Desenvolvimento\Projetos\TradutorDGames\[Kimochi] RJ01696894,www\js\plugins\MessageWindowHidden.js,17,.js,utf-8-sig,"cjk,kana",rpgmaker_plugin_js,25,,1,// 2.2.0 2019/06/09 メッセージウィンドウと逆に連動して指定したピクチャの表示/非表示が自動で切り替わる機能を追加
T002615,B0006,D:\Dev\Desenvolvimento\Projetos\TradutorDGames\[Kimochi] RJ01696894,www\js\plugins\MessageWindowHidden.js,18,.js,utf-8-sig,"cjk,kana",rpgmaker_plugin_js,25,,1,// 2.1.0 2018/10/10 戦闘中にプラグインを無効化できる機能を追加。
T002616,B0006,D:\Dev\Desenvolvimento\Projetos\TradutorDGames\[Kimochi] RJ01696894,www\js\plugins\MessageWindowHidden.js,19,.js,utf-8-sig,"cjk,kana",rpgmaker_plugin_js,25,,1,// 2.0.0 2018/03/31 消去するトリガーを複数指定できる機能を追加。パラメータの指定方法を見直し。
T002617,B0006,D:\Dev\Desenvolvimento\Projetos\TradutorDGames\[Kimochi] RJ01696894,www\js\plugins\MessageWindowHidden.js,20,.js,utf-8-sig,"cjk,kana",rpgmaker_plugin_js,25,,1,// 1.4.0 2018/03/10 指定したスイッチがONの間はウィンドウ消去を無効化できる機能を追加
T002618,B0006,D:\Dev\Desenvolvimento\Projetos\TradutorDGames\[Kimochi] RJ01696894,www\js\plugins\MessageWindowHidden.js,21,.js,utf-8-sig,"cjk,kana",rpgmaker_plugin_js,25,,1,// 1.3.2 2017/08/02 ponidog_BackLog_utf8.jsとの競合を解消
T002619,B0006,D:\Dev\Desenvolvimento\Projetos\TradutorDGames\[Kimochi] RJ01696894,www\js\plugins\MessageWindowHidden.js,22,.js,utf-8-sig,"cjk,kana",rpgmaker_plugin_js,25,,1,// 1.3.1 2017/07/03 古いYEP_MessageCore.jsのネーム表示ウィンドウが再表示できない不具合の修正(by DarkPlasmaさま)
T002620,B0006,D:\Dev\Desenvolvimento\Projetos\TradutorDGames\[Kimochi] RJ01696894,www\js\plugins\MessageWindowHidden.js,23,.js,utf-8-sig,"cjk,kana",rpgmaker_plugin_js,25,,1,// 1.3.0 2017/03/16 連動して非表示にできるピクチャを複数指定できる機能を追加
T002621,B0006,D:\Dev\Desenvolvimento\Projetos\TradutorDGames\[Kimochi] RJ01696894,www\js\plugins\MessageWindowHidden.js,24,.js,utf-8-sig,"cjk,kana",rpgmaker_plugin_js,25,,1,// 1.2.1 2017/02/07 端末依存の記述を削除
T002622,B0006,D:\Dev\Desenvolvimento\Projetos\TradutorDGames\[Kimochi] RJ01696894,www\js\plugins\MessageWindowHidden.js,25,.js,utf-8-sig,"cjk,kana",rpgmaker_plugin_js,25,,1,// 1.2.0 2016/01/02 メッセージウィンドウと連動して指定したピクチャの表示/非表示が自動で切り替わる機能を追加
T002623,B0006,D:\Dev\Desenvolvimento\Projetos\TradutorDGames\[Kimochi] RJ01696894,www\js\plugins\MessageWindowHidden.js,26,.js,utf-8-sig,"cjk,kana",rpgmaker_plugin_js,25,,1,// 1.1.0 2016/08/25 選択肢の表示中はウィンドウを非表示にできないよう仕様変更
T002624,B0006,D:\Dev\Desenvolvimento\Projetos\TradutorDGames\[Kimochi] RJ01696894,www\js\plugins\MessageWindowHidden.js,27,.js,utf-8-sig,"cjk,kana",rpgmaker_plugin_js,25,,1,// 1.0.4 2016/07/22 YEP_MessageCore.jsのネーム表示ウィンドウと連携する機能を追加
T002625,B0006,D:\Dev\Desenvolvimento\Projetos\TradutorDGames\[Kimochi] RJ01696894,www\js\plugins\MessageWindowHidden.js,28,.js,utf-8-sig,"cjk,kana",rpgmaker_plugin_js,25,,1,// 1.0.3 2016/01/24 メッセージウィンドウが表示されていないときも非表示にできてしまう現象の修正
T002626,B0006,D:\Dev\Desenvolvimento\Projetos\TradutorDGames\[Kimochi] RJ01696894,www\js\plugins\MessageWindowHidden.js,29,.js,utf-8-sig,cjk,rpgmaker_plugin_js,25,,1,// 1.0.2 2016/01/02 競合対策
T002627,B0006,D:\Dev\Desenvolvimento\Projetos\TradutorDGames\[Kimochi] RJ01696894,www\js\plugins\MessageWindowHidden.js,30,.js,utf-8-sig,"cjk,kana",rpgmaker_plugin_js,25,,1,// 1.0.1 2015/12/31 コメント追加＋英語対応（仕様に変化なし）
T002628,B0006,D:\Dev\Desenvolvimento\Projetos\TradutorDGames\[Kimochi] RJ01696894,www\js\plugins\MessageWindowHidden.js,31,.js,utf-8-sig,cjk,rpgmaker_plugin_js,25,,1,// 1.0.0 2015/12/30 初版
T002629,B0006,D:\Dev\Desenvolvimento\Projetos\TradutorDGames\[Kimochi] RJ01696894,www\js\plugins\MessageWindowHidden.js,106,.js,utf-8-sig,"cjk,kana",rpgmaker_plugin_js,25,,1,右クリック
T002630,B0006,D:\Dev\Desenvolvimento\Projetos\TradutorDGames\[Kimochi] RJ01696894,www\js\plugins\MessageWindowHidden.js,165,.js,utf-8-sig,"cjk,kana",rpgmaker_plugin_js,25,,1,* メッセージウィンドウを消去します。もう一度押すと戻ります。
T002631,B0006,D:\Dev\Desenvolvimento\Projetos\TradutorDGames\[Kimochi] RJ01696894,www\js\plugins\MessageWindowHidden.js,167,.js,utf-8-sig,"cjk,kana",rpgmaker_plugin_js,25,,1,* ウィンドウ消去時に連動して不透明度を[0]にするピクチャを指定することができます。
T002632,B0006,D:\Dev\Desenvolvimento\Projetos\TradutorDGames\[Kimochi] RJ01696894,www\js\plugins\MessageWindowHidden.js,168,.js,utf-8-sig,"cjk,kana",rpgmaker_plugin_js,25,,1,* 背景に特定のピクチャを使用している場合などに指定してください。
T002633,B0006,D:\Dev\Desenvolvimento\Projetos\TradutorDGames\[Kimochi] RJ01696894,www\js\plugins\MessageWindowHidden.js,169,.js,utf-8-sig,"cjk,kana",rpgmaker_plugin_js,25,,1,* 再表示すると不透明度は、ウィンドウ非表示まえの不透明度で復元されます。
T002634,B0006,D:\Dev\Desenvolvimento\Projetos\TradutorDGames\[Kimochi] RJ01696894,www\js\plugins\MessageWindowHidden.js,171,.js,utf-8-sig,"cjk,kana",rpgmaker_plugin_js,25,,1,* ver2.0.0よりパラメータの指定方法が一部変更になりました。
T002635,B0006,D:\Dev\Desenvolvimento\Projetos\TradutorDGames\[Kimochi] RJ01696894,www\js\plugins\MessageWindowHidden.js,172,.js,utf-8-sig,"cjk,kana",rpgmaker_plugin_js,25,,1,* 以前のバージョンを使っていた方は再設定をお願いします。
T002636,B0006,D:\Dev\Desenvolvimento\Projetos\TradutorDGames\[Kimochi] RJ01696894,www\js\plugins\MessageWindowHidden.js,174,.js,utf-8-sig,kana,rpgmaker_plugin_js,25,,1,* このプラグインにはプラグインコマンドはありません。
T002637,B0006,D:\Dev\Desenvolvimento\Projetos\TradutorDGames\[Kimochi] RJ01696894,www\js\plugins\MessageWindowHidden.js,176,.js,utf-8-sig,cjk,rpgmaker_plugin_js,25,,1,* 利用規約：
T002638,B0006,D:\Dev\Desenvolvimento\Projetos\TradutorDGames\[Kimochi] RJ01696894,www\js\plugins\MessageWindowHidden.js,177,.js,utf-8-sig,"cjk,kana",rpgmaker_plugin_js,25,,1,*  作者に無断で改変、再配布が可能で、利用形態（商用、18禁利用等）
T002639,B0006,D:\Dev\Desenvolvimento\Projetos\TradutorDGames\[Kimochi] RJ01696894,www\js\plugins\MessageWindowHidden.js,178,.js,utf-8-sig,"cjk,kana",rpgmaker_plugin_js,25,,1,*  についても制限はありません。
T002640,B0006,D:\Dev\Desenvolvimento\Projetos\TradutorDGames\[Kimochi] RJ01696894,www\js\plugins\MessageWindowHidden.js,179,.js,utf-8-sig,kana,rpgmaker_plugin_js,25,,1,*  このプラグインはもうあなたのものです。
T002641,B0006,D:\Dev\Desenvolvimento\Projetos\TradutorDGames\[Kimochi] RJ01696894,www\js\plugins\MessageWindowHidden.js,211,.js,utf-8-sig,"cjk,kana",rpgmaker_plugin_js,25,,1,//  メッセージウィンドウの表示可否と連動します。
T002642,B0006,D:\Dev\Desenvolvimento\Projetos\TradutorDGames\[Kimochi] RJ01696894,www\js\plugins\MessageWindowHidden.js,220,.js,utf-8-sig,"cjk,kana",rpgmaker_plugin_js,25,,1,//  指定されたボタン押下時にウィンドウとサブウィンドウを非表示にします。
T002643,B0006,D:\Dev\Desenvolvimento\Projetos\TradutorDGames\[Kimochi] RJ01696894,www\js\plugins\MessageWindowHidden.js,312,.js,utf-8-sig,"cjk,kana",rpgmaker_plugin_js,25,,1,// 古いYEP_MessageCore.jsでは、ネーム表示ウィンドウはsubWindowsに含まれる
T002644,B0006,D:\Dev\Desenvolvimento\Projetos\TradutorDGames\[Kimochi] RJ01696894,www\js\plugins\MessageWindowHidden.js,334,.js,utf-8-sig,"cjk,kana",rpgmaker_plugin_js,25,,1,右クリック
T002645,B0006,D:\Dev\Desenvolvimento\Projetos\TradutorDGames\[Kimochi] RJ01696894,www\js\plugins\MessageWindowHidden.js,364,.js,utf-8-sig,"cjk,kana",rpgmaker_plugin_js,25,,1,//  非表示の間は更新を停止します。
T002646,B0006,D:\Dev\Desenvolvimento\Projetos\TradutorDGames\[Kimochi] RJ01696894,www\js\plugins\NRP_GameWindowSize.js,179,.js,utf-8-sig,"cjk,kana",rpgmaker_plugin_js,25,,1,* また、オプション画面にウィンドウサイズの変更機能を追加します。
T002647,B0006,D:\Dev\Desenvolvimento\Projetos\TradutorDGames\[Kimochi] RJ01696894,www\js\plugins\NRP_GameWindowSize.js,181,.js,utf-8-sig,"cjk,kana",rpgmaker_plugin_js,25,,1,* ◆主な特徴
T002648,B0006,D:\Dev\Desenvolvimento\Projetos\TradutorDGames\[Kimochi] RJ01696894,www\js\plugins\NRP_GameWindowSize.js,182,.js,utf-8-sig,"cjk,kana",rpgmaker_plugin_js,25,,1,* ・解像度とは別に独立してウィンドウサイズを設定可能。
T002649,B0006,D:\Dev\Desenvolvimento\Projetos\TradutorDGames\[Kimochi] RJ01696894,www\js\plugins\NRP_GameWindowSize.js,183,.js,utf-8-sig,"cjk,kana",rpgmaker_plugin_js,25,,1,* ・オプション画面にウィンドウサイズの変更機能を追加可能。
T002650,B0006,D:\Dev\Desenvolvimento\Projetos\TradutorDGames\[Kimochi] RJ01696894,www\js\plugins\NRP_GameWindowSize.js,184,.js,utf-8-sig,"cjk,kana",rpgmaker_plugin_js,25,,1,* 　変更すると以降、起動時にも反映されます。
T002651,B0006,D:\Dev\Desenvolvimento\Projetos\TradutorDGames\[Kimochi] RJ01696894,www\js\plugins\NRP_GameWindowSize.js,186,.js,utf-8-sig,"cjk,kana",rpgmaker_plugin_js,25,,1,* なお、モバイルやブラウザ起動では意味がないので、
T002652,B0006,D:\Dev\Desenvolvimento\Projetos\TradutorDGames\[Kimochi] RJ01696894,www\js\plugins\NRP_GameWindowSize.js,187,.js,utf-8-sig,"cjk,kana",rpgmaker_plugin_js,25,,1,* このプラグインは自動で無効化されます。
T002653,B0006,D:\Dev\Desenvolvimento\Projetos\TradutorDGames\[Kimochi] RJ01696894,www\js\plugins\NRP_GameWindowSize.js,190,.js,utf-8-sig,"cjk,kana",rpgmaker_plugin_js,25,,1,* ■注意点（ＭＺ向け）
T002654,B0006,D:\Dev\Desenvolvimento\Projetos\TradutorDGames\[Kimochi] RJ01696894,www\js\plugins\NRP_GameWindowSize.js,192,.js,utf-8-sig,"cjk,kana",rpgmaker_plugin_js,25,,1,* ◆起動直後のウィンドウサイズについて
T002655,B0006,D:\Dev\Desenvolvimento\Projetos\TradutorDGames\[Kimochi] RJ01696894,www\js\plugins\NRP_GameWindowSize.js,193,.js,utf-8-sig,"cjk,kana",rpgmaker_plugin_js,25,,1,* ゲームを起動した瞬間のウィンドウサイズは、このプラグインでは変更できません。
T002656,B0006,D:\Dev\Desenvolvimento\Projetos\TradutorDGames\[Kimochi] RJ01696894,www\js\plugins\NRP_GameWindowSize.js,194,.js,utf-8-sig,"cjk,kana",rpgmaker_plugin_js,25,,1,* 通常は一拍遅れて、ウィンドウサイズが切り替わるはずです。
T002657,B0006,D:\Dev\Desenvolvimento\Projetos\TradutorDGames\[Kimochi] RJ01696894,www\js\plugins\NRP_GameWindowSize.js,196,.js,utf-8-sig,"cjk,kana",rpgmaker_plugin_js,25,,1,* ＭＺでは起動直後のウィンドウサイズは、
T002658,B0006,D:\Dev\Desenvolvimento\Projetos\TradutorDGames\[Kimochi] RJ01696894,www\js\plugins\NRP_GameWindowSize.js,197,.js,utf-8-sig,"cjk,kana",rpgmaker_plugin_js,25,,1,* システム2にある『画面の幅』『画面の高さ』によって決定されます。
T002659,B0006,D:\Dev\Desenvolvimento\Projetos\TradutorDGames\[Kimochi] RJ01696894,www\js\plugins\NRP_GameWindowSize.js,198,.js,utf-8-sig,"cjk,kana",rpgmaker_plugin_js,25,,1,* これらはゲーム内で処理する解像度（ピクセルサイズ）と共有する値です。
T002660,B0006,D:\Dev\Desenvolvimento\Projetos\TradutorDGames\[Kimochi] RJ01696894,www\js\plugins\NRP_GameWindowSize.js,200,.js,utf-8-sig,"cjk,kana",rpgmaker_plugin_js,25,,1,* ※ピクセルサイズとウィンドウサイズが同じ項目で決定されるのは、
T002661,B0006,D:\Dev\Desenvolvimento\Projetos\TradutorDGames\[Kimochi] RJ01696894,www\js\plugins\NRP_GameWindowSize.js,201,.js,utf-8-sig,"cjk,kana",rpgmaker_plugin_js,25,,1,* 　少々おかしな仕様なのですが、現状ではどうにもなりません。
T002662,B0006,D:\Dev\Desenvolvimento\Projetos\TradutorDGames\[Kimochi] RJ01696894,www\js\plugins\NRP_GameWindowSize.js,203,.js,utf-8-sig,"cjk,kana",rpgmaker_plugin_js,25,,1,* 完璧な対処法はありませんが、以下は一応の対処法です。
T002663,B0006,D:\Dev\Desenvolvimento\Projetos\TradutorDGames\[Kimochi] RJ01696894,www\js\plugins\NRP_GameWindowSize.js,205,.js,utf-8-sig,"cjk,kana",rpgmaker_plugin_js,25,,1,* プラグインパラメータで『画面の幅』と『画面の高さ』の設定をすれば、
T002664,B0006,D:\Dev\Desenvolvimento\Projetos\TradutorDGames\[Kimochi] RJ01696894,www\js\plugins\NRP_GameWindowSize.js,206,.js,utf-8-sig,"cjk,kana",rpgmaker_plugin_js,25,,1,* システム2の設定値とは別に、ゲームのピクセルサイズだけを変更できます。
T002665,B0006,D:\Dev\Desenvolvimento\Projetos\TradutorDGames\[Kimochi] RJ01696894,www\js\plugins\NRP_GameWindowSize.js,207,.js,utf-8-sig,"cjk,kana",rpgmaker_plugin_js,25,,1,* この場合、システム2の設定値にはウィンドウサイズを設定しておきます。
T002666,B0006,D:\Dev\Desenvolvimento\Projetos\TradutorDGames\[Kimochi] RJ01696894,www\js\plugins\NRP_GameWindowSize.js,209,.js,utf-8-sig,"cjk,kana",rpgmaker_plugin_js,25,,1,* ただし、システム2の設定値はエディタでも参照しているため、
T002667,B0006,D:\Dev\Desenvolvimento\Projetos\TradutorDGames\[Kimochi] RJ01696894,www\js\plugins\NRP_GameWindowSize.js,210,.js,utf-8-sig,"cjk,kana",rpgmaker_plugin_js,25,,1,* 副作用としてデータベースの敵グループ画面の表示領域が狭まってしまいます。
T002668,B0006,D:\Dev\Desenvolvimento\Projetos\TradutorDGames\[Kimochi] RJ01696894,www\js\plugins\NRP_GameWindowSize.js,211,.js,utf-8-sig,"cjk,kana",rpgmaker_plugin_js,25,,1,* 開発終盤やＡＲＰＧなどで敵グループ画面を使わないなら問題ありません。
T002669,B0006,D:\Dev\Desenvolvimento\Projetos\TradutorDGames\[Kimochi] RJ01696894,www\js\plugins\NRP_GameWindowSize.js,213,.js,utf-8-sig,"cjk,kana",rpgmaker_plugin_js,25,,1,* また、画面サイズを縮めた場合に横スクロールバーが表示される場合がありますが、
T002670,B0006,D:\Dev\Desenvolvimento\Projetos\TradutorDGames\[Kimochi] RJ01696894,www\js\plugins\NRP_GameWindowSize.js,214,.js,utf-8-sig,kana,rpgmaker_plugin_js,25,,1,* [プロジェクト]\css\game.css
T002671,B0006,D:\Dev\Desenvolvimento\Projetos\TradutorDGames\[Kimochi] RJ01696894,www\js\plugins\NRP_GameWindowSize.js,215,.js,utf-8-sig,"cjk,kana",rpgmaker_plugin_js,25,,1,* に以下の三行を追記することで抑制できます。
T002672,B0006,D:\Dev\Desenvolvimento\Projetos\TradutorDGames\[Kimochi] RJ01696894,www\js\plugins\NRP_GameWindowSize.js,221,.js,utf-8-sig,"cjk,kana",rpgmaker_plugin_js,25,,1,* ※なお、game.cssは本体のバージョンアップ時に、
T002673,B0006,D:\Dev\Desenvolvimento\Projetos\TradutorDGames\[Kimochi] RJ01696894,www\js\plugins\NRP_GameWindowSize.js,222,.js,utf-8-sig,"cjk,kana",rpgmaker_plugin_js,25,,1,* 　上書きされる可能性があるファイルなのでご注意ください。
T002674,B0006,D:\Dev\Desenvolvimento\Projetos\TradutorDGames\[Kimochi] RJ01696894,www\js\plugins\NRP_GameWindowSize.js,225,.js,utf-8-sig,"cjk,kana",rpgmaker_plugin_js,25,,1,* ■注意点（ＭＶ向け）
T002675,B0006,D:\Dev\Desenvolvimento\Projetos\TradutorDGames\[Kimochi] RJ01696894,www\js\plugins\NRP_GameWindowSize.js,227,.js,utf-8-sig,"cjk,kana",rpgmaker_plugin_js,25,,1,* ◆起動直後のウィンドウサイズについて
T002676,B0006,D:\Dev\Desenvolvimento\Projetos\TradutorDGames\[Kimochi] RJ01696894,www\js\plugins\NRP_GameWindowSize.js,228,.js,utf-8-sig,"cjk,kana",rpgmaker_plugin_js,25,,1,* ＭＶでは起動した瞬間のウィンドウサイズを、
T002677,B0006,D:\Dev\Desenvolvimento\Projetos\TradutorDGames\[Kimochi] RJ01696894,www\js\plugins\NRP_GameWindowSize.js,229,.js,utf-8-sig,"cjk,kana",rpgmaker_plugin_js,25,,1,* プロジェクト直下の『package.json』で設定できます。
T002678,B0006,D:\Dev\Desenvolvimento\Projetos\TradutorDGames\[Kimochi] RJ01696894,www\js\plugins\NRP_GameWindowSize.js,230,.js,utf-8-sig,"cjk,kana",rpgmaker_plugin_js,25,,1,* 標準のウィンドウサイズを変更する場合は、こちらの値も合わせておくとベターです。
T002679,B0006,D:\Dev\Desenvolvimento\Projetos\TradutorDGames\[Kimochi] RJ01696894,www\js\plugins\NRP_GameWindowSize.js,231,.js,utf-8-sig,"cjk,kana",rpgmaker_plugin_js,25,,1,* 起動直後にウィンドウサイズが切り替わる挙動を抑制できます。
T002680,B0006,D:\Dev\Desenvolvimento\Projetos\TradutorDGames\[Kimochi] RJ01696894,www\js\plugins\NRP_GameWindowSize.js,233,.js,utf-8-sig,"cjk,kana",rpgmaker_plugin_js,25,,1,* ◆YEP_CoreEngineとの競合について
T002681,B0006,D:\Dev\Desenvolvimento\Projetos\TradutorDGames\[Kimochi] RJ01696894,www\js\plugins\NRP_GameWindowSize.js,234,.js,utf-8-sig,"cjk,kana",rpgmaker_plugin_js,25,,1,* YEP_CoreEngineには、強制的にウィンドウサイズを解像度に合わせる仕様があります。
T002682,B0006,D:\Dev\Desenvolvimento\Projetos\TradutorDGames\[Kimochi] RJ01696894,www\js\plugins\NRP_GameWindowSize.js,235,.js,utf-8-sig,"cjk,kana",rpgmaker_plugin_js,25,,1,* このプラグインをYEP_CoreEngineの下へ配置すれば、
T002683,B0006,D:\Dev\Desenvolvimento\Projetos\TradutorDGames\[Kimochi] RJ01696894,www\js\plugins\NRP_GameWindowSize.js,236,.js,utf-8-sig,"cjk,kana",rpgmaker_plugin_js,25,,1,* 適切にウィンドウサイズだけを変更できます。
T002684,B0006,D:\Dev\Desenvolvimento\Projetos\TradutorDGames\[Kimochi] RJ01696894,www\js\plugins\NRP_GameWindowSize.js,239,.js,utf-8-sig,cjk,rpgmaker_plugin_js,25,,1,* ■利用規約
T002685,B0006,D:\Dev\Desenvolvimento\Projetos\TradutorDGames\[Kimochi] RJ01696894,www\js\plugins\NRP_GameWindowSize.js,241,.js,utf-8-sig,"cjk,kana",rpgmaker_plugin_js,25,,1,* 特に制約はありません。
T002686,B0006,D:\Dev\Desenvolvimento\Projetos\TradutorDGames\[Kimochi] RJ01696894,www\js\plugins\NRP_GameWindowSize.js,242,.js,utf-8-sig,"cjk,kana",rpgmaker_plugin_js,25,,1,* 改変、再配布自由、商用可、権利表示も任意です。
T002687,B0006,D:\Dev\Desenvolvimento\Projetos\TradutorDGames\[Kimochi] RJ01696894,www\js\plugins\NRP_GameWindowSize.js,243,.js,utf-8-sig,"cjk,kana",rpgmaker_plugin_js,25,,1,* 作者は責任を負いませんが、不具合については可能な範囲で対応します。
T002688,B0006,D:\Dev\Desenvolvimento\Projetos\TradutorDGames\[Kimochi] RJ01696894,www\js\plugins\NRP_GameWindowSize.js,246,.js,utf-8-sig,kana,rpgmaker_plugin_js,25,,1,* @ プラグインパラメータ
T002689,B0006,D:\Dev\Desenvolvimento\Projetos\TradutorDGames\[Kimochi] RJ01696894,www\js\plugins\NRP_GameWindowSize.js,254,.js,utf-8-sig,"cjk,kana",rpgmaker_plugin_js,25,,1,* 初期値は解像度と同じです。
T002690,B0006,D:\Dev\Desenvolvimento\Projetos\TradutorDGames\[Kimochi] RJ01696894,www\js\plugins\NRP_GameWindowSize.js,261,.js,utf-8-sig,"cjk,kana",rpgmaker_plugin_js,25,,1,* 初期値は解像度と同じです。
T002691,B0006,D:\Dev\Desenvolvimento\Projetos\TradutorDGames\[Kimochi] RJ01696894,www\js\plugins\NRP_GameWindowSize.js,267,.js,utf-8-sig,"cjk,kana",rpgmaker_plugin_js,25,,1,* 入力時のみシステム2の値を上書きします。
T002692,B0006,D:\Dev\Desenvolvimento\Projetos\TradutorDGames\[Kimochi] RJ01696894,www\js\plugins\NRP_GameWindowSize.js,273,.js,utf-8-sig,"cjk,kana",rpgmaker_plugin_js,25,,1,* 入力時のみシステム2の値を上書きします。
T002693,B0006,D:\Dev\Desenvolvimento\Projetos\TradutorDGames\[Kimochi] RJ01696894,www\js\plugins\NRP_GameWindowSize.js,291,.js,utf-8-sig,"cjk,kana",rpgmaker_plugin_js,25,,1,* 初期値は2。コマンド記憶の下になります。
T002694,B0006,D:\Dev\Desenvolvimento\Projetos\TradutorDGames\[Kimochi] RJ01696894,www\js\plugins\NRP_GameWindowSize.js,315,.js,utf-8-sig,"cjk,kana",rpgmaker_plugin_js,25,,1,* 初期値は50(%)です。
T002695,B0006,D:\Dev\Desenvolvimento\Projetos\TradutorDGames\[Kimochi] RJ01696894,www\js\plugins\NRP_GameWindowSize.js,323,.js,utf-8-sig,"cjk,kana",rpgmaker_plugin_js,25,,1,* 初期値は150(%)です。
T002696,B0006,D:\Dev\Desenvolvimento\Projetos\TradutorDGames\[Kimochi] RJ01696894,www\js\plugins\NRP_GameWindowSize.js,331,.js,utf-8-sig,"cjk,kana",rpgmaker_plugin_js,25,,1,* 初期値は25(%)です。
T002697,B0006,D:\Dev\Desenvolvimento\Projetos\TradutorDGames\[Kimochi] RJ01696894,www\js\plugins\NRP_GameWindowSize.js,361,.js,utf-8-sig,cjk,rpgmaker_plugin_js,25,,1,// 基本項目
T002698,B0006,D:\Dev\Desenvolvimento\Projetos\TradutorDGames\[Kimochi] RJ01696894,www\js\plugins\NRP_GameWindowSize.js,366,.js,utf-8-sig,kana,rpgmaker_plugin_js,25,,1,// オプション
T002699,B0006,D:\Dev\Desenvolvimento\Projetos\TradutorDGames\[Kimochi] RJ01696894,www\js\plugins\NRP_GameWindowSize.js,374,.js,utf-8-sig,cjk,rpgmaker_plugin_js,25,,1,// 外部連携
T002700,B0006,D:\Dev\Desenvolvimento\Projetos\TradutorDGames\[Kimochi] RJ01696894,www\js\plugins\NRP_GameWindowSize.js,377,.js,utf-8-sig,cjk,rpgmaker_plugin_js,25,,1,// 識別子
T002701,B0006,D:\Dev\Desenvolvimento\Projetos\TradutorDGames\[Kimochi] RJ01696894,www\js\plugins\NRP_GameWindowSize.js,381,.js,utf-8-sig,"cjk,kana",rpgmaker_plugin_js,25,,1,* 上書きの場合
T002702,B0006,D:\Dev\Desenvolvimento\Projetos\TradutorDGames\[Kimochi] RJ01696894,www\js\plugins\NRP_GameWindowSize.js,389,.js,utf-8-sig,"cjk,kana",rpgmaker_plugin_js,25,,1,// MVの場合
T002703,B0006,D:\Dev\Desenvolvimento\Projetos\TradutorDGames\[Kimochi] RJ01696894,www\js\plugins\NRP_GameWindowSize.js,392,.js,utf-8-sig,"cjk,kana",rpgmaker_plugin_js,25,,1,// MZの場合
T002704,B0006,D:\Dev\Desenvolvimento\Projetos\TradutorDGames\[Kimochi] RJ01696894,www\js\plugins\NRP_GameWindowSize.js,403,.js,utf-8-sig,"cjk,kana",rpgmaker_plugin_js,25,,1,* ●ゲーム起動時
T002705,B0006,D:\Dev\Desenvolvimento\Projetos\TradutorDGames\[Kimochi] RJ01696894,www\js\plugins\NRP_GameWindowSize.js,409,.js,utf-8-sig,"cjk,kana",rpgmaker_plugin_js,25,,1,// ウィンドウサイズを設定値へ変更
T002706,B0006,D:\Dev\Desenvolvimento\Projetos\TradutorDGames\[Kimochi] RJ01696894,www\js\plugins\NRP_GameWindowSize.js,412,.js,utf-8-sig,"cjk,kana",rpgmaker_plugin_js,25,,1,// 強制的に画面サイズを変更
T002707,B0006,D:\Dev\Desenvolvimento\Projetos\TradutorDGames\[Kimochi] RJ01696894,www\js\plugins\NRP_GameWindowSize.js,420,.js,utf-8-sig,"cjk,kana",rpgmaker_plugin_js,25,,1,* ●ウィンドウサイズの変更
T002708,B0006,D:\Dev\Desenvolvimento\Projetos\TradutorDGames\[Kimochi] RJ01696894,www\js\plugins\NRP_GameWindowSize.js,423,.js,utf-8-sig,"cjk,kana",rpgmaker_plugin_js,25,,1,// ローカル実行以外では機能無効
T002709,B0006,D:\Dev\Desenvolvimento\Projetos\TradutorDGames\[Kimochi] RJ01696894,www\js\plugins\NRP_GameWindowSize.js,437,.js,utf-8-sig,"cjk,kana",rpgmaker_plugin_js,25,,1,* ●ウィンドウの横幅取得
T002710,B0006,D:\Dev\Desenvolvimento\Projetos\TradutorDGames\[Kimochi] RJ01696894,www\js\plugins\NRP_GameWindowSize.js,448,.js,utf-8-sig,"cjk,kana",rpgmaker_plugin_js,25,,1,* ●ウィンドウの縦幅取得
T002711,B0006,D:\Dev\Desenvolvimento\Projetos\TradutorDGames\[Kimochi] RJ01696894,www\js\plugins\NRP_GameWindowSize.js,459,.js,utf-8-sig,"cjk,kana",rpgmaker_plugin_js,25,,1,* ●ウィンドウサイズのレートを取得
T002712,B0006,D:\Dev\Desenvolvimento\Projetos\TradutorDGames\[Kimochi] RJ01696894,www\js\plugins\NRP_GameWindowSize.js,463,.js,utf-8-sig,"cjk,kana",rpgmaker_plugin_js,25,,1,// オプションを使用しない場合は1
T002713,B0006,D:\Dev\Desenvolvimento\Projetos\TradutorDGames\[Kimochi] RJ01696894,www\js\plugins\NRP_GameWindowSize.js,475,.js,utf-8-sig,"cjk,kana",rpgmaker_plugin_js,25,,1,// ローカル実行以外では機能無効
T002714,B0006,D:\Dev\Desenvolvimento\Projetos\TradutorDGames\[Kimochi] RJ01696894,www\js\plugins\NRP_GameWindowSize.js,481,.js,utf-8-sig,"cjk,kana",rpgmaker_plugin_js,25,,1,* オプションを使用しない場合はここで処理終了
T002715,B0006,D:\Dev\Desenvolvimento\Projetos\TradutorDGames\[Kimochi] RJ01696894,www\js\plugins\NRP_GameWindowSize.js,488,.js,utf-8-sig,"cjk,kana",rpgmaker_plugin_js,25,,1,* ●オプション用ウィンドウサイズの最小値
T002716,B0006,D:\Dev\Desenvolvimento\Projetos\TradutorDGames\[Kimochi] RJ01696894,www\js\plugins\NRP_GameWindowSize.js,495,.js,utf-8-sig,"cjk,kana",rpgmaker_plugin_js,25,,1,* ●オプション用ウィンドウサイズの最大値
T002717,B0006,D:\Dev\Desenvolvimento\Projetos\TradutorDGames\[Kimochi] RJ01696894,www\js\plugins\NRP_GameWindowSize.js,502,.js,utf-8-sig,"cjk,kana",rpgmaker_plugin_js,25,,1,* ●オプション用ウィンドウサイズの変更単位
T002718,B0006,D:\Dev\Desenvolvimento\Projetos\TradutorDGames\[Kimochi] RJ01696894,www\js\plugins\NRP_GameWindowSize.js,508,.js,utf-8-sig,"cjk,kana",rpgmaker_plugin_js,25,,1,// ウィンドウサイズの初期値
T002719,B0006,D:\Dev\Desenvolvimento\Projetos\TradutorDGames\[Kimochi] RJ01696894,www\js\plugins\NRP_GameWindowSize.js,512,.js,utf-8-sig,"cjk,kana",rpgmaker_plugin_js,25,,1,* ●オプション画面の項目生成
T002720,B0006,D:\Dev\Desenvolvimento\Projetos\TradutorDGames\[Kimochi] RJ01696894,www\js\plugins\NRP_GameWindowSize.js,523,.js,utf-8-sig,"cjk,kana",rpgmaker_plugin_js,25,,1,* ●オプション画面の項目生成
T002721,B0006,D:\Dev\Desenvolvimento\Projetos\TradutorDGames\[Kimochi] RJ01696894,www\js\plugins\NRP_GameWindowSize.js,533,.js,utf-8-sig,"cjk,kana",rpgmaker_plugin_js,25,,1,* 【独自】ウィンドウサイズをコンフィグから読込
T002722,B0006,D:\Dev\Desenvolvimento\Projetos\TradutorDGames\[Kimochi] RJ01696894,www\js\plugins\NRP_GameWindowSize.js,545,.js,utf-8-sig,cjk,rpgmaker_plugin_js,25,,1,* ●表示状態取得
T002723,B0006,D:\Dev\Desenvolvimento\Projetos\TradutorDGames\[Kimochi] RJ01696894,www\js\plugins\NRP_GameWindowSize.js,560,.js,utf-8-sig,"cjk,kana",rpgmaker_plugin_js,25,,1,* ●ウィンドウサイズの表示名
T002724,B0006,D:\Dev\Desenvolvimento\Projetos\TradutorDGames\[Kimochi] RJ01696894,www\js\plugins\NRP_GameWindowSize.js,563,.js,utf-8-sig,"cjk,kana",rpgmaker_plugin_js,25,,1,// サイズ表示
T002725,B0006,D:\Dev\Desenvolvimento\Projetos\TradutorDGames\[Kimochi] RJ01696894,www\js\plugins\NRP_GameWindowSize.js,567,.js,utf-8-sig,cjk,rpgmaker_plugin_js,25,,1,// ％表示
T002726,B0006,D:\Dev\Desenvolvimento\Projetos\TradutorDGames\[Kimochi] RJ01696894,www\js\plugins\NRP_GameWindowSize.js,572,.js,utf-8-sig,"cjk,kana",rpgmaker_plugin_js,25,,1,* ●あまり細かい値にならないよう丸める
T002727,B0006,D:\Dev\Desenvolvimento\Projetos\TradutorDGames\[Kimochi] RJ01696894,www\js\plugins\NRP_GameWindowSize.js,575,.js,utf-8-sig,"cjk,kana",rpgmaker_plugin_js,25,,1,// 最小値、最大値、100と1以内ならそれぞれの値を設定する。
T002728,B0006,D:\Dev\Desenvolvimento\Projetos\TradutorDGames\[Kimochi] RJ01696894,www\js\plugins\NRP_GameWindowSize.js,576,.js,utf-8-sig,"cjk,kana",rpgmaker_plugin_js,25,,1,// （涙ぐましい微調整……）
T002729,B0006,D:\Dev\Desenvolvimento\Projetos\TradutorDGames\[Kimochi] RJ01696894,www\js\plugins\NRP_GameWindowSize.js,585,.js,utf-8-sig,"cjk,kana",rpgmaker_plugin_js,25,,1,// 少数第二位まで
T002730,B0006,D:\Dev\Desenvolvimento\Projetos\TradutorDGames\[Kimochi] RJ01696894,www\js\plugins\NRP_GameWindowSize.js,590,.js,utf-8-sig,"cjk,kana",rpgmaker_plugin_js,25,,1,* ●決定キー
T002731,B0006,D:\Dev\Desenvolvimento\Projetos\TradutorDGames\[Kimochi] RJ01696894,www\js\plugins\NRP_GameWindowSize.js,613,.js,utf-8-sig,"cjk,kana",rpgmaker_plugin_js,25,,1,* ●カーソル右
T002732,B0006,D:\Dev\Desenvolvimento\Projetos\TradutorDGames\[Kimochi] RJ01696894,www\js\plugins\NRP_GameWindowSize.js,632,.js,utf-8-sig,"cjk,kana",rpgmaker_plugin_js,25,,1,* ●カーソル左
T002733,B0006,D:\Dev\Desenvolvimento\Projetos\TradutorDGames\[Kimochi] RJ01696894,www\js\plugins\NRP_GameWindowSize.js,651,.js,utf-8-sig,"cjk,kana",rpgmaker_plugin_js,25,,1,* 【独自】ウィンドウサイズの値を変更
T002734,B0006,D:\Dev\Desenvolvimento\Projetos\TradutorDGames\[Kimochi] RJ01696894,www\js\plugins\NRP_GameWindowSize.js,657,.js,utf-8-sig,"cjk,kana",rpgmaker_plugin_js,25,,1,// MZの場合
T002735,B0006,D:\Dev\Desenvolvimento\Projetos\TradutorDGames\[Kimochi] RJ01696894,www\js\plugins\NRP_GameWindowSize.js,659,.js,utf-8-sig,"cjk,kana",rpgmaker_plugin_js,25,,1,// タッチによる選択を禁止
T002736,B0006,D:\Dev\Desenvolvimento\Projetos\TradutorDGames\[Kimochi] RJ01696894,www\js\plugins\NRP_GameWindowSize.js,660,.js,utf-8-sig,"cjk,kana",rpgmaker_plugin_js,25,,1,// ウィンドウサイズ変更による選択状態の変更を避けるため
T002737,B0006,D:\Dev\Desenvolvimento\Projetos\TradutorDGames\[Kimochi] RJ01696894,www\js\plugins\NRP_GameWindowSize.js,665,.js,utf-8-sig,"cjk,kana",rpgmaker_plugin_js,25,,1,// MZの場合
T002738,B0006,D:\Dev\Desenvolvimento\Projetos\TradutorDGames\[Kimochi] RJ01696894,www\js\plugins\NRP_GameWindowSize.js,668,.js,utf-8-sig,"cjk,kana",rpgmaker_plugin_js,25,,1,* ●タッチ時のセレクト処理
T002739,B0006,D:\Dev\Desenvolvimento\Projetos\TradutorDGames\[Kimochi] RJ01696894,www\js\plugins\NRP_GameWindowSize.js,672,.js,utf-8-sig,"cjk,kana",rpgmaker_plugin_js,25,,1,// タッチ選択を禁止！
T002740,B0006,D:\Dev\Desenvolvimento\Projetos\TradutorDGames\[Kimochi] RJ01696894,www\js\plugins\NRP_GameWindowSize.js,683,.js,utf-8-sig,"cjk,kana",rpgmaker_plugin_js,25,,1,* ●ウィンドウサイズの項目追加
T002741,B0006,D:\Dev\Desenvolvimento\Projetos\TradutorDGames\[Kimochi] RJ01696894,www\js\plugins\NRP_GameWindowSize.js,691,.js,utf-8-sig,"cjk,kana",rpgmaker_plugin_js,25,,1,// Mano_InputConfig.jsとの競合対処
T002742,B0006,D:\Dev\Desenvolvimento\Projetos\TradutorDGames\[Kimochi] RJ01696894,www\js\plugins\NRP_GameWindowSize.js,701,.js,utf-8-sig,"cjk,kana",rpgmaker_plugin_js,25,,1,* ●設定値を反映
T002743,B0006,D:\Dev\Desenvolvimento\Projetos\TradutorDGames\[Kimochi] RJ01696894,www\js\plugins\NRP_GameWindowSize.js,708,.js,utf-8-sig,"cjk,kana",rpgmaker_plugin_js,25,,1,// ウィンドウサイズを反映
T002744,B0006,D:\Dev\Desenvolvimento\Projetos\TradutorDGames\[Kimochi] RJ01696894,www\js\plugins\NRP_GameWindowSize.js,714,.js,utf-8-sig,kana,rpgmaker_plugin_js,25,,1,* ●ウィンドウサイズのオプションか？
T002745,B0006,D:\Dev\Desenvolvimento\Projetos\TradutorDGames\[Kimochi] RJ01696894,www\js\plugins\NRP_GameWindowSize.js,724,.js,utf-8-sig,"cjk,kana",rpgmaker_plugin_js,25,,1,* ●コマンド数を加算
T002746,B0006,D:\Dev\Desenvolvimento\Projetos\TradutorDGames\[Kimochi] RJ01696894,www\js\plugins\PictureAnimation.js,9,.js,utf-8-sig,"cjk,kana",rpgmaker_plugin_js,25,,1,// 1.6.1 2020/12/06 1.6.0の機能追加で最後のセルの最後のフレームまで到達したときに完了扱いにするよう修正
T002747,B0006,D:\Dev\Desenvolvimento\Projetos\TradutorDGames\[Kimochi] RJ01696894,www\js\plugins\PictureAnimation.js,10,.js,utf-8-sig,"cjk,kana",rpgmaker_plugin_js,25,,1,// 1.6.0 2020/10/24 ピクチャのアニメーション完了まで次の命令に移行しない設定を追加
T002748,B0006,D:\Dev\Desenvolvimento\Projetos\TradutorDGames\[Kimochi] RJ01696894,www\js\plugins\PictureAnimation.js,11,.js,utf-8-sig,"cjk,kana",rpgmaker_plugin_js,25,,1,// 1.5.10 2020/01/30 現在のセル番号を取得できるスクリプトのヘルプを追加
T002749,B0006,D:\Dev\Desenvolvimento\Projetos\TradutorDGames\[Kimochi] RJ01696894,www\js\plugins\PictureAnimation.js,12,.js,utf-8-sig,"cjk,kana",rpgmaker_plugin_js,25,,1,// 1.5.9 2020/01/26 アニメーション中のピクチャを別のピクチャに差し替えて表示したとき、クロスフェード用の半透明ピクチャが残ってしまう場合がある不具合を修正
T002750,B0006,D:\Dev\Desenvolvimento\Projetos\TradutorDGames\[Kimochi] RJ01696894,www\js\plugins\PictureAnimation.js,13,.js,utf-8-sig,"cjk,kana",rpgmaker_plugin_js,25,,1,// 1.5.8 2019/10/27 アニメーションタイプが1以外の場合に、非ループアニメの終了位置が間違っている問題を修正
T002751,B0006,D:\Dev\Desenvolvimento\Projetos\TradutorDGames\[Kimochi] RJ01696894,www\js\plugins\PictureAnimation.js,14,.js,utf-8-sig,"cjk,kana",rpgmaker_plugin_js,25,,1,// 1.5.7 2019/04/20 コマンド「PA_SOUND」にて「1」番目のセルを指定したとき、アニメーション開始直後にも演奏されるよう修正
T002752,B0006,D:\Dev\Desenvolvimento\Projetos\TradutorDGames\[Kimochi] RJ01696894,www\js\plugins\PictureAnimation.js,15,.js,utf-8-sig,"cjk,kana",rpgmaker_plugin_js,25,,1,// 1.5.6 2019/03/03 シーン外のピクチャのアニメーションおよび効果音演奏を無効にするよう修正
T002753,B0006,D:\Dev\Desenvolvimento\Projetos\TradutorDGames\[Kimochi] RJ01696894,www\js\plugins\PictureAnimation.js,16,.js,utf-8-sig,"cjk,kana",rpgmaker_plugin_js,25,,1,// 1.5.5 2019/02/13 コマンド「PA_SET_CELL」において0番(最初のセル)に対する指定が機能しない問題を修正
T002754,B0006,D:\Dev\Desenvolvimento\Projetos\TradutorDGames\[Kimochi] RJ01696894,www\js\plugins\PictureAnimation.js,17,.js,utf-8-sig,"cjk,kana",rpgmaker_plugin_js,25,,1,// 1.5.4 2019/02/09 1.5.3の修正によりセルパターンを指定しないでアニメ再生するとエラーになる問題を修正
T002755,B0006,D:\Dev\Desenvolvimento\Projetos\TradutorDGames\[Kimochi] RJ01696894,www\js\plugins\PictureAnimation.js,18,.js,utf-8-sig,"cjk,kana",rpgmaker_plugin_js,25,,1,// 1.5.3 2019/02/27 セルパターンの直接指定でアニメ再生する際、最初のセルが必ず1番になってしまう現象を修正
T002756,B0006,D:\Dev\Desenvolvimento\Projetos\TradutorDGames\[Kimochi] RJ01696894,www\js\plugins\PictureAnimation.js,19,.js,utf-8-sig,"cjk,kana",rpgmaker_plugin_js,25,,1,// 1.5.2 2018/03/04 縦及び横でアニメーションピクチャを表示した後、同じ番号でピクチャの表示をすると正常に表示されない場合がある不具合を修正
T002757,B0006,D:\Dev\Desenvolvimento\Projetos\TradutorDGames\[Kimochi] RJ01696894,www\js\plugins\PictureAnimation.js,20,.js,utf-8-sig,"cjk,kana",rpgmaker_plugin_js,25,,1,// 1.5.1 2017/08/22 アニメーション再生中に、セル数が少ない別のアニメーションに切り替えたときにエラーが発生する場合がある現象を修正
T002758,B0006,D:\Dev\Desenvolvimento\Projetos\TradutorDGames\[Kimochi] RJ01696894,www\js\plugins\PictureAnimation.js,21,.js,utf-8-sig,"cjk,kana",rpgmaker_plugin_js,25,,1,// 1.5.0 2017/07/03 ループしないアニメーションの終了後に最初のセルに戻るかどうかを選択できる機能を追加
T002759,B0006,D:\Dev\Desenvolvimento\Projetos\TradutorDGames\[Kimochi] RJ01696894,www\js\plugins\PictureAnimation.js,22,.js,utf-8-sig,"cjk,kana",rpgmaker_plugin_js,25,,1,// 1.4.0 2016/09/03 アニメーションに合わせて指定したSEを演奏する機能を追加
T002760,B0006,D:\Dev\Desenvolvimento\Projetos\TradutorDGames\[Kimochi] RJ01696894,www\js\plugins\PictureAnimation.js,23,.js,utf-8-sig,"cjk,kana",rpgmaker_plugin_js,25,,1,// 1.3.2 2016/05/11 クロスフェードを指定していた場合に2回目のアニメ表示でエラーになる場合がある問題を修正
T002761,B0006,D:\Dev\Desenvolvimento\Projetos\TradutorDGames\[Kimochi] RJ01696894,www\js\plugins\PictureAnimation.js,24,.js,utf-8-sig,"cjk,kana",rpgmaker_plugin_js,25,,1,// 1.3.1 2016/03/15 ピクチャ上に戦闘アニメを表示するプラグイン「PictureOnAnimation」との競合を解消
T002762,B0006,D:\Dev\Desenvolvimento\Projetos\TradutorDGames\[Kimochi] RJ01696894,www\js\plugins\PictureAnimation.js,25,.js,utf-8-sig,"cjk,kana",rpgmaker_plugin_js,25,,1,//                  原点を中央したピクチャにクロスフェードを行うと表示位置がずれる問題を修正
T002763,B0006,D:\Dev\Desenvolvimento\Projetos\TradutorDGames\[Kimochi] RJ01696894,www\js\plugins\PictureAnimation.js,26,.js,utf-8-sig,"cjk,kana",rpgmaker_plugin_js,25,,1,// 1.3.0 2016/02/28 セル番号を変数と連動する機能を追加
T002764,B0006,D:\Dev\Desenvolvimento\Projetos\TradutorDGames\[Kimochi] RJ01696894,www\js\plugins\PictureAnimation.js,27,.js,utf-8-sig,"cjk,kana",rpgmaker_plugin_js,25,,1,//                  処理の負荷を少し軽減
T002765,B0006,D:\Dev\Desenvolvimento\Projetos\TradutorDGames\[Kimochi] RJ01696894,www\js\plugins\PictureAnimation.js,28,.js,utf-8-sig,"cjk,kana",rpgmaker_plugin_js,25,,1,// 1.2.3 2016/02/07 戦闘画面でもピクチャのアニメーションができるように修正
T002766,B0006,D:\Dev\Desenvolvimento\Projetos\TradutorDGames\[Kimochi] RJ01696894,www\js\plugins\PictureAnimation.js,29,.js,utf-8-sig,"cjk,kana",rpgmaker_plugin_js,25,,1,// 1.2.2 2016/01/24 空のピクチャを表示しようとした際にエラーが発生する現象を修正
T002767,B0006,D:\Dev\Desenvolvimento\Projetos\TradutorDGames\[Kimochi] RJ01696894,www\js\plugins\PictureAnimation.js,30,.js,utf-8-sig,"cjk,kana",rpgmaker_plugin_js,25,,1,// 1.2.1 2016/01/16 同じ画像を指定してピクチャ表示→アニメーション準備→ピクチャ表示の順で実行した
T002768,B0006,D:\Dev\Desenvolvimento\Projetos\TradutorDGames\[Kimochi] RJ01696894,www\js\plugins\PictureAnimation.js,31,.js,utf-8-sig,"cjk,kana",rpgmaker_plugin_js,25,,1,//                  場合にエラーが発生する現象の修正
T002769,B0006,D:\Dev\Desenvolvimento\Projetos\TradutorDGames\[Kimochi] RJ01696894,www\js\plugins\PictureAnimation.js,32,.js,utf-8-sig,"cjk,kana",rpgmaker_plugin_js,25,,1,// 1.2.0 2016/01/04 セルのパターンを自由に指定できる機能を追加
T002770,B0006,D:\Dev\Desenvolvimento\Projetos\TradutorDGames\[Kimochi] RJ01696894,www\js\plugins\PictureAnimation.js,33,.js,utf-8-sig,"cjk,kana",rpgmaker_plugin_js,25,,1,//                  セルの最大数を100から200に拡大
T002771,B0006,D:\Dev\Desenvolvimento\Projetos\TradutorDGames\[Kimochi] RJ01696894,www\js\plugins\PictureAnimation.js,34,.js,utf-8-sig,"cjk,kana",rpgmaker_plugin_js,25,,1,// 1.1.2 2015/12/24 クロスフェードによる画像切替に対応しました
T002772,B0006,D:\Dev\Desenvolvimento\Projetos\TradutorDGames\[Kimochi] RJ01696894,www\js\plugins\PictureAnimation.js,35,.js,utf-8-sig,"cjk,kana",rpgmaker_plugin_js,25,,1,// 1.1.1 2015/12/21 ピクチャのファイル名を連番方式で指定できる機能を追加
T002773,B0006,D:\Dev\Desenvolvimento\Projetos\TradutorDGames\[Kimochi] RJ01696894,www\js\plugins\PictureAnimation.js,36,.js,utf-8-sig,"cjk,kana",rpgmaker_plugin_js,25,,1,//                  アニメーションの強制終了の機能を追加
T002774,B0006,D:\Dev\Desenvolvimento\Projetos\TradutorDGames\[Kimochi] RJ01696894,www\js\plugins\PictureAnimation.js,37,.js,utf-8-sig,cjk,rpgmaker_plugin_js,25,,1,// 1.0.0 2015/12/19 初版
T002775,B0006,D:\Dev\Desenvolvimento\Projetos\TradutorDGames\[Kimochi] RJ01696894,www\js\plugins\PictureAnimation.js,54,.js,utf-8-sig,"cjk,kana",rpgmaker_plugin_js,25,,1,* アニメーションしたいセル画像（※）を用意の上
T002776,B0006,D:\Dev\Desenvolvimento\Projetos\TradutorDGames\[Kimochi] RJ01696894,www\js\plugins\PictureAnimation.js,55,.js,utf-8-sig,"cjk,kana",rpgmaker_plugin_js,25,,1,* 以下のコマンドを入力してください。
T002777,B0006,D:\Dev\Desenvolvimento\Projetos\TradutorDGames\[Kimochi] RJ01696894,www\js\plugins\PictureAnimation.js,57,.js,utf-8-sig,"cjk,kana",rpgmaker_plugin_js,25,,1,* 1. ピクチャのアニメーション準備（プラグインコマンド）
T002778,B0006,D:\Dev\Desenvolvimento\Projetos\TradutorDGames\[Kimochi] RJ01696894,www\js\plugins\PictureAnimation.js,58,.js,utf-8-sig,"cjk,kana",rpgmaker_plugin_js,25,,1,* 2. ピクチャの表示（通常のイベントコマンド）
T002779,B0006,D:\Dev\Desenvolvimento\Projetos\TradutorDGames\[Kimochi] RJ01696894,www\js\plugins\PictureAnimation.js,59,.js,utf-8-sig,"cjk,kana",rpgmaker_plugin_js,25,,1,* 3. ピクチャのアニメーション開始（プラグインコマンド）
T002780,B0006,D:\Dev\Desenvolvimento\Projetos\TradutorDGames\[Kimochi] RJ01696894,www\js\plugins\PictureAnimation.js,60,.js,utf-8-sig,"cjk,kana",rpgmaker_plugin_js,25,,1,* 4. ピクチャのアニメーション終了（プラグインコマンド）
T002781,B0006,D:\Dev\Desenvolvimento\Projetos\TradutorDGames\[Kimochi] RJ01696894,www\js\plugins\PictureAnimation.js,62,.js,utf-8-sig,"cjk,kana",rpgmaker_plugin_js,25,,1,* ※配置方法は以下の3通りがあります。
T002782,B0006,D:\Dev\Desenvolvimento\Projetos\TradutorDGames\[Kimochi] RJ01696894,www\js\plugins\PictureAnimation.js,63,.js,utf-8-sig,"cjk,kana",rpgmaker_plugin_js,25,,1,*  縦　：セルを縦に並べて全体を一つのファイルにします。
T002783,B0006,D:\Dev\Desenvolvimento\Projetos\TradutorDGames\[Kimochi] RJ01696894,www\js\plugins\PictureAnimation.js,64,.js,utf-8-sig,"cjk,kana",rpgmaker_plugin_js,25,,1,*  横　：セルを横に並べて全体を一つのファイルにします。
T002784,B0006,D:\Dev\Desenvolvimento\Projetos\TradutorDGames\[Kimochi] RJ01696894,www\js\plugins\PictureAnimation.js,65,.js,utf-8-sig,"cjk,kana",rpgmaker_plugin_js,25,,1,*  連番：連番のセル画像を複数用意します。(original部分は任意の文字列)
T002785,B0006,D:\Dev\Desenvolvimento\Projetos\TradutorDGames\[Kimochi] RJ01696894,www\js\plugins\PictureAnimation.js,66,.js,utf-8-sig,"cjk,kana",rpgmaker_plugin_js,25,,1,*   original00.png(ピクチャの表示で指定するオリジナルファイル)
T002786,B0006,D:\Dev\Desenvolvimento\Projetos\TradutorDGames\[Kimochi] RJ01696894,www\js\plugins\PictureAnimation.js,70,.js,utf-8-sig,"cjk,kana",rpgmaker_plugin_js,25,,1,* 要注意！　配置方法の連番を使う場合、デプロイメント時に
T002787,B0006,D:\Dev\Desenvolvimento\Projetos\TradutorDGames\[Kimochi] RJ01696894,www\js\plugins\PictureAnimation.js,71,.js,utf-8-sig,"cjk,kana",rpgmaker_plugin_js,25,,1,* 未使用ファイルとして除外される可能性があります。
T002788,B0006,D:\Dev\Desenvolvimento\Projetos\TradutorDGames\[Kimochi] RJ01696894,www\js\plugins\PictureAnimation.js,72,.js,utf-8-sig,"cjk,kana",rpgmaker_plugin_js,25,,1,* その場合、削除されたファイルを入れ直す等の対応が必要です。
T002789,B0006,D:\Dev\Desenvolvimento\Projetos\TradutorDGames\[Kimochi] RJ01696894,www\js\plugins\PictureAnimation.js,74,.js,utf-8-sig,"cjk,kana",rpgmaker_plugin_js,25,,1,* また、単にアニメーションさせる以外にも、プラグインコマンドから
T002790,B0006,D:\Dev\Desenvolvimento\Projetos\TradutorDGames\[Kimochi] RJ01696894,www\js\plugins\PictureAnimation.js,75,.js,utf-8-sig,"cjk,kana",rpgmaker_plugin_js,25,,1,* セル番号を直接指定したり、変数の値とセル番号を連動させたりできます。
T002791,B0006,D:\Dev\Desenvolvimento\Projetos\TradutorDGames\[Kimochi] RJ01696894,www\js\plugins\PictureAnimation.js,76,.js,utf-8-sig,"cjk,kana",rpgmaker_plugin_js,25,,1,* 紙芝居のような演出や、条件次第で立ち絵の表示状態を変化させたりする場合に
T002792,B0006,D:\Dev\Desenvolvimento\Projetos\TradutorDGames\[Kimochi] RJ01696894,www\js\plugins\PictureAnimation.js,77,.js,utf-8-sig,"cjk,kana",rpgmaker_plugin_js,25,,1,* 有効です。
T002793,B0006,D:\Dev\Desenvolvimento\Projetos\TradutorDGames\[Kimochi] RJ01696894,www\js\plugins\PictureAnimation.js,79,.js,utf-8-sig,"cjk,kana",rpgmaker_plugin_js,25,,1,* プラグインコマンド詳細
T002794,B0006,D:\Dev\Desenvolvimento\Projetos\TradutorDGames\[Kimochi] RJ01696894,www\js\plugins\PictureAnimation.js,80,.js,utf-8-sig,"cjk,kana",rpgmaker_plugin_js,25,,1,*  イベントコマンド「プラグインコマンド」から実行。
T002795,B0006,D:\Dev\Desenvolvimento\Projetos\TradutorDGames\[Kimochi] RJ01696894,www\js\plugins\PictureAnimation.js,81,.js,utf-8-sig,"cjk,kana",rpgmaker_plugin_js,25,,1,*  （パラメータの間は半角スペースで区切る）
T002796,B0006,D:\Dev\Desenvolvimento\Projetos\TradutorDGames\[Kimochi] RJ01696894,www\js\plugins\PictureAnimation.js,84,.js,utf-8-sig,"cjk,kana",rpgmaker_plugin_js,25,,1,*  ピクチャのアニメーション準備 [セル数] [フレーム数] [セル配置方法] [フェード時間]
T002797,B0006,D:\Dev\Desenvolvimento\Projetos\TradutorDGames\[Kimochi] RJ01696894,www\js\plugins\PictureAnimation.js,85,.js,utf-8-sig,"cjk,kana",rpgmaker_plugin_js,25,,1,*  　ピクチャをアニメーション対象にする準備をします。
T002798,B0006,D:\Dev\Desenvolvimento\Projetos\TradutorDGames\[Kimochi] RJ01696894,www\js\plugins\PictureAnimation.js,86,.js,utf-8-sig,"cjk,kana",rpgmaker_plugin_js,25,,1,*  　「ピクチャの表示」の直前に実行してください。
T002799,B0006,D:\Dev\Desenvolvimento\Projetos\TradutorDGames\[Kimochi] RJ01696894,www\js\plugins\PictureAnimation.js,87,.js,utf-8-sig,"cjk,kana",rpgmaker_plugin_js,25,,1,*  　セル数　　　：アニメーションするセル画の数（最大200枚）
T002800,B0006,D:\Dev\Desenvolvimento\Projetos\TradutorDGames\[Kimochi] RJ01696894,www\js\plugins\PictureAnimation.js,88,.js,utf-8-sig,"cjk,kana",rpgmaker_plugin_js,25,,1,*  　フレーム数　：アニメーション間隔のフレーム数（最低でも1を設定）
T002801,B0006,D:\Dev\Desenvolvimento\Projetos\TradutorDGames\[Kimochi] RJ01696894,www\js\plugins\PictureAnimation.js,89,.js,utf-8-sig,"cjk,kana",rpgmaker_plugin_js,25,,1,*  　セル配置方向：セルの配置（縦 or 横 or 連番）
T002802,B0006,D:\Dev\Desenvolvimento\Projetos\TradutorDGames\[Kimochi] RJ01696894,www\js\plugins\PictureAnimation.js,90,.js,utf-8-sig,"cjk,kana",rpgmaker_plugin_js,25,,1,*  　フェード時間：画像切替に掛かるフレーム数（0にするとフェードしない）
T002803,B0006,D:\Dev\Desenvolvimento\Projetos\TradutorDGames\[Kimochi] RJ01696894,www\js\plugins\PictureAnimation.js,91,.js,utf-8-sig,cjk,rpgmaker_plugin_js,25,,1,*  使用例：PA_INIT 4 10 連番 20
T002804,B0006,D:\Dev\Desenvolvimento\Projetos\TradutorDGames\[Kimochi] RJ01696894,www\js\plugins\PictureAnimation.js,94,.js,utf-8-sig,"cjk,kana",rpgmaker_plugin_js,25,,1,*  ピクチャのアニメーション開始 [ピクチャ番号] [アニメーションタイプ] [カスタムパターン配列]
T002805,B0006,D:\Dev\Desenvolvimento\Projetos\TradutorDGames\[Kimochi] RJ01696894,www\js\plugins\PictureAnimation.js,95,.js,utf-8-sig,"cjk,kana",rpgmaker_plugin_js,25,,1,*  　指定したピクチャ番号のピクチャをアニメーションを開始します。
T002806,B0006,D:\Dev\Desenvolvimento\Projetos\TradutorDGames\[Kimochi] RJ01696894,www\js\plugins\PictureAnimation.js,96,.js,utf-8-sig,"cjk,kana",rpgmaker_plugin_js,25,,1,*  　一周するとアニメーションは自動で止まります。
T002807,B0006,D:\Dev\Desenvolvimento\Projetos\TradutorDGames\[Kimochi] RJ01696894,www\js\plugins\PictureAnimation.js,98,.js,utf-8-sig,"cjk,kana",rpgmaker_plugin_js,25,,1,*  　アニメーションのタイプは以下の3パターンがあります。
T002808,B0006,D:\Dev\Desenvolvimento\Projetos\TradutorDGames\[Kimochi] RJ01696894,www\js\plugins\PictureAnimation.js,99,.js,utf-8-sig,"cjk,kana",rpgmaker_plugin_js,25,,1,*  　　例：セル数が 4 の場合
T002809,B0006,D:\Dev\Desenvolvimento\Projetos\TradutorDGames\[Kimochi] RJ01696894,www\js\plugins\PictureAnimation.js,100,.js,utf-8-sig,kana,rpgmaker_plugin_js,25,,1,*  　　　タイプ1: 1→2→3→4→1→2→3→4...
T002810,B0006,D:\Dev\Desenvolvimento\Projetos\TradutorDGames\[Kimochi] RJ01696894,www\js\plugins\PictureAnimation.js,101,.js,utf-8-sig,kana,rpgmaker_plugin_js,25,,1,*  　　　タイプ2: 1→2→3→4→3→2→1→2...
T002811,B0006,D:\Dev\Desenvolvimento\Projetos\TradutorDGames\[Kimochi] RJ01696894,www\js\plugins\PictureAnimation.js,102,.js,utf-8-sig,"cjk,kana",rpgmaker_plugin_js,25,,1,*  　　　タイプ3: 好きな順番を配列で指定（セルの最小値は 1 です）
T002812,B0006,D:\Dev\Desenvolvimento\Projetos\TradutorDGames\[Kimochi] RJ01696894,www\js\plugins\PictureAnimation.js,103,.js,utf-8-sig,cjk,rpgmaker_plugin_js,25,,1,*  使用例：PA_START 1 2
T002813,B0006,D:\Dev\Desenvolvimento\Projetos\TradutorDGames\[Kimochi] RJ01696894,www\js\plugins\PictureAnimation.js,107,.js,utf-8-sig,"cjk,kana",rpgmaker_plugin_js,25,,1,*  ピクチャのループアニメーション開始 [ピクチャ番号] [アニメーションタイプ] [カスタムパターン配列]
T002814,B0006,D:\Dev\Desenvolvimento\Projetos\TradutorDGames\[Kimochi] RJ01696894,www\js\plugins\PictureAnimation.js,108,.js,utf-8-sig,"cjk,kana",rpgmaker_plugin_js,25,,1,*  　指定したピクチャ番号のピクチャをアニメーションを開始します。
T002815,B0006,D:\Dev\Desenvolvimento\Projetos\TradutorDGames\[Kimochi] RJ01696894,www\js\plugins\PictureAnimation.js,109,.js,utf-8-sig,"cjk,kana",rpgmaker_plugin_js,25,,1,*  　明示的に終了するまでアニメーションが続きます。
T002816,B0006,D:\Dev\Desenvolvimento\Projetos\TradutorDGames\[Kimochi] RJ01696894,www\js\plugins\PictureAnimation.js,110,.js,utf-8-sig,cjk,rpgmaker_plugin_js,25,,1,*  使用例：PA_START_LOOP 1 2
T002817,B0006,D:\Dev\Desenvolvimento\Projetos\TradutorDGames\[Kimochi] RJ01696894,www\js\plugins\PictureAnimation.js,114,.js,utf-8-sig,"cjk,kana",rpgmaker_plugin_js,25,,1,*  ピクチャのアニメーション終了 [ピクチャ番号]
T002818,B0006,D:\Dev\Desenvolvimento\Projetos\TradutorDGames\[Kimochi] RJ01696894,www\js\plugins\PictureAnimation.js,115,.js,utf-8-sig,"cjk,kana",rpgmaker_plugin_js,25,,1,*  　指定したピクチャ番号のピクチャをアニメーションを終了します。
T002819,B0006,D:\Dev\Desenvolvimento\Projetos\TradutorDGames\[Kimochi] RJ01696894,www\js\plugins\PictureAnimation.js,116,.js,utf-8-sig,"cjk,kana",rpgmaker_plugin_js,25,,1,*  　一番上のセルに戻った時点でアニメーションが止まります。
T002820,B0006,D:\Dev\Desenvolvimento\Projetos\TradutorDGames\[Kimochi] RJ01696894,www\js\plugins\PictureAnimation.js,117,.js,utf-8-sig,cjk,rpgmaker_plugin_js,25,,1,*  使用例：PA_STOP 1
T002821,B0006,D:\Dev\Desenvolvimento\Projetos\TradutorDGames\[Kimochi] RJ01696894,www\js\plugins\PictureAnimation.js,120,.js,utf-8-sig,"cjk,kana",rpgmaker_plugin_js,25,,1,*  ピクチャのアニメーション強制終了 [ピクチャ番号]
T002822,B0006,D:\Dev\Desenvolvimento\Projetos\TradutorDGames\[Kimochi] RJ01696894,www\js\plugins\PictureAnimation.js,121,.js,utf-8-sig,"cjk,kana",rpgmaker_plugin_js,25,,1,*  　指定したピクチャ番号のピクチャをアニメーションを終了します。
T002823,B0006,D:\Dev\Desenvolvimento\Projetos\TradutorDGames\[Kimochi] RJ01696894,www\js\plugins\PictureAnimation.js,122,.js,utf-8-sig,"cjk,kana",rpgmaker_plugin_js,25,,1,*  　現在表示しているセルでアニメーションが止まります。
T002824,B0006,D:\Dev\Desenvolvimento\Projetos\TradutorDGames\[Kimochi] RJ01696894,www\js\plugins\PictureAnimation.js,123,.js,utf-8-sig,cjk,rpgmaker_plugin_js,25,,1,*  使用例：PA_STOP_FORCE 1
T002825,B0006,D:\Dev\Desenvolvimento\Projetos\TradutorDGames\[Kimochi] RJ01696894,www\js\plugins\PictureAnimation.js,126,.js,utf-8-sig,"cjk,kana",rpgmaker_plugin_js,25,,1,*  ピクチャのアニメーションセル設定 [ピクチャ番号] [セル番号] [ウェイトあり]
T002826,B0006,D:\Dev\Desenvolvimento\Projetos\TradutorDGames\[Kimochi] RJ01696894,www\js\plugins\PictureAnimation.js,127,.js,utf-8-sig,"cjk,kana",rpgmaker_plugin_js,25,,1,*  　アニメーションのセルを直接設定します。（セルの最小値は 1 です）
T002827,B0006,D:\Dev\Desenvolvimento\Projetos\TradutorDGames\[Kimochi] RJ01696894,www\js\plugins\PictureAnimation.js,128,.js,utf-8-sig,"cjk,kana",rpgmaker_plugin_js,25,,1,*  　任意のタイミングでアニメーションしたい場合に有効です。
T002828,B0006,D:\Dev\Desenvolvimento\Projetos\TradutorDGames\[Kimochi] RJ01696894,www\js\plugins\PictureAnimation.js,129,.js,utf-8-sig,"cjk,kana",rpgmaker_plugin_js,25,,1,*  　ウェイトありを設定すると、クロスフェード中はイベントの実行を待機します。
T002829,B0006,D:\Dev\Desenvolvimento\Projetos\TradutorDGames\[Kimochi] RJ01696894,www\js\plugins\PictureAnimation.js,130,.js,utf-8-sig,"cjk,kana",rpgmaker_plugin_js,25,,1,*  使用例：PA_SET_CELL 1 3 ウェイトあり
T002830,B0006,D:\Dev\Desenvolvimento\Projetos\TradutorDGames\[Kimochi] RJ01696894,www\js\plugins\PictureAnimation.js,133,.js,utf-8-sig,"cjk,kana",rpgmaker_plugin_js,25,,1,*  ピクチャのアニメーションセル進行 [ピクチャ番号] [ウェイトあり]
T002831,B0006,D:\Dev\Desenvolvimento\Projetos\TradutorDGames\[Kimochi] RJ01696894,www\js\plugins\PictureAnimation.js,134,.js,utf-8-sig,"cjk,kana",rpgmaker_plugin_js,25,,1,*  　アニメーションのセルをひとつ先に進めます。
T002832,B0006,D:\Dev\Desenvolvimento\Projetos\TradutorDGames\[Kimochi] RJ01696894,www\js\plugins\PictureAnimation.js,135,.js,utf-8-sig,"cjk,kana",rpgmaker_plugin_js,25,,1,*  　任意のタイミングでアニメーションしたい場合に有効です。
T002833,B0006,D:\Dev\Desenvolvimento\Projetos\TradutorDGames\[Kimochi] RJ01696894,www\js\plugins\PictureAnimation.js,136,.js,utf-8-sig,"cjk,kana",rpgmaker_plugin_js,25,,1,*  　ウェイトありを設定すると、クロスフェード中はイベントの実行を待機します。
T002834,B0006,D:\Dev\Desenvolvimento\Projetos\TradutorDGames\[Kimochi] RJ01696894,www\js\plugins\PictureAnimation.js,137,.js,utf-8-sig,"cjk,kana",rpgmaker_plugin_js,25,,1,*  使用例：PA_PROG_CELL 1 ウェイトあり
T002835,B0006,D:\Dev\Desenvolvimento\Projetos\TradutorDGames\[Kimochi] RJ01696894,www\js\plugins\PictureAnimation.js,140,.js,utf-8-sig,"cjk,kana",rpgmaker_plugin_js,25,,1,*  ピクチャのアニメーションセル変数の設定 [ピクチャ番号] [変数番号]
T002836,B0006,D:\Dev\Desenvolvimento\Projetos\TradutorDGames\[Kimochi] RJ01696894,www\js\plugins\PictureAnimation.js,141,.js,utf-8-sig,"cjk,kana",rpgmaker_plugin_js,25,,1,*  　アニメーションのセルを指定した変数と連動させます。
T002837,B0006,D:\Dev\Desenvolvimento\Projetos\TradutorDGames\[Kimochi] RJ01696894,www\js\plugins\PictureAnimation.js,142,.js,utf-8-sig,"cjk,kana",rpgmaker_plugin_js,25,,1,*  　変数の値が変化すると表示しているセルも自動的に変化します。
T002838,B0006,D:\Dev\Desenvolvimento\Projetos\TradutorDGames\[Kimochi] RJ01696894,www\js\plugins\PictureAnimation.js,143,.js,utf-8-sig,cjk,rpgmaker_plugin_js,25,,1,*  使用例：PA_SET_VARIABLE 1 2
T002839,B0006,D:\Dev\Desenvolvimento\Projetos\TradutorDGames\[Kimochi] RJ01696894,www\js\plugins\PictureAnimation.js,146,.js,utf-8-sig,"cjk,kana",rpgmaker_plugin_js,25,,1,*  ピクチャのアニメーション効果音予約 [セル番号]
T002840,B0006,D:\Dev\Desenvolvimento\Projetos\TradutorDGames\[Kimochi] RJ01696894,www\js\plugins\PictureAnimation.js,147,.js,utf-8-sig,"cjk,kana",rpgmaker_plugin_js,25,,1,*  　アニメーションのセルが切り替わったタイミングで効果音を演奏します。
T002841,B0006,D:\Dev\Desenvolvimento\Projetos\TradutorDGames\[Kimochi] RJ01696894,www\js\plugins\PictureAnimation.js,148,.js,utf-8-sig,"cjk,kana",rpgmaker_plugin_js,25,,1,*  　このコマンドの直後にイベントコマンド「SEの演奏」を実行すると
T002842,B0006,D:\Dev\Desenvolvimento\Projetos\TradutorDGames\[Kimochi] RJ01696894,www\js\plugins\PictureAnimation.js,149,.js,utf-8-sig,"cjk,kana",rpgmaker_plugin_js,25,,1,*  　その場でSEは演奏されず、ピクチャのアニメーション開始後に指定のタイミングで
T002843,B0006,D:\Dev\Desenvolvimento\Projetos\TradutorDGames\[Kimochi] RJ01696894,www\js\plugins\PictureAnimation.js,150,.js,utf-8-sig,"cjk,kana",rpgmaker_plugin_js,25,,1,*  　演奏されるようになります。
T002844,B0006,D:\Dev\Desenvolvimento\Projetos\TradutorDGames\[Kimochi] RJ01696894,www\js\plugins\PictureAnimation.js,151,.js,utf-8-sig,"cjk,kana",rpgmaker_plugin_js,25,,1,*  　必ずピクチャのアニメーション開始前に実行してください。
T002845,B0006,D:\Dev\Desenvolvimento\Projetos\TradutorDGames\[Kimochi] RJ01696894,www\js\plugins\PictureAnimation.js,154,.js,utf-8-sig,"cjk,kana",rpgmaker_plugin_js,25,,1,*  ピクチャのアニメーションウェイト [ピクチャ番号]
T002846,B0006,D:\Dev\Desenvolvimento\Projetos\TradutorDGames\[Kimochi] RJ01696894,www\js\plugins\PictureAnimation.js,155,.js,utf-8-sig,"cjk,kana",rpgmaker_plugin_js,25,,1,* 　　指定したピクチャ番号のアニメーション再生が終了するまでウェイトします。
T002847,B0006,D:\Dev\Desenvolvimento\Projetos\TradutorDGames\[Kimochi] RJ01696894,www\js\plugins\PictureAnimation.js,157,.js,utf-8-sig,"cjk,kana",rpgmaker_plugin_js,25,,1,* スクリプト詳細
T002848,B0006,D:\Dev\Desenvolvimento\Projetos\TradutorDGames\[Kimochi] RJ01696894,www\js\plugins\PictureAnimation.js,159,.js,utf-8-sig,"cjk,kana",rpgmaker_plugin_js,25,,1,* アニメーション中のピクチャに対して現在のセル番号を取得します。
T002849,B0006,D:\Dev\Desenvolvimento\Projetos\TradutorDGames\[Kimochi] RJ01696894,www\js\plugins\PictureAnimation.js,160,.js,utf-8-sig,"cjk,kana",rpgmaker_plugin_js,25,,1,* イベントコマンド「変数の操作」や「条件分岐」で使用できます。
T002850,B0006,D:\Dev\Desenvolvimento\Projetos\TradutorDGames\[Kimochi] RJ01696894,www\js\plugins\PictureAnimation.js,161,.js,utf-8-sig,"cjk,kana",rpgmaker_plugin_js,25,,1,* ピクチャを表示していないときに実行するとエラーになります。
T002851,B0006,D:\Dev\Desenvolvimento\Projetos\TradutorDGames\[Kimochi] RJ01696894,www\js\plugins\PictureAnimation.js,162,.js,utf-8-sig,"cjk,kana",rpgmaker_plugin_js,25,,1,* $gameScreen.picture(1).cell; // ピクチャ番号[1]のセルを取得
T002852,B0006,D:\Dev\Desenvolvimento\Projetos\TradutorDGames\[Kimochi] RJ01696894,www\js\plugins\PictureAnimation.js,164,.js,utf-8-sig,cjk,rpgmaker_plugin_js,25,,1,* 利用規約：
T002853,B0006,D:\Dev\Desenvolvimento\Projetos\TradutorDGames\[Kimochi] RJ01696894,www\js\plugins\PictureAnimation.js,165,.js,utf-8-sig,"cjk,kana",rpgmaker_plugin_js,25,,1,*  作者に無断で改変、再配布が可能で、利用形態（商用、18禁利用等）
T002854,B0006,D:\Dev\Desenvolvimento\Projetos\TradutorDGames\[Kimochi] RJ01696894,www\js\plugins\PictureAnimation.js,166,.js,utf-8-sig,"cjk,kana",rpgmaker_plugin_js,25,,1,*  についても制限はありません。
T002855,B0006,D:\Dev\Desenvolvimento\Projetos\TradutorDGames\[Kimochi] RJ01696894,www\js\plugins\PictureAnimation.js,167,.js,utf-8-sig,kana,rpgmaker_plugin_js,25,,1,*  このプラグインはもうあなたのものです。
T002856,B0006,D:\Dev\Desenvolvimento\Projetos\TradutorDGames\[Kimochi] RJ01696894,www\js\plugins\PictureAnimation.js,174,.js,utf-8-sig,"cjk,kana",rpgmaker_plugin_js,25,,1,/* maxCellAnimation:セル数の最大値 */
T002857,B0006,D:\Dev\Desenvolvimento\Projetos\TradutorDGames\[Kimochi] RJ01696894,www\js\plugins\PictureAnimation.js,193,.js,utf-8-sig,"cjk,kana",rpgmaker_plugin_js,25,,1,// ローカル関数
T002858,B0006,D:\Dev\Desenvolvimento\Projetos\TradutorDGames\[Kimochi] RJ01696894,www\js\plugins\PictureAnimation.js,194,.js,utf-8-sig,"cjk,kana",rpgmaker_plugin_js,25,,1,//  プラグインパラメータやプラグインコマンドパラメータの整形やチェックをします
T002859,B0006,D:\Dev\Desenvolvimento\Projetos\TradutorDGames\[Kimochi] RJ01696894,www\js\plugins\PictureAnimation.js,234,.js,utf-8-sig,"cjk,kana",rpgmaker_plugin_js,25,,1,// パラメータの取得と整形
T002860,B0006,D:\Dev\Desenvolvimento\Projetos\TradutorDGames\[Kimochi] RJ01696894,www\js\plugins\PictureAnimation.js,237,.js,utf-8-sig,"cjk,kana",rpgmaker_plugin_js,25,,1,最初のセルに戻る
T002861,B0006,D:\Dev\Desenvolvimento\Projetos\TradutorDGames\[Kimochi] RJ01696894,www\js\plugins\PictureAnimation.js,241,.js,utf-8-sig,"cjk,kana",rpgmaker_plugin_js,25,,1,//  プラグインコマンドを追加定義します。
T002862,B0006,D:\Dev\Desenvolvimento\Projetos\TradutorDGames\[Kimochi] RJ01696894,www\js\plugins\PictureAnimation.js,253,.js,utf-8-sig,"cjk,kana",rpgmaker_plugin_js,25,,1,ピクチャのアニメーション準備
T002863,B0006,D:\Dev\Desenvolvimento\Projetos\TradutorDGames\[Kimochi] RJ01696894,www\js\plugins\PictureAnimation.js,261,.js,utf-8-sig,"cjk,kana",rpgmaker_plugin_js,25,,1,ピクチャのアニメーション効果音予約
T002864,B0006,D:\Dev\Desenvolvimento\Projetos\TradutorDGames\[Kimochi] RJ01696894,www\js\plugins\PictureAnimation.js,266,.js,utf-8-sig,"cjk,kana",rpgmaker_plugin_js,25,,1,ピクチャのアニメーション開始
T002865,B0006,D:\Dev\Desenvolvimento\Projetos\TradutorDGames\[Kimochi] RJ01696894,www\js\plugins\PictureAnimation.js,274,.js,utf-8-sig,"cjk,kana",rpgmaker_plugin_js,25,,1,ピクチャのループアニメーション開始
T002866,B0006,D:\Dev\Desenvolvimento\Projetos\TradutorDGames\[Kimochi] RJ01696894,www\js\plugins\PictureAnimation.js,282,.js,utf-8-sig,"cjk,kana",rpgmaker_plugin_js,25,,1,ピクチャのアニメーション終了
T002867,B0006,D:\Dev\Desenvolvimento\Projetos\TradutorDGames\[Kimochi] RJ01696894,www\js\plugins\PictureAnimation.js,288,.js,utf-8-sig,"cjk,kana",rpgmaker_plugin_js,25,,1,ピクチャのアニメーション強制終了
T002868,B0006,D:\Dev\Desenvolvimento\Projetos\TradutorDGames\[Kimochi] RJ01696894,www\js\plugins\PictureAnimation.js,294,.js,utf-8-sig,"cjk,kana",rpgmaker_plugin_js,25,,1,ピクチャのアニメーションセル設定
T002869,B0006,D:\Dev\Desenvolvimento\Projetos\TradutorDGames\[Kimochi] RJ01696894,www\js\plugins\PictureAnimation.js,300,.js,utf-8-sig,kana,rpgmaker_plugin_js,25,,1,ウェイトあり
T002870,B0006,D:\Dev\Desenvolvimento\Projetos\TradutorDGames\[Kimochi] RJ01696894,www\js\plugins\PictureAnimation.js,305,.js,utf-8-sig,"cjk,kana",rpgmaker_plugin_js,25,,1,ピクチャのアニメーションセル進行
T002871,B0006,D:\Dev\Desenvolvimento\Projetos\TradutorDGames\[Kimochi] RJ01696894,www\js\plugins\PictureAnimation.js,310,.js,utf-8-sig,kana,rpgmaker_plugin_js,25,,1,ウェイトあり
T002872,B0006,D:\Dev\Desenvolvimento\Projetos\TradutorDGames\[Kimochi] RJ01696894,www\js\plugins\PictureAnimation.js,315,.js,utf-8-sig,"cjk,kana",rpgmaker_plugin_js,25,,1,ピクチャのアニメーションセル変数の設定
T002873,B0006,D:\Dev\Desenvolvimento\Projetos\TradutorDGames\[Kimochi] RJ01696894,www\js\plugins\PictureAnimation.js,321,.js,utf-8-sig,kana,rpgmaker_plugin_js,25,,1,ピクチャのアニメーションウェイト
T002874,B0006,D:\Dev\Desenvolvimento\Projetos\TradutorDGames\[Kimochi] RJ01696894,www\js\plugins\PictureAnimation.js,370,.js,utf-8-sig,"cjk,kana",rpgmaker_plugin_js,25,,1,//  アニメーション関連の情報を追加で保持します。
T002875,B0006,D:\Dev\Desenvolvimento\Projetos\TradutorDGames\[Kimochi] RJ01696894,www\js\plugins\PictureAnimation.js,411,.js,utf-8-sig,"cjk,kana",rpgmaker_plugin_js,25,,1,//  アニメーション関連の情報を追加で保持します。
T002876,B0006,D:\Dev\Desenvolvimento\Projetos\TradutorDGames\[Kimochi] RJ01696894,www\js\plugins\PictureAnimation.js,450,.js,utf-8-sig,cjk,rpgmaker_plugin_js,25,,1,連番
T002877,B0006,D:\Dev\Desenvolvimento\Projetos\TradutorDGames\[Kimochi] RJ01696894,www\js\plugins\PictureAnimation.js,600,.js,utf-8-sig,"cjk,kana",rpgmaker_plugin_js,25,,1,//  アニメーション関連の情報を追加で保持します。
T002878,B0006,D:\Dev\Desenvolvimento\Projetos\TradutorDGames\[Kimochi] RJ01696894,www\js\plugins\PictureAnimation.js,653,.js,utf-8-sig,cjk,rpgmaker_plugin_js,25,,1,連番
T002879,B0006,D:\Dev\Desenvolvimento\Projetos\TradutorDGames\[Kimochi] RJ01696894,www\js\plugins\PictureAnimation_NoFastForward.js,4,.js,utf-8-sig,"cjk,kana",rpgmaker_plugin_js,25,,1,// 本プラグインは、トリアコンタン氏作「PictureAnimation.js」の拡張プラグインです。
T002880,B0006,D:\Dev\Desenvolvimento\Projetos\TradutorDGames\[Kimochi] RJ01696894,www\js\plugins\PictureAnimation_NoFastForward.js,14,.js,utf-8-sig,"cjk,kana",rpgmaker_plugin_js,25,,1,// 同一の描画フレーム内では2回目以降の呼び出しをスキップするガード
T002881,B0006,D:\Dev\Desenvolvimento\Projetos\TradutorDGames\[Kimochi] RJ01696894,www\js\plugins\PictureCallCommon.js,9,.js,utf-8-sig,"cjk,kana",rpgmaker_plugin_js,25,,1,// 1.14.5 2023/02/20 ピクチャの紐付けがされていない状態でもマウスオーバー判定が裏で動作してしまう問題を修正
T002882,B0006,D:\Dev\Desenvolvimento\Projetos\TradutorDGames\[Kimochi] RJ01696894,www\js\plugins\PictureCallCommon.js,10,.js,utf-8-sig,"cjk,kana",rpgmaker_plugin_js,25,,1,// 1.14.4 2021/08/22 「並列処理として実行」のパラメータが戦闘画面には適用されない問題を修正
T002883,B0006,D:\Dev\Desenvolvimento\Projetos\TradutorDGames\[Kimochi] RJ01696894,www\js\plugins\PictureCallCommon.js,11,.js,utf-8-sig,"cjk,kana",rpgmaker_plugin_js,25,,1,// 1.14.3 2021/05/01 紐付け解除の際の設定値を変更
T002884,B0006,D:\Dev\Desenvolvimento\Projetos\TradutorDGames\[Kimochi] RJ01696894,www\js\plugins\PictureCallCommon.js,12,.js,utf-8-sig,"cjk,kana",rpgmaker_plugin_js,25,,1,// 1.14.2 2020/06/05 ヘルプのキーバインドにpagedownとpageupを追加
T002885,B0006,D:\Dev\Desenvolvimento\Projetos\TradutorDGames\[Kimochi] RJ01696894,www\js\plugins\PictureCallCommon.js,13,.js,utf-8-sig,"cjk,kana",rpgmaker_plugin_js,25,,1,// 1.14.1 2020/05/16 ヘルプのコマンド部分の紛らわしい記述を修正
T002886,B0006,D:\Dev\Desenvolvimento\Projetos\TradutorDGames\[Kimochi] RJ01696894,www\js\plugins\PictureCallCommon.js,14,.js,utf-8-sig,"cjk,kana",rpgmaker_plugin_js,25,,1,// 1.14.0 2020/05/13 指定したスイッチがONのときのみ「タッチ操作抑制」を有効にできる設定を追加
T002887,B0006,D:\Dev\Desenvolvimento\Projetos\TradutorDGames\[Kimochi] RJ01696894,www\js\plugins\PictureCallCommon.js,15,.js,utf-8-sig,"cjk,kana",rpgmaker_plugin_js,25,,1,// 1.13.1 2020/05/06 マップズームを実行したときの座標の取得計算が間違っていた問題を修正
T002888,B0006,D:\Dev\Desenvolvimento\Projetos\TradutorDGames\[Kimochi] RJ01696894,www\js\plugins\PictureCallCommon.js,16,.js,utf-8-sig,"cjk,kana",rpgmaker_plugin_js,25,,1,// 1.13.0 2019/12/22 ピクチャコモンを並列処理として実行する設定を追加。
T002889,B0006,D:\Dev\Desenvolvimento\Projetos\TradutorDGames\[Kimochi] RJ01696894,www\js\plugins\PictureCallCommon.js,17,.js,utf-8-sig,"cjk,kana",rpgmaker_plugin_js,25,,1,// 1.12.2 2019/03/31 キーバインドで追加でキーを指定した場合に、ボタン名称が小文字でないと反応しない仕様を変更
T002890,B0006,D:\Dev\Desenvolvimento\Projetos\TradutorDGames\[Kimochi] RJ01696894,www\js\plugins\PictureCallCommon.js,18,.js,utf-8-sig,"cjk,kana",rpgmaker_plugin_js,25,,1,// 1.12.1 2019/03/19 コミュニティ版コアスクリプト1.3以降でピクチャコモンから移動ルートの設定を実行するとエラーになっていた問題を修正
T002891,B0006,D:\Dev\Desenvolvimento\Projetos\TradutorDGames\[Kimochi] RJ01696894,www\js\plugins\PictureCallCommon.js,19,.js,utf-8-sig,"cjk,kana",rpgmaker_plugin_js,25,,1,// 1.12.0 2018/11/02 すべてのピクチャタッチを無効にできるスイッチを追加
T002892,B0006,D:\Dev\Desenvolvimento\Projetos\TradutorDGames\[Kimochi] RJ01696894,www\js\plugins\PictureCallCommon.js,20,.js,utf-8-sig,"cjk,kana",rpgmaker_plugin_js,25,,1,// 1.11.0 2018/08/10 なでなで機能に透過設定が正しく適用されない問題を修正
T002893,B0006,D:\Dev\Desenvolvimento\Projetos\TradutorDGames\[Kimochi] RJ01696894,www\js\plugins\PictureCallCommon.js,21,.js,utf-8-sig,"cjk,kana",rpgmaker_plugin_js,25,,1,//                   なでなで機能にもプラグインコマンドから透過設定を変更できる機能を追加
T002894,B0006,D:\Dev\Desenvolvimento\Projetos\TradutorDGames\[Kimochi] RJ01696894,www\js\plugins\PictureCallCommon.js,22,.js,utf-8-sig,"cjk,kana",rpgmaker_plugin_js,25,,1,// 1.10.8 2018/06/16 Boolean型のパラメータが一部正常に取得できていなかった問題を修正
T002895,B0006,D:\Dev\Desenvolvimento\Projetos\TradutorDGames\[Kimochi] RJ01696894,www\js\plugins\PictureCallCommon.js,23,.js,utf-8-sig,"cjk,kana",rpgmaker_plugin_js,25,,1,// 1.10.7 2018/06/01 イベント「戦闘の処理」による戦闘の場合、「戦闘中に常にコモン実行」の機能が使えない問題を修正
T002896,B0006,D:\Dev\Desenvolvimento\Projetos\TradutorDGames\[Kimochi] RJ01696894,www\js\plugins\PictureCallCommon.js,24,.js,utf-8-sig,"cjk,kana",rpgmaker_plugin_js,25,,1,// 1.10.6 2018/04/12 ヘルプの記述を微修正
T002897,B0006,D:\Dev\Desenvolvimento\Projetos\TradutorDGames\[Kimochi] RJ01696894,www\js\plugins\PictureCallCommon.js,25,.js,utf-8-sig,"cjk,kana",rpgmaker_plugin_js,25,,1,// 1.10.5 2017/12/17 コモンイベントを実行するタイプのボタンは、イベント実行中に無効になるよう仕様変更
T002898,B0006,D:\Dev\Desenvolvimento\Projetos\TradutorDGames\[Kimochi] RJ01696894,www\js\plugins\PictureCallCommon.js,26,.js,utf-8-sig,"cjk,kana",rpgmaker_plugin_js,25,,1,// 1.10.4 2017/11/01 ピクチャコモンが呼ばれる瞬間に対象ピクチャが表示されていない場合はイベントを呼ばない仕様に変更
T002899,B0006,D:\Dev\Desenvolvimento\Projetos\TradutorDGames\[Kimochi] RJ01696894,www\js\plugins\PictureCallCommon.js,27,.js,utf-8-sig,"cjk,kana",rpgmaker_plugin_js,25,,1,// 1.10.3 2017/10/28 ピクチャタッチイベントの呼び出し待機中に戦闘に突入すると、戦闘画面表示後に実行されてしまう問題を修正
T002900,B0006,D:\Dev\Desenvolvimento\Projetos\TradutorDGames\[Kimochi] RJ01696894,www\js\plugins\PictureCallCommon.js,28,.js,utf-8-sig,"cjk,kana",rpgmaker_plugin_js,25,,1,// 1.10.2 2017/10/21 戦闘画面に突入する際のエフェクトで、マウスオーバーイベントが予期せず発生する場合がある問題を修正
T002901,B0006,D:\Dev\Desenvolvimento\Projetos\TradutorDGames\[Kimochi] RJ01696894,www\js\plugins\PictureCallCommon.js,29,.js,utf-8-sig,"cjk,kana",rpgmaker_plugin_js,25,,1,// 1.10.1 2017/05/27 動的文字列ピクチャプラグインのウィンドウフレームクリックをピクチャクリックに対応
T002902,B0006,D:\Dev\Desenvolvimento\Projetos\TradutorDGames\[Kimochi] RJ01696894,www\js\plugins\PictureCallCommon.js,30,.js,utf-8-sig,"cjk,kana",rpgmaker_plugin_js,25,,1,// 1.9.3 2017/05/27 競合の可能性のある記述（Objectクラスへのプロパティ追加）をリファクタリング（by liplyさん）
T002903,B0006,D:\Dev\Desenvolvimento\Projetos\TradutorDGames\[Kimochi] RJ01696894,www\js\plugins\PictureCallCommon.js,31,.js,utf-8-sig,"cjk,kana",rpgmaker_plugin_js,25,,1,// 1.9.2 2017/03/16 1.9.0で戦闘中にコモンイベント実行が正しく動作していなかった問題を修正
T002904,B0006,D:\Dev\Desenvolvimento\Projetos\TradutorDGames\[Kimochi] RJ01696894,www\js\plugins\PictureCallCommon.js,32,.js,utf-8-sig,"cjk,kana",rpgmaker_plugin_js,25,,1,// 1.9.1 2017/03/16 透明色を考慮する場合、不透明度が0のピクチャは一切反応しなくなるように仕様変更
T002905,B0006,D:\Dev\Desenvolvimento\Projetos\TradutorDGames\[Kimochi] RJ01696894,www\js\plugins\PictureCallCommon.js,33,.js,utf-8-sig,"cjk,kana",rpgmaker_plugin_js,25,,1,// 1.9.0 2017/03/13 戦闘中常にピクチャクリックイベントを実行できる機能を追加
T002906,B0006,D:\Dev\Desenvolvimento\Projetos\TradutorDGames\[Kimochi] RJ01696894,www\js\plugins\PictureCallCommon.js,34,.js,utf-8-sig,"cjk,kana",rpgmaker_plugin_js,25,,1,// 1.8.2 2017/02/14 1.8.0の修正により、ピクチャクリック時に変数に値を格納する機能が無効化されていたのを修正
T002907,B0006,D:\Dev\Desenvolvimento\Projetos\TradutorDGames\[Kimochi] RJ01696894,www\js\plugins\PictureCallCommon.js,35,.js,utf-8-sig,"cjk,kana",rpgmaker_plugin_js,25,,1,// 1.8.1 2017/02/07 端末依存の記述を削除
T002908,B0006,D:\Dev\Desenvolvimento\Projetos\TradutorDGames\[Kimochi] RJ01696894,www\js\plugins\PictureCallCommon.js,36,.js,utf-8-sig,"cjk,kana",rpgmaker_plugin_js,25,,1,// 1.8.0 2017/02/03 ピクチャクリックを任意のボタンにバインドできる機能を追加
T002909,B0006,D:\Dev\Desenvolvimento\Projetos\TradutorDGames\[Kimochi] RJ01696894,www\js\plugins\PictureCallCommon.js,37,.js,utf-8-sig,"cjk,kana",rpgmaker_plugin_js,25,,1,// 1.7.0 2017/02/02 マップのズームおよびシェイク中でも正確にピクチャをクリックできるようになりました。
T002910,B0006,D:\Dev\Desenvolvimento\Projetos\TradutorDGames\[Kimochi] RJ01696894,www\js\plugins\PictureCallCommon.js,38,.js,utf-8-sig,"cjk,kana",rpgmaker_plugin_js,25,,1,//                  マウスポインタがピクチャ内にあるかどうかをスクリプトで判定できる機能を追加。
T002911,B0006,D:\Dev\Desenvolvimento\Projetos\TradutorDGames\[Kimochi] RJ01696894,www\js\plugins\PictureCallCommon.js,39,.js,utf-8-sig,"cjk,kana",rpgmaker_plugin_js,25,,1,// 1.6.0 2016/12/29 ピクチャクリックでイベントが発生したらマップタッチを無効化するよう仕様修正
T002912,B0006,D:\Dev\Desenvolvimento\Projetos\TradutorDGames\[Kimochi] RJ01696894,www\js\plugins\PictureCallCommon.js,40,.js,utf-8-sig,"cjk,kana",rpgmaker_plugin_js,25,,1,// 1.5.1 2016/11/20 1.5.0で混入した不要なコードを削除
T002913,B0006,D:\Dev\Desenvolvimento\Projetos\TradutorDGames\[Kimochi] RJ01696894,www\js\plugins\PictureCallCommon.js,41,.js,utf-8-sig,"cjk,kana",rpgmaker_plugin_js,25,,1,// 1.5.0 2016/11/19 ピクチャクリック時にコモンイベントではなくスイッチをONにできる機能を追加
T002914,B0006,D:\Dev\Desenvolvimento\Projetos\TradutorDGames\[Kimochi] RJ01696894,www\js\plugins\PictureCallCommon.js,42,.js,utf-8-sig,"cjk,kana",rpgmaker_plugin_js,25,,1,// 1.4.0 2016/08/20 ピクチャごとに透明色を考慮するかどうかを設定できる機能を追加
T002915,B0006,D:\Dev\Desenvolvimento\Projetos\TradutorDGames\[Kimochi] RJ01696894,www\js\plugins\PictureCallCommon.js,43,.js,utf-8-sig,"cjk,kana",rpgmaker_plugin_js,25,,1,//                  プラグインを適用していないセーブデータをロードした場合に発生するエラーを修正
T002916,B0006,D:\Dev\Desenvolvimento\Projetos\TradutorDGames\[Kimochi] RJ01696894,www\js\plugins\PictureCallCommon.js,44,.js,utf-8-sig,"cjk,kana",rpgmaker_plugin_js,25,,1,// 1.3.5 2016/04/20 リファクタリングによりピクチャの優先順位が逆転していたのをもとに戻した
T002917,B0006,D:\Dev\Desenvolvimento\Projetos\TradutorDGames\[Kimochi] RJ01696894,www\js\plugins\PictureCallCommon.js,45,.js,utf-8-sig,"cjk,kana",rpgmaker_plugin_js,25,,1,// 1.3.4 2016/04/08 ピクチャが隣接する状態でマウスオーバーとマウスアウトが正しく機能しない場合がある問題を修正
T002918,B0006,D:\Dev\Desenvolvimento\Projetos\TradutorDGames\[Kimochi] RJ01696894,www\js\plugins\PictureCallCommon.js,46,.js,utf-8-sig,"cjk,kana",rpgmaker_plugin_js,25,,1,// 1.3.3 2016/03/19 トリガー条件を満たした場合に以後のタッチ処理を抑制するパラメータを追加
T002919,B0006,D:\Dev\Desenvolvimento\Projetos\TradutorDGames\[Kimochi] RJ01696894,www\js\plugins\PictureCallCommon.js,47,.js,utf-8-sig,"cjk,kana",rpgmaker_plugin_js,25,,1,// 1.3.2 2016/02/28 処理の負荷を少し軽減
T002920,B0006,D:\Dev\Desenvolvimento\Projetos\TradutorDGames\[Kimochi] RJ01696894,www\js\plugins\PictureCallCommon.js,48,.js,utf-8-sig,"cjk,kana",rpgmaker_plugin_js,25,,1,// 1.3.1 2016/02/21 トリガーにマウスを押したまま移動を追加
T002921,B0006,D:\Dev\Desenvolvimento\Projetos\TradutorDGames\[Kimochi] RJ01696894,www\js\plugins\PictureCallCommon.js,49,.js,utf-8-sig,"cjk,kana",rpgmaker_plugin_js,25,,1,// 1.3.0 2016/01/24 ピクチャをなでなでする機能を追加
T002922,B0006,D:\Dev\Desenvolvimento\Projetos\TradutorDGames\[Kimochi] RJ01696894,www\js\plugins\PictureCallCommon.js,50,.js,utf-8-sig,"cjk,kana",rpgmaker_plugin_js,25,,1,//                  トリガーにマウスムーブを追加
T002923,B0006,D:\Dev\Desenvolvimento\Projetos\TradutorDGames\[Kimochi] RJ01696894,www\js\plugins\PictureCallCommon.js,51,.js,utf-8-sig,"cjk,kana",rpgmaker_plugin_js,25,,1,//                  ピクチャが回転しているときに正しく位置を補足できるよう修正
T002924,B0006,D:\Dev\Desenvolvimento\Projetos\TradutorDGames\[Kimochi] RJ01696894,www\js\plugins\PictureCallCommon.js,52,.js,utf-8-sig,"cjk,kana",rpgmaker_plugin_js,25,,1,// 1.2.1 2016/01/21 呼び出すコモンイベントの上限を100から1000（DB上の最大値）に修正
T002925,B0006,D:\Dev\Desenvolvimento\Projetos\TradutorDGames\[Kimochi] RJ01696894,www\js\plugins\PictureCallCommon.js,53,.js,utf-8-sig,cjk,rpgmaker_plugin_js,25,,1,//                  競合対策（YEP_MessageCore.js）
T002926,B0006,D:\Dev\Desenvolvimento\Projetos\TradutorDGames\[Kimochi] RJ01696894,www\js\plugins\PictureCallCommon.js,54,.js,utf-8-sig,"cjk,kana",rpgmaker_plugin_js,25,,1,// 1.2.0 2016/01/14 ホイールクリック、ダブルクリックなどトリガーを10種類に拡充
T002927,B0006,D:\Dev\Desenvolvimento\Projetos\TradutorDGames\[Kimochi] RJ01696894,www\js\plugins\PictureCallCommon.js,55,.js,utf-8-sig,cjk,rpgmaker_plugin_js,25,,1,// 1.1.3 2016/01/02 競合対策（TDDP_BindPicturesToMap.js）
T002928,B0006,D:\Dev\Desenvolvimento\Projetos\TradutorDGames\[Kimochi] RJ01696894,www\js\plugins\PictureCallCommon.js,56,.js,utf-8-sig,"cjk,kana",rpgmaker_plugin_js,25,,1,// 1.1.2 2015/12/20 長押しイベント発生時に1秒間のインターバルを設定するよう仕様変更
T002929,B0006,D:\Dev\Desenvolvimento\Projetos\TradutorDGames\[Kimochi] RJ01696894,www\js\plugins\PictureCallCommon.js,57,.js,utf-8-sig,"cjk,kana",rpgmaker_plugin_js,25,,1,// 1.1.1 2015/12/10 ピクチャを消去後にマウスオーバーするとエラーになる現象を修正
T002930,B0006,D:\Dev\Desenvolvimento\Projetos\TradutorDGames\[Kimochi] RJ01696894,www\js\plugins\PictureCallCommon.js,58,.js,utf-8-sig,"cjk,kana",rpgmaker_plugin_js,25,,1,// 1.1.0 2015/11/23 コモンイベントを呼び出した対象のピクチャ番号を特定する機能を追加
T002931,B0006,D:\Dev\Desenvolvimento\Projetos\TradutorDGames\[Kimochi] RJ01696894,www\js\plugins\PictureCallCommon.js,59,.js,utf-8-sig,"cjk,kana",rpgmaker_plugin_js,25,,1,//                  設定で透明色を考慮する機能を追加
T002932,B0006,D:\Dev\Desenvolvimento\Projetos\TradutorDGames\[Kimochi] RJ01696894,www\js\plugins\PictureCallCommon.js,60,.js,utf-8-sig,"cjk,kana",rpgmaker_plugin_js,25,,1,//                  トリガーとして「右クリック」や「長押し」を追加
T002933,B0006,D:\Dev\Desenvolvimento\Projetos\TradutorDGames\[Kimochi] RJ01696894,www\js\plugins\PictureCallCommon.js,61,.js,utf-8-sig,cjk,rpgmaker_plugin_js,25,,1,// 1.0.0 2015/11/14 初版
T002934,B0006,D:\Dev\Desenvolvimento\Projetos\TradutorDGames\[Kimochi] RJ01696894,www\js\plugins\PictureCallCommon.js,94,.js,utf-8-sig,"cjk,kana",rpgmaker_plugin_js,25,,1,* 他のタッチ操作と動作が重複する場合にONにします。
T002935,B0006,D:\Dev\Desenvolvimento\Projetos\TradutorDGames\[Kimochi] RJ01696894,www\js\plugins\PictureCallCommon.js,119,.js,utf-8-sig,"cjk,kana",rpgmaker_plugin_js,25,,1,* 呼び出される、もしくは任意のスイッチをONにするプラグインコマンドを提供します。
T002936,B0006,D:\Dev\Desenvolvimento\Projetos\TradutorDGames\[Kimochi] RJ01696894,www\js\plugins\PictureCallCommon.js,120,.js,utf-8-sig,"cjk,kana",rpgmaker_plugin_js,25,,1,* このプラグインを利用すれば、JavaScriptの知識がなくても
T002937,B0006,D:\Dev\Desenvolvimento\Projetos\TradutorDGames\[Kimochi] RJ01696894,www\js\plugins\PictureCallCommon.js,121,.js,utf-8-sig,"cjk,kana",rpgmaker_plugin_js,25,,1,* 誰でも簡単にクリックやタッチを主体にしたゲームを作れます。
T002938,B0006,D:\Dev\Desenvolvimento\Projetos\TradutorDGames\[Kimochi] RJ01696894,www\js\plugins\PictureCallCommon.js,123,.js,utf-8-sig,"cjk,kana",rpgmaker_plugin_js,25,,1,* 戦闘中でも実行可能ですが、ツクールMVの仕様により限られたタイミングでしか
T002939,B0006,D:\Dev\Desenvolvimento\Projetos\TradutorDGames\[Kimochi] RJ01696894,www\js\plugins\PictureCallCommon.js,124,.js,utf-8-sig,"cjk,kana",rpgmaker_plugin_js,25,,1,* イベントは実行されません。パラメータ「戦闘中常にコモン実行」を有効にすると
T002940,B0006,D:\Dev\Desenvolvimento\Projetos\TradutorDGames\[Kimochi] RJ01696894,www\js\plugins\PictureCallCommon.js,125,.js,utf-8-sig,"cjk,kana",rpgmaker_plugin_js,25,,1,* 常にイベントが実行されるようになりますが、
T002941,B0006,D:\Dev\Desenvolvimento\Projetos\TradutorDGames\[Kimochi] RJ01696894,www\js\plugins\PictureCallCommon.js,126,.js,utf-8-sig,"cjk,kana",rpgmaker_plugin_js,25,,1,* 一部イベントコマンドは正しく動作しない制約があります。
T002942,B0006,D:\Dev\Desenvolvimento\Projetos\TradutorDGames\[Kimochi] RJ01696894,www\js\plugins\PictureCallCommon.js,128,.js,utf-8-sig,cjk,rpgmaker_plugin_js,25,,1,* 注意！
T002943,B0006,D:\Dev\Desenvolvimento\Projetos\TradutorDGames\[Kimochi] RJ01696894,www\js\plugins\PictureCallCommon.js,129,.js,utf-8-sig,"cjk,kana",rpgmaker_plugin_js,25,,1,* 一度関連づけたピクチャとコモンイベントはピクチャを消去しても有効です。
T002944,B0006,D:\Dev\Desenvolvimento\Projetos\TradutorDGames\[Kimochi] RJ01696894,www\js\plugins\PictureCallCommon.js,130,.js,utf-8-sig,"cjk,kana",rpgmaker_plugin_js,25,,1,* ピクチャが存在しなければどこをクリックしても反応しませんが、
T002945,B0006,D:\Dev\Desenvolvimento\Projetos\TradutorDGames\[Kimochi] RJ01696894,www\js\plugins\PictureCallCommon.js,131,.js,utf-8-sig,"cjk,kana",rpgmaker_plugin_js,25,,1,* 同じ番号で再度、ピクチャの表示を行うと反応するようになります。
T002946,B0006,D:\Dev\Desenvolvimento\Projetos\TradutorDGames\[Kimochi] RJ01696894,www\js\plugins\PictureCallCommon.js,133,.js,utf-8-sig,"cjk,kana",rpgmaker_plugin_js,25,,1,* プラグインコマンド詳細
T002947,B0006,D:\Dev\Desenvolvimento\Projetos\TradutorDGames\[Kimochi] RJ01696894,www\js\plugins\PictureCallCommon.js,134,.js,utf-8-sig,"cjk,kana",rpgmaker_plugin_js,25,,1,*  イベントコマンド「プラグインコマンド」から実行。
T002948,B0006,D:\Dev\Desenvolvimento\Projetos\TradutorDGames\[Kimochi] RJ01696894,www\js\plugins\PictureCallCommon.js,135,.js,utf-8-sig,"cjk,kana",rpgmaker_plugin_js,25,,1,*  （引数の間は半角スペースで区切る）
T002949,B0006,D:\Dev\Desenvolvimento\Projetos\TradutorDGames\[Kimochi] RJ01696894,www\js\plugins\PictureCallCommon.js,137,.js,utf-8-sig,"cjk,kana",rpgmaker_plugin_js,25,,1,*  ピクチャのボタン化 or
T002950,B0006,D:\Dev\Desenvolvimento\Projetos\TradutorDGames\[Kimochi] RJ01696894,www\js\plugins\PictureCallCommon.js,138,.js,utf-8-sig,"cjk,kana",rpgmaker_plugin_js,25,,1,*  P_CALL_CE [ピクチャ番号] [コモンイベントID] [トリガー] [透明色を考慮]
T002951,B0006,D:\Dev\Desenvolvimento\Projetos\TradutorDGames\[Kimochi] RJ01696894,www\js\plugins\PictureCallCommon.js,139,.js,utf-8-sig,"cjk,kana",rpgmaker_plugin_js,25,,1,*      ピクチャの領域内でトリガー条件を満たした場合に呼び出されるコモンイベントを関連づけます。
T002952,B0006,D:\Dev\Desenvolvimento\Projetos\TradutorDGames\[Kimochi] RJ01696894,www\js\plugins\PictureCallCommon.js,140,.js,utf-8-sig,"cjk,kana",rpgmaker_plugin_js,25,,1,*  　　トリガーは以下の通りです。(省略すると 1 になります)
T002953,B0006,D:\Dev\Desenvolvimento\Projetos\TradutorDGames\[Kimochi] RJ01696894,www\js\plugins\PictureCallCommon.js,141,.js,utf-8-sig,"cjk,kana",rpgmaker_plugin_js,25,,1,*      1  : クリックした場合
T002954,B0006,D:\Dev\Desenvolvimento\Projetos\TradutorDGames\[Kimochi] RJ01696894,www\js\plugins\PictureCallCommon.js,142,.js,utf-8-sig,"cjk,kana",rpgmaker_plugin_js,25,,1,*      2  : 右クリックした場合
T002955,B0006,D:\Dev\Desenvolvimento\Projetos\TradutorDGames\[Kimochi] RJ01696894,www\js\plugins\PictureCallCommon.js,143,.js,utf-8-sig,"cjk,kana",rpgmaker_plugin_js,25,,1,*      3  : 長押しした場合
T002956,B0006,D:\Dev\Desenvolvimento\Projetos\TradutorDGames\[Kimochi] RJ01696894,www\js\plugins\PictureCallCommon.js,144,.js,utf-8-sig,"cjk,kana",rpgmaker_plugin_js,25,,1,*      4  : マウスをピクチャに重ねた場合
T002957,B0006,D:\Dev\Desenvolvimento\Projetos\TradutorDGames\[Kimochi] RJ01696894,www\js\plugins\PictureCallCommon.js,145,.js,utf-8-sig,"cjk,kana",rpgmaker_plugin_js,25,,1,*      5  : マウスをピクチャから放した場合
T002958,B0006,D:\Dev\Desenvolvimento\Projetos\TradutorDGames\[Kimochi] RJ01696894,www\js\plugins\PictureCallCommon.js,146,.js,utf-8-sig,"cjk,kana",rpgmaker_plugin_js,25,,1,*      6  : クリックを解放（リリース）した場合
T002959,B0006,D:\Dev\Desenvolvimento\Projetos\TradutorDGames\[Kimochi] RJ01696894,www\js\plugins\PictureCallCommon.js,147,.js,utf-8-sig,"cjk,kana",rpgmaker_plugin_js,25,,1,*      7  : クリックした場合（かつ長押しの際の繰り返しを考慮）
T002960,B0006,D:\Dev\Desenvolvimento\Projetos\TradutorDGames\[Kimochi] RJ01696894,www\js\plugins\PictureCallCommon.js,148,.js,utf-8-sig,"cjk,kana",rpgmaker_plugin_js,25,,1,*      8  : クリックしている間ずっと
T002961,B0006,D:\Dev\Desenvolvimento\Projetos\TradutorDGames\[Kimochi] RJ01696894,www\js\plugins\PictureCallCommon.js,149,.js,utf-8-sig,"cjk,kana",rpgmaker_plugin_js,25,,1,*      9  : ホイールクリックした場合（PCの場合のみ有効）
T002962,B0006,D:\Dev\Desenvolvimento\Projetos\TradutorDGames\[Kimochi] RJ01696894,www\js\plugins\PictureCallCommon.js,150,.js,utf-8-sig,"cjk,kana",rpgmaker_plugin_js,25,,1,*      10 : ダブルクリックした場合
T002963,B0006,D:\Dev\Desenvolvimento\Projetos\TradutorDGames\[Kimochi] RJ01696894,www\js\plugins\PictureCallCommon.js,151,.js,utf-8-sig,"cjk,kana",rpgmaker_plugin_js,25,,1,*      11 : マウスをピクチャ内で移動した場合
T002964,B0006,D:\Dev\Desenvolvimento\Projetos\TradutorDGames\[Kimochi] RJ01696894,www\js\plugins\PictureCallCommon.js,152,.js,utf-8-sig,"cjk,kana",rpgmaker_plugin_js,25,,1,*      12 : マウスを押しつつピクチャ内で移動した場合
T002965,B0006,D:\Dev\Desenvolvimento\Projetos\TradutorDGames\[Kimochi] RJ01696894,www\js\plugins\PictureCallCommon.js,154,.js,utf-8-sig,"cjk,kana",rpgmaker_plugin_js,25,,1,*      透明色を考慮のパラメータ(ON/OFF)を指定するとピクチャごとに透明色を考慮するかを
T002966,B0006,D:\Dev\Desenvolvimento\Projetos\TradutorDGames\[Kimochi] RJ01696894,www\js\plugins\PictureCallCommon.js,155,.js,utf-8-sig,"cjk,kana",rpgmaker_plugin_js,25,,1,*      設定できます。何も設定しないとプラグインパラメータの設定が適用されます。(従来の仕様)
T002967,B0006,D:\Dev\Desenvolvimento\Projetos\TradutorDGames\[Kimochi] RJ01696894,www\js\plugins\PictureCallCommon.js,157,.js,utf-8-sig,cjk,rpgmaker_plugin_js,25,,1,*  例：P_CALL_CE 1 3 7 ON
T002968,B0006,D:\Dev\Desenvolvimento\Projetos\TradutorDGames\[Kimochi] RJ01696894,www\js\plugins\PictureCallCommon.js,158,.js,utf-8-sig,"cjk,kana",rpgmaker_plugin_js,25,,1,*  　：ピクチャのボタン化 \v[1] \v[2] \v[3] OFF
T002969,B0006,D:\Dev\Desenvolvimento\Projetos\TradutorDGames\[Kimochi] RJ01696894,www\js\plugins\PictureCallCommon.js,160,.js,utf-8-sig,"cjk,kana",rpgmaker_plugin_js,25,,1,*  ピクチャのスイッチ化 or
T002970,B0006,D:\Dev\Desenvolvimento\Projetos\TradutorDGames\[Kimochi] RJ01696894,www\js\plugins\PictureCallCommon.js,161,.js,utf-8-sig,"cjk,kana",rpgmaker_plugin_js,25,,1,*  P_CALL_SWITCH [ピクチャ番号] [スイッチID] [トリガー] [透明色を考慮]
T002971,B0006,D:\Dev\Desenvolvimento\Projetos\TradutorDGames\[Kimochi] RJ01696894,www\js\plugins\PictureCallCommon.js,162,.js,utf-8-sig,"cjk,kana",rpgmaker_plugin_js,25,,1,*  　　ピクチャの領域内でトリガー条件を満たした場合に、任意のスイッチをONにします。
T002972,B0006,D:\Dev\Desenvolvimento\Projetos\TradutorDGames\[Kimochi] RJ01696894,www\js\plugins\PictureCallCommon.js,163,.js,utf-8-sig,"cjk,kana",rpgmaker_plugin_js,25,,1,*  　　トリガーの設定などは、ピクチャのボタン化と同一です。
T002973,B0006,D:\Dev\Desenvolvimento\Projetos\TradutorDGames\[Kimochi] RJ01696894,www\js\plugins\PictureCallCommon.js,165,.js,utf-8-sig,kana,rpgmaker_plugin_js,25,,1,*  ピクチャのキーバインド or
T002974,B0006,D:\Dev\Desenvolvimento\Projetos\TradutorDGames\[Kimochi] RJ01696894,www\js\plugins\PictureCallCommon.js,166,.js,utf-8-sig,"cjk,kana",rpgmaker_plugin_js,25,,1,*  P_CALL_KEY_BIND [ピクチャ番号] [ボタン名称] [トリガー] [透明色を考慮]
T002975,B0006,D:\Dev\Desenvolvimento\Projetos\TradutorDGames\[Kimochi] RJ01696894,www\js\plugins\PictureCallCommon.js,167,.js,utf-8-sig,"cjk,kana",rpgmaker_plugin_js,25,,1,*  　　ピクチャの領域内でトリガー条件を満たした場合に、任意のボタンを押したことにします。
T002976,B0006,D:\Dev\Desenvolvimento\Projetos\TradutorDGames\[Kimochi] RJ01696894,www\js\plugins\PictureCallCommon.js,168,.js,utf-8-sig,"cjk,kana",rpgmaker_plugin_js,25,,1,*  　　ボタン名の設定は以下の通りです。(Windows基準)
T002977,B0006,D:\Dev\Desenvolvimento\Projetos\TradutorDGames\[Kimochi] RJ01696894,www\js\plugins\PictureCallCommon.js,180,.js,utf-8-sig,"cjk,kana",rpgmaker_plugin_js,25,,1,*  ピクチャのボタン化解除 or
T002978,B0006,D:\Dev\Desenvolvimento\Projetos\TradutorDGames\[Kimochi] RJ01696894,www\js\plugins\PictureCallCommon.js,181,.js,utf-8-sig,"cjk,kana",rpgmaker_plugin_js,25,,1,*  P_CALL_CE_REMOVE [ピクチャ番号]
T002979,B0006,D:\Dev\Desenvolvimento\Projetos\TradutorDGames\[Kimochi] RJ01696894,www\js\plugins\PictureCallCommon.js,182,.js,utf-8-sig,"cjk,kana",rpgmaker_plugin_js,25,,1,*      ピクチャとコモンイベントもしくはスイッチの関連づけを解除します。
T002980,B0006,D:\Dev\Desenvolvimento\Projetos\TradutorDGames\[Kimochi] RJ01696894,www\js\plugins\PictureCallCommon.js,183,.js,utf-8-sig,"cjk,kana",rpgmaker_plugin_js,25,,1,*      全てのトリガーが削除対象です。
T002981,B0006,D:\Dev\Desenvolvimento\Projetos\TradutorDGames\[Kimochi] RJ01696894,www\js\plugins\PictureCallCommon.js,185,.js,utf-8-sig,cjk,rpgmaker_plugin_js,25,,1,*  例：P_CALL_CE_REMOVE 1
T002982,B0006,D:\Dev\Desenvolvimento\Projetos\TradutorDGames\[Kimochi] RJ01696894,www\js\plugins\PictureCallCommon.js,186,.js,utf-8-sig,"cjk,kana",rpgmaker_plugin_js,25,,1,*  　：ピクチャのボタン化解除 \v[1]
T002983,B0006,D:\Dev\Desenvolvimento\Projetos\TradutorDGames\[Kimochi] RJ01696894,www\js\plugins\PictureCallCommon.js,188,.js,utf-8-sig,"cjk,kana",rpgmaker_plugin_js,25,,1,*  ピクチャのなでなで設定 or
T002984,B0006,D:\Dev\Desenvolvimento\Projetos\TradutorDGames\[Kimochi] RJ01696894,www\js\plugins\PictureCallCommon.js,189,.js,utf-8-sig,"cjk,kana",rpgmaker_plugin_js,25,,1,*  P_STROKE [ピクチャ番号] [変数番号] [透明色を考慮]
T002985,B0006,D:\Dev\Desenvolvimento\Projetos\TradutorDGames\[Kimochi] RJ01696894,www\js\plugins\PictureCallCommon.js,190,.js,utf-8-sig,"cjk,kana",rpgmaker_plugin_js,25,,1,*  　　指定したピクチャの上でマウスやタッチを動かすと、
T002986,B0006,D:\Dev\Desenvolvimento\Projetos\TradutorDGames\[Kimochi] RJ01696894,www\js\plugins\PictureCallCommon.js,191,.js,utf-8-sig,"cjk,kana",rpgmaker_plugin_js,25,,1,*  　　速さに応じた値が指定した変数に値が加算されるようになります。
T002987,B0006,D:\Dev\Desenvolvimento\Projetos\TradutorDGames\[Kimochi] RJ01696894,www\js\plugins\PictureCallCommon.js,192,.js,utf-8-sig,"cjk,kana",rpgmaker_plugin_js,25,,1,*  　　この設定はピクチャを差し替えたり、一時的に非表示にしても有効です。
T002988,B0006,D:\Dev\Desenvolvimento\Projetos\TradutorDGames\[Kimochi] RJ01696894,www\js\plugins\PictureCallCommon.js,193,.js,utf-8-sig,"cjk,kana",rpgmaker_plugin_js,25,,1,*  　　10秒でだいたい1000くらいまで溜まります。
T002989,B0006,D:\Dev\Desenvolvimento\Projetos\TradutorDGames\[Kimochi] RJ01696894,www\js\plugins\PictureCallCommon.js,195,.js,utf-8-sig,cjk,rpgmaker_plugin_js,25,,1,*  例：P_STROKE 1 2 ON
T002990,B0006,D:\Dev\Desenvolvimento\Projetos\TradutorDGames\[Kimochi] RJ01696894,www\js\plugins\PictureCallCommon.js,196,.js,utf-8-sig,"cjk,kana",rpgmaker_plugin_js,25,,1,*  　：ピクチャのなでなで設定 \v[1] \v[2] OFF
T002991,B0006,D:\Dev\Desenvolvimento\Projetos\TradutorDGames\[Kimochi] RJ01696894,www\js\plugins\PictureCallCommon.js,198,.js,utf-8-sig,"cjk,kana",rpgmaker_plugin_js,25,,1,*  ピクチャのなでなで解除 or
T002992,B0006,D:\Dev\Desenvolvimento\Projetos\TradutorDGames\[Kimochi] RJ01696894,www\js\plugins\PictureCallCommon.js,199,.js,utf-8-sig,"cjk,kana",rpgmaker_plugin_js,25,,1,*  P_STROKE_REMOVE [ピクチャ番号]
T002993,B0006,D:\Dev\Desenvolvimento\Projetos\TradutorDGames\[Kimochi] RJ01696894,www\js\plugins\PictureCallCommon.js,200,.js,utf-8-sig,"cjk,kana",rpgmaker_plugin_js,25,,1,*  　　指定したピクチャのなでなで設定を解除します。
T002994,B0006,D:\Dev\Desenvolvimento\Projetos\TradutorDGames\[Kimochi] RJ01696894,www\js\plugins\PictureCallCommon.js,202,.js,utf-8-sig,cjk,rpgmaker_plugin_js,25,,1,*  例：P_STROKE_REMOVE 1
T002995,B0006,D:\Dev\Desenvolvimento\Projetos\TradutorDGames\[Kimochi] RJ01696894,www\js\plugins\PictureCallCommon.js,203,.js,utf-8-sig,"cjk,kana",rpgmaker_plugin_js,25,,1,*  　：ピクチャのなでなで解除 \v[1]
T002996,B0006,D:\Dev\Desenvolvimento\Projetos\TradutorDGames\[Kimochi] RJ01696894,www\js\plugins\PictureCallCommon.js,205,.js,utf-8-sig,"cjk,kana",rpgmaker_plugin_js,25,,1,*  ピクチャのポインタ化 or
T002997,B0006,D:\Dev\Desenvolvimento\Projetos\TradutorDGames\[Kimochi] RJ01696894,www\js\plugins\PictureCallCommon.js,206,.js,utf-8-sig,"cjk,kana",rpgmaker_plugin_js,25,,1,*  P_POINTER [ピクチャ番号]
T002998,B0006,D:\Dev\Desenvolvimento\Projetos\TradutorDGames\[Kimochi] RJ01696894,www\js\plugins\PictureCallCommon.js,207,.js,utf-8-sig,"cjk,kana",rpgmaker_plugin_js,25,,1,*  　　指定したピクチャがタッチ座標を自動で追従するようになります。
T002999,B0006,D:\Dev\Desenvolvimento\Projetos\TradutorDGames\[Kimochi] RJ01696894,www\js\plugins\PictureCallCommon.js,208,.js,utf-8-sig,"cjk,kana",rpgmaker_plugin_js,25,,1,*  　　タッチしていないと自動で非表示になります。
T003000,B0006,D:\Dev\Desenvolvimento\Projetos\TradutorDGames\[Kimochi] RJ01696894,www\js\plugins\PictureCallCommon.js,210,.js,utf-8-sig,cjk,rpgmaker_plugin_js,25,,1,*  例：P_POINTER 1
T003001,B0007,D:\Dev\Desenvolvimento\Projetos\TradutorDGames\[Kimochi] RJ01696894,www\js\plugins\PictureCallCommon.js,211,.js,utf-8-sig,"cjk,kana",rpgmaker_plugin_js,25,,1,*  　：ピクチャのポインタ化 \v[1]
T003002,B0007,D:\Dev\Desenvolvimento\Projetos\TradutorDGames\[Kimochi] RJ01696894,www\js\plugins\PictureCallCommon.js,213,.js,utf-8-sig,"cjk,kana",rpgmaker_plugin_js,25,,1,*  ピクチャのポインタ化解除 or
T003003,B0007,D:\Dev\Desenvolvimento\Projetos\TradutorDGames\[Kimochi] RJ01696894,www\js\plugins\PictureCallCommon.js,214,.js,utf-8-sig,"cjk,kana",rpgmaker_plugin_js,25,,1,*  P_POINTER_REMOVE [ピクチャ番号]
T003004,B0007,D:\Dev\Desenvolvimento\Projetos\TradutorDGames\[Kimochi] RJ01696894,www\js\plugins\PictureCallCommon.js,215,.js,utf-8-sig,"cjk,kana",rpgmaker_plugin_js,25,,1,*  　　指定したピクチャのポインタ化を解除します。
T003005,B0007,D:\Dev\Desenvolvimento\Projetos\TradutorDGames\[Kimochi] RJ01696894,www\js\plugins\PictureCallCommon.js,217,.js,utf-8-sig,cjk,rpgmaker_plugin_js,25,,1,*  例：P_POINTER_REMOVE 1
T003006,B0007,D:\Dev\Desenvolvimento\Projetos\TradutorDGames\[Kimochi] RJ01696894,www\js\plugins\PictureCallCommon.js,218,.js,utf-8-sig,"cjk,kana",rpgmaker_plugin_js,25,,1,*  　：ピクチャのポインタ化解除 \v[1]
T003007,B0007,D:\Dev\Desenvolvimento\Projetos\TradutorDGames\[Kimochi] RJ01696894,www\js\plugins\PictureCallCommon.js,220,.js,utf-8-sig,"cjk,kana",rpgmaker_plugin_js,25,,1,*  ・スクリプト（上級者向け）
T003008,B0007,D:\Dev\Desenvolvimento\Projetos\TradutorDGames\[Kimochi] RJ01696894,www\js\plugins\PictureCallCommon.js,223,.js,utf-8-sig,"cjk,kana",rpgmaker_plugin_js,25,,1,*  指定した[ID]のピクチャ内にマウスポインタもしくはタッチ座標が存在する場合に
T003009,B0007,D:\Dev\Desenvolvimento\Projetos\TradutorDGames\[Kimochi] RJ01696894,www\js\plugins\PictureCallCommon.js,224,.js,utf-8-sig,"cjk,kana",rpgmaker_plugin_js,25,,1,*  trueを返します。このスクリプトは[P_CALL_CE]を使用していなくても有効です。
T003010,B0007,D:\Dev\Desenvolvimento\Projetos\TradutorDGames\[Kimochi] RJ01696894,www\js\plugins\PictureCallCommon.js,226,.js,utf-8-sig,cjk,rpgmaker_plugin_js,25,,1,*  例：$gameScreen.isPointerInnerPicture(5);
T003011,B0007,D:\Dev\Desenvolvimento\Projetos\TradutorDGames\[Kimochi] RJ01696894,www\js\plugins\PictureCallCommon.js,228,.js,utf-8-sig,cjk,rpgmaker_plugin_js,25,,1,* 利用規約：
T003012,B0007,D:\Dev\Desenvolvimento\Projetos\TradutorDGames\[Kimochi] RJ01696894,www\js\plugins\PictureCallCommon.js,229,.js,utf-8-sig,"cjk,kana",rpgmaker_plugin_js,25,,1,*  作者に無断で改変、再配布が可能で、利用形態（商用、18禁利用等）
T003013,B0007,D:\Dev\Desenvolvimento\Projetos\TradutorDGames\[Kimochi] RJ01696894,www\js\plugins\PictureCallCommon.js,230,.js,utf-8-sig,"cjk,kana",rpgmaker_plugin_js,25,,1,*  についても制限はありません。
T003014,B0007,D:\Dev\Desenvolvimento\Projetos\TradutorDGames\[Kimochi] RJ01696894,www\js\plugins\PictureCallCommon.js,231,.js,utf-8-sig,kana,rpgmaker_plugin_js,25,,1,*  このプラグインはもうあなたのものです。
T003015,B0007,D:\Dev\Desenvolvimento\Projetos\TradutorDGames\[Kimochi] RJ01696894,www\js\plugins\PictureCallCommon.js,366,.js,utf-8-sig,"cjk,kana",rpgmaker_plugin_js,25,,1,// パラメータの取得とバリデーション
T003016,B0007,D:\Dev\Desenvolvimento\Projetos\TradutorDGames\[Kimochi] RJ01696894,www\js\plugins\PictureCallCommon.js,368,.js,utf-8-sig,"cjk,kana",rpgmaker_plugin_js,25,,1,ポインタX座標の変数番号
T003017,B0007,D:\Dev\Desenvolvimento\Projetos\TradutorDGames\[Kimochi] RJ01696894,www\js\plugins\PictureCallCommon.js,369,.js,utf-8-sig,"cjk,kana",rpgmaker_plugin_js,25,,1,ポインタY座標の変数番号
T003018,B0007,D:\Dev\Desenvolvimento\Projetos\TradutorDGames\[Kimochi] RJ01696894,www\js\plugins\PictureCallCommon.js,370,.js,utf-8-sig,"cjk,kana",rpgmaker_plugin_js,25,,1,ピクチャ番号の変数番号
T003019,B0007,D:\Dev\Desenvolvimento\Projetos\TradutorDGames\[Kimochi] RJ01696894,www\js\plugins\PictureCallCommon.js,371,.js,utf-8-sig,"cjk,kana",rpgmaker_plugin_js,25,,1,透明色を考慮
T003020,B0007,D:\Dev\Desenvolvimento\Projetos\TradutorDGames\[Kimochi] RJ01696894,www\js\plugins\PictureCallCommon.js,372,.js,utf-8-sig,"cjk,kana",rpgmaker_plugin_js,25,,1,タッチ操作抑制
T003021,B0007,D:\Dev\Desenvolvimento\Projetos\TradutorDGames\[Kimochi] RJ01696894,www\js\plugins\PictureCallCommon.js,373,.js,utf-8-sig,"cjk,kana",rpgmaker_plugin_js,25,,1,タッチ操作抑制スイッチ
T003022,B0007,D:\Dev\Desenvolvimento\Projetos\TradutorDGames\[Kimochi] RJ01696894,www\js\plugins\PictureCallCommon.js,374,.js,utf-8-sig,"cjk,kana",rpgmaker_plugin_js,25,,1,戦闘中常にコモン実行
T003023,B0007,D:\Dev\Desenvolvimento\Projetos\TradutorDGames\[Kimochi] RJ01696894,www\js\plugins\PictureCallCommon.js,375,.js,utf-8-sig,"cjk,kana",rpgmaker_plugin_js,25,,1,無効スイッチ
T003024,B0007,D:\Dev\Desenvolvimento\Projetos\TradutorDGames\[Kimochi] RJ01696894,www\js\plugins\PictureCallCommon.js,376,.js,utf-8-sig,"cjk,kana",rpgmaker_plugin_js,25,,1,並列処理として実行
T003025,B0007,D:\Dev\Desenvolvimento\Projetos\TradutorDGames\[Kimochi] RJ01696894,www\js\plugins\PictureCallCommon.js,380,.js,utf-8-sig,"cjk,kana",rpgmaker_plugin_js,25,,1,//  プラグインコマンド[P_CALL_CE]などを追加定義します。
T003026,B0007,D:\Dev\Desenvolvimento\Projetos\TradutorDGames\[Kimochi] RJ01696894,www\js\plugins\PictureCallCommon.js,388,.js,utf-8-sig,"cjk,kana",rpgmaker_plugin_js,25,,1,ピクチャのボタン化
T003027,B0007,D:\Dev\Desenvolvimento\Projetos\TradutorDGames\[Kimochi] RJ01696894,www\js\plugins\PictureCallCommon.js,396,.js,utf-8-sig,"cjk,kana",rpgmaker_plugin_js,25,,1,ピクチャのスイッチ化
T003028,B0007,D:\Dev\Desenvolvimento\Projetos\TradutorDGames\[Kimochi] RJ01696894,www\js\plugins\PictureCallCommon.js,404,.js,utf-8-sig,kana,rpgmaker_plugin_js,25,,1,ピクチャのキーバインド
T003029,B0007,D:\Dev\Desenvolvimento\Projetos\TradutorDGames\[Kimochi] RJ01696894,www\js\plugins\PictureCallCommon.js,412,.js,utf-8-sig,"cjk,kana",rpgmaker_plugin_js,25,,1,ピクチャのボタン化解除
T003030,B0007,D:\Dev\Desenvolvimento\Projetos\TradutorDGames\[Kimochi] RJ01696894,www\js\plugins\PictureCallCommon.js,417,.js,utf-8-sig,"cjk,kana",rpgmaker_plugin_js,25,,1,ピクチャのなでなで設定
T003031,B0007,D:\Dev\Desenvolvimento\Projetos\TradutorDGames\[Kimochi] RJ01696894,www\js\plugins\PictureCallCommon.js,424,.js,utf-8-sig,"cjk,kana",rpgmaker_plugin_js,25,,1,ピクチャのなでなで解除
T003032,B0007,D:\Dev\Desenvolvimento\Projetos\TradutorDGames\[Kimochi] RJ01696894,www\js\plugins\PictureCallCommon.js,429,.js,utf-8-sig,"cjk,kana",rpgmaker_plugin_js,25,,1,ピクチャのポインタ化
T003033,B0007,D:\Dev\Desenvolvimento\Projetos\TradutorDGames\[Kimochi] RJ01696894,www\js\plugins\PictureCallCommon.js,434,.js,utf-8-sig,"cjk,kana",rpgmaker_plugin_js,25,,1,ピクチャのポインタ化解除
T003034,B0007,D:\Dev\Desenvolvimento\Projetos\TradutorDGames\[Kimochi] RJ01696894,www\js\plugins\PictureCallCommon.js,461,.js,utf-8-sig,"cjk,kana",rpgmaker_plugin_js,25,,1,//  呼び出し予定のコモンイベントIDのフィールドを追加定義します。
T003035,B0007,D:\Dev\Desenvolvimento\Projetos\TradutorDGames\[Kimochi] RJ01696894,www\js\plugins\PictureCallCommon.js,520,.js,utf-8-sig,"cjk,kana",rpgmaker_plugin_js,25,,1,//  ロード時にピクチャ関連メンバを初期化します。
T003036,B0007,D:\Dev\Desenvolvimento\Projetos\TradutorDGames\[Kimochi] RJ01696894,www\js\plugins\PictureCallCommon.js,530,.js,utf-8-sig,"cjk,kana",rpgmaker_plugin_js,25,,1,//  ピクチャがタッチされたときのコモンイベント呼び出し処理を追加定義します。
T003037,B0007,D:\Dev\Desenvolvimento\Projetos\TradutorDGames\[Kimochi] RJ01696894,www\js\plugins\PictureCallCommon.js,595,.js,utf-8-sig,"cjk,kana",rpgmaker_plugin_js,25,,1,//  ピクチャがタッチされたときのコモンイベント呼び出し処理を追加定義します。
T003038,B0007,D:\Dev\Desenvolvimento\Projetos\TradutorDGames\[Kimochi] RJ01696894,www\js\plugins\PictureCallCommon.js,615,.js,utf-8-sig,"cjk,kana",rpgmaker_plugin_js,25,,1,//  ピクチャに対応するコモンイベント呼び出し用のID配列を追加定義します。
T003039,B0007,D:\Dev\Desenvolvimento\Projetos\TradutorDGames\[Kimochi] RJ01696894,www\js\plugins\PictureCallCommon.js,705,.js,utf-8-sig,"cjk,kana",rpgmaker_plugin_js,25,,1,//  ピクチャスプライトを取得します。
T003040,B0007,D:\Dev\Desenvolvimento\Projetos\TradutorDGames\[Kimochi] RJ01696894,www\js\plugins\PictureCallCommon.js,713,.js,utf-8-sig,"cjk,kana",rpgmaker_plugin_js,25,,1,//  ピクチャコモンを常に実行できるようにします。
T003041,B0007,D:\Dev\Desenvolvimento\Projetos\TradutorDGames\[Kimochi] RJ01696894,www\js\plugins\PictureCallCommon.js,725,.js,utf-8-sig,"cjk,kana",rpgmaker_plugin_js,25,,1,//  ピクチャに対する繰り返し処理を追加定義します。
T003042,B0007,D:\Dev\Desenvolvimento\Projetos\TradutorDGames\[Kimochi] RJ01696894,www\js\plugins\PictureCallCommon.js,751,.js,utf-8-sig,"cjk,kana",rpgmaker_plugin_js,25,,1,//  ピクチャのタッチ状態からのコモンイベント呼び出し予約を追加定義します。
T003043,B0007,D:\Dev\Desenvolvimento\Projetos\TradutorDGames\[Kimochi] RJ01696894,www\js\plugins\PictureCallCommon.js,775,.js,utf-8-sig,"cjk,kana",rpgmaker_plugin_js,25,,1,//  ピクチャのタッチ状態からのコモンイベント呼び出し予約を追加定義します。
T003044,B0007,D:\Dev\Desenvolvimento\Projetos\TradutorDGames\[Kimochi] RJ01696894,www\js\plugins\PictureCallCommon.js,799,.js,utf-8-sig,"cjk,kana",rpgmaker_plugin_js,25,,1,//  ピクチャに対するイテレータを追加定義します。
T003045,B0007,D:\Dev\Desenvolvimento\Projetos\TradutorDGames\[Kimochi] RJ01696894,www\js\plugins\PictureCallCommon.js,825,.js,utf-8-sig,"cjk,kana",rpgmaker_plugin_js,25,,1,//  ピクチャのタッチ状態からのコモンイベント呼び出し予約を追加定義します。
T003046,B0007,D:\Dev\Desenvolvimento\Projetos\TradutorDGames\[Kimochi] RJ01696894,www\js\plugins\PictureCallCommon.js,1083,.js,utf-8-sig,"cjk,kana",rpgmaker_plugin_js,25,,1,//  ピクチャクリックをキー入力に紐付けます。
T003047,B0007,D:\Dev\Desenvolvimento\Projetos\TradutorDGames\[Kimochi] RJ01696894,www\js\plugins\PictureCallCommon.js,1111,.js,utf-8-sig,"cjk,kana",rpgmaker_plugin_js,25,,1,//  ホイールクリック、ダブルクリック等を実装
T003048,B0007,D:\Dev\Desenvolvimento\Projetos\TradutorDGames\[Kimochi] RJ01696894,www\js\plugins\SimpleMenuLayout.js,9,.js,utf-8-sig,cjk,rpgmaker_plugin_js,25,,1,// 1.0.0 2017/10/28 公開。
T003049,B0007,D:\Dev\Desenvolvimento\Projetos\TradutorDGames\[Kimochi] RJ01696894,www\js\plugins\SimpleMenuLayout.js,106,.js,utf-8-sig,cjk,rpgmaker_plugin_js,25,,1,* 【特徴】
T003050,B0007,D:\Dev\Desenvolvimento\Projetos\TradutorDGames\[Kimochi] RJ01696894,www\js\plugins\SimpleMenuLayout.js,107,.js,utf-8-sig,"cjk,kana",rpgmaker_plugin_js,25,,1,* ・メニュー画面のデザインを変更します。
T003051,B0007,D:\Dev\Desenvolvimento\Projetos\TradutorDGames\[Kimochi] RJ01696894,www\js\plugins\SimpleMenuLayout.js,108,.js,utf-8-sig,"cjk,kana",rpgmaker_plugin_js,25,,1,* ・先頭のキャラクターに合わせて一枚絵を表示できます。
T003052,B0007,D:\Dev\Desenvolvimento\Projetos\TradutorDGames\[Kimochi] RJ01696894,www\js\plugins\SimpleMenuLayout.js,110,.js,utf-8-sig,cjk,rpgmaker_plugin_js,25,,1,* 【使用方法】
T003053,B0007,D:\Dev\Desenvolvimento\Projetos\TradutorDGames\[Kimochi] RJ01696894,www\js\plugins\SimpleMenuLayout.js,111,.js,utf-8-sig,"cjk,kana",rpgmaker_plugin_js,25,,1,* プラグインを導入するとメニュー画面のデザインが変更されます。
T003054,B0007,D:\Dev\Desenvolvimento\Projetos\TradutorDGames\[Kimochi] RJ01696894,www\js\plugins\SimpleMenuLayout.js,113,.js,utf-8-sig,"cjk,kana",rpgmaker_plugin_js,25,,1,* 先頭のキャラクターに合わせて一枚絵を表示するには、アクターのメモ欄に以下のような記述をします。
T003055,B0007,D:\Dev\Desenvolvimento\Projetos\TradutorDGames\[Kimochi] RJ01696894,www\js\plugins\SimpleMenuLayout.js,114,.js,utf-8-sig,"cjk,kana",rpgmaker_plugin_js,25,,1,ファイル名
T003056,B0007,D:\Dev\Desenvolvimento\Projetos\TradutorDGames\[Kimochi] RJ01696894,www\js\plugins\SimpleMenuLayout.js,114,.js,utf-8-sig,cjk,rpgmaker_plugin_js,25,,1,X座標
T003057,B0007,D:\Dev\Desenvolvimento\Projetos\TradutorDGames\[Kimochi] RJ01696894,www\js\plugins\SimpleMenuLayout.js,114,.js,utf-8-sig,cjk,rpgmaker_plugin_js,25,,1,Y座標
T003058,B0007,D:\Dev\Desenvolvimento\Projetos\TradutorDGames\[Kimochi] RJ01696894,www\js\plugins\SimpleMenuLayout.js,118,.js,utf-8-sig,"cjk,kana",rpgmaker_plugin_js,25,,1,* なお、画像ファイルはimg/tsumioフォルダから読み込まれます。
T003059,B0007,D:\Dev\Desenvolvimento\Projetos\TradutorDGames\[Kimochi] RJ01696894,www\js\plugins\SimpleMenuLayout.js,121,.js,utf-8-sig,kana,rpgmaker_plugin_js,25,,1,* 【プラグインコマンド】
T003060,B0007,D:\Dev\Desenvolvimento\Projetos\TradutorDGames\[Kimochi] RJ01696894,www\js\plugins\SimpleMenuLayout.js,122,.js,utf-8-sig,kana,rpgmaker_plugin_js,25,,1,* プラグインコマンドはありません。
T003061,B0007,D:\Dev\Desenvolvimento\Projetos\TradutorDGames\[Kimochi] RJ01696894,www\js\plugins\SimpleMenuLayout.js,125,.js,utf-8-sig,cjk,rpgmaker_plugin_js,25,,1,* 【更新履歴】
T003062,B0007,D:\Dev\Desenvolvimento\Projetos\TradutorDGames\[Kimochi] RJ01696894,www\js\plugins\SimpleMenuLayout.js,126,.js,utf-8-sig,cjk,rpgmaker_plugin_js,25,,1,* 1.0.0 2017/10/28 公開。
T003063,B0007,D:\Dev\Desenvolvimento\Projetos\TradutorDGames\[Kimochi] RJ01696894,www\js\plugins\SimpleMenuLayout.js,128,.js,utf-8-sig,cjk,rpgmaker_plugin_js,25,,1,* 【備考】
T003064,B0007,D:\Dev\Desenvolvimento\Projetos\TradutorDGames\[Kimochi] RJ01696894,www\js\plugins\SimpleMenuLayout.js,129,.js,utf-8-sig,"cjk,kana",rpgmaker_plugin_js,25,,1,* 当プラグインを利用したことによるいかなる損害に対しても、制作者は一切の責任を負わないこととします。
T003065,B0007,D:\Dev\Desenvolvimento\Projetos\TradutorDGames\[Kimochi] RJ01696894,www\js\plugins\SimpleMenuLayout.js,131,.js,utf-8-sig,cjk,rpgmaker_plugin_js,25,,1,* 【利用規約】
T003066,B0007,D:\Dev\Desenvolvimento\Projetos\TradutorDGames\[Kimochi] RJ01696894,www\js\plugins\SimpleMenuLayout.js,132,.js,utf-8-sig,"cjk,kana",rpgmaker_plugin_js,25,,1,* ソースコードの著作権者が自分であると主張しない限り、
T003067,B0007,D:\Dev\Desenvolvimento\Projetos\TradutorDGames\[Kimochi] RJ01696894,www\js\plugins\SimpleMenuLayout.js,133,.js,utf-8-sig,"cjk,kana",rpgmaker_plugin_js,25,,1,* 作者に無断で改変、再配布が可能です。
T003068,B0007,D:\Dev\Desenvolvimento\Projetos\TradutorDGames\[Kimochi] RJ01696894,www\js\plugins\SimpleMenuLayout.js,134,.js,utf-8-sig,"cjk,kana",rpgmaker_plugin_js,25,,1,* 利用形態（商用、18禁利用等）についても制限はありません。
T003069,B0007,D:\Dev\Desenvolvimento\Projetos\TradutorDGames\[Kimochi] RJ01696894,www\js\plugins\SimpleMenuLayout.js,135,.js,utf-8-sig,"cjk,kana",rpgmaker_plugin_js,25,,1,* 自由に使用してください。
T003070,B0007,D:\Dev\Desenvolvimento\Projetos\TradutorDGames\[Kimochi] RJ01696894,www\js\plugins\SimpleMenuLayout.js,215,.js,utf-8-sig,"cjk,kana",rpgmaker_plugin_js,25,,1,メニュー幅
T003071,B0007,D:\Dev\Desenvolvimento\Projetos\TradutorDGames\[Kimochi] RJ01696894,www\js\plugins\SimpleMenuLayout.js,216,.js,utf-8-sig,"cjk,kana",rpgmaker_plugin_js,25,,1,メニュー列数
T003072,B0007,D:\Dev\Desenvolvimento\Projetos\TradutorDGames\[Kimochi] RJ01696894,www\js\plugins\SimpleMenuLayout.js,217,.js,utf-8-sig,"cjk,kana",rpgmaker_plugin_js,25,,1,メニューX座標
T003073,B0007,D:\Dev\Desenvolvimento\Projetos\TradutorDGames\[Kimochi] RJ01696894,www\js\plugins\SimpleMenuLayout.js,218,.js,utf-8-sig,"cjk,kana",rpgmaker_plugin_js,25,,1,メニューY座標
T003074,B0007,D:\Dev\Desenvolvimento\Projetos\TradutorDGames\[Kimochi] RJ01696894,www\js\plugins\TDDP_PixelPerfect.js,66,.js,utf-8-sig,kana,rpgmaker_plugin_js,25,,1,ピクセルパーフェクトモード
T003075,B0007,D:\Dev\Desenvolvimento\Projetos\TradutorDGames\[Kimochi] RJ01696894,www\js\plugins\TDDP_PixelPerfect.js,66,.js,utf-8-sig,"cjk,kana",rpgmaker_plugin_js,25,,1,ストレッチを許可する
T003076,B0007,D:\Dev\Desenvolvimento\Projetos\TradutorDGames\[Kimochi] RJ01696894,www\js\plugins\TDDP_PixelPerfect.js,72,.js,utf-8-sig,cjk,rpgmaker_plugin_js,25,,1,像素完美模式
T003077,B0007,D:\Dev\Desenvolvimento\Projetos\TradutorDGames\[Kimochi] RJ01696894,www\js\plugins\TDDP_PixelPerfect.js,72,.js,utf-8-sig,cjk,rpgmaker_plugin_js,25,,1,允许拉伸
T003078,B0007,D:\Dev\Desenvolvimento\Projetos\TradutorDGames\[Kimochi] RJ01696894,www\js\plugins\TDDP_PixelPerfect.js,78,.js,utf-8-sig,hangul,rpgmaker_plugin_js,25,,1,픽셀 퍼펙트 모드
T003079,B0007,D:\Dev\Desenvolvimento\Projetos\TradutorDGames\[Kimochi] RJ01696894,www\js\plugins\TDDP_PixelPerfect.js,78,.js,utf-8-sig,hangul,rpgmaker_plugin_js,25,,1,스트레칭을 허용합니다
T003080,B0007,D:\Dev\Desenvolvimento\Projetos\TradutorDGames\[Kimochi] RJ01696894,www\js\plugins\TDDP_PixelPerfect.js,85,.js,utf-8-sig,cyrillic,rpgmaker_plugin_js,25,,1,Разрешить растягивание этикетки
T003081,B0007,D:\Dev\Desenvolvimento\Projetos\TradutorDGames\[Kimochi] RJ01696894,www\js\plugins\TDDP_PixelPerfect.js,85,.js,utf-8-sig,cyrillic,rpgmaker_plugin_js,25,,1,Разрешить растягивание
T003082,B0007,D:\Dev\Desenvolvimento\Projetos\TradutorDGames\[Kimochi] RJ01696894,www\js\plugins\TDDP_PixelPerfect.js,95,.js,utf-8-sig,"cjk,kana",rpgmaker_plugin_js,25,,1,私は日本語が堪能ではないので、これは Google Translate を使用して翻訳されています。それでも役に立つことを願っています。
T003083,B0007,D:\Dev\Desenvolvimento\Projetos\TradutorDGames\[Kimochi] RJ01696894,www\js\plugins\TDDP_PixelPerfect.js,97,.js,utf-8-sig,"cjk,kana",rpgmaker_plugin_js,25,,1,オプションで、プレイヤーがピクセル パーフェクト モードをオンまたはオフにできるゲーム内メニュー オプションを追加します。
T003084,B0007,D:\Dev\Desenvolvimento\Projetos\TradutorDGames\[Kimochi] RJ01696894,www\js\plugins\TDDP_PixelPerfect.js,120,.js,utf-8-sig,kana,rpgmaker_plugin_js,25,,1,ピクセルパーフェクトモード
T003085,B0007,D:\Dev\Desenvolvimento\Projetos\TradutorDGames\[Kimochi] RJ01696894,www\js\plugins\TDDP_PixelPerfect.js,120,.js,utf-8-sig,"cjk,kana",rpgmaker_plugin_js,25,,1,ストレッチを許可する
T003086,B0007,D:\Dev\Desenvolvimento\Projetos\TradutorDGames\[Kimochi] RJ01696894,www\js\plugins\TDDP_PixelPerfect.js,126,.js,utf-8-sig,cjk,rpgmaker_plugin_js,25,,1,像素完美模式
T003087,B0007,D:\Dev\Desenvolvimento\Projetos\TradutorDGames\[Kimochi] RJ01696894,www\js\plugins\TDDP_PixelPerfect.js,126,.js,utf-8-sig,cjk,rpgmaker_plugin_js,25,,1,允许拉伸
T003088,B0007,D:\Dev\Desenvolvimento\Projetos\TradutorDGames\[Kimochi] RJ01696894,www\js\plugins\TDDP_PixelPerfect.js,132,.js,utf-8-sig,hangul,rpgmaker_plugin_js,25,,1,픽셀 퍼펙트 모드
T003089,B0007,D:\Dev\Desenvolvimento\Projetos\TradutorDGames\[Kimochi] RJ01696894,www\js\plugins\TDDP_PixelPerfect.js,132,.js,utf-8-sig,hangul,rpgmaker_plugin_js,25,,1,스트레칭을 허용합니다
T003090,B0007,D:\Dev\Desenvolvimento\Projetos\TradutorDGames\[Kimochi] RJ01696894,www\js\plugins\TDDP_PixelPerfect.js,138,.js,utf-8-sig,cyrillic,rpgmaker_plugin_js,25,,1,Разрешить растягивание этикетки
T003091,B0007,D:\Dev\Desenvolvimento\Projetos\TradutorDGames\[Kimochi] RJ01696894,www\js\plugins\TDDP_PixelPerfect.js,138,.js,utf-8-sig,cyrillic,rpgmaker_plugin_js,25,,1,Разрешить растягивание
T003092,B0007,D:\Dev\Desenvolvimento\Projetos\TradutorDGames\[Kimochi] RJ01696894,www\js\plugins\WindowBackImage.js,9,.js,utf-8-sig,"cjk,kana",rpgmaker_plugin_js,25,,1,// 1.5.3 2024/06/01 クラス名取得関数の実装を変更
T003093,B0007,D:\Dev\Desenvolvimento\Projetos\TradutorDGames\[Kimochi] RJ01696894,www\js\plugins\WindowBackImage.js,10,.js,utf-8-sig,"cjk,kana",rpgmaker_plugin_js,25,,1,// 1.5.2 2024/06/01 class記法で書かれたウィンドウクラスに対応
T003094,B0007,D:\Dev\Desenvolvimento\Projetos\TradutorDGames\[Kimochi] RJ01696894,www\js\plugins\WindowBackImage.js,11,.js,utf-8-sig,"cjk,kana",rpgmaker_plugin_js,25,,1,// 1.5.1 2021/01/30 バトラーステータスウィンドウが選択肢に抜けていたので追加
T003095,B0007,D:\Dev\Desenvolvimento\Projetos\TradutorDGames\[Kimochi] RJ01696894,www\js\plugins\WindowBackImage.js,12,.js,utf-8-sig,"cjk,kana",rpgmaker_plugin_js,25,,1,// 1.5.0 2021/01/24 ウィンドウごとに個別のウィンドウスキンを指定できる機能を追加
T003096,B0007,D:\Dev\Desenvolvimento\Projetos\TradutorDGames\[Kimochi] RJ01696894,www\js\plugins\WindowBackImage.js,13,.js,utf-8-sig,"cjk,kana",rpgmaker_plugin_js,25,,1,// 1.4.0 2020/12/28 JK_MailSystem.jsの各ウィンドウをオプション項目に追加
T003097,B0007,D:\Dev\Desenvolvimento\Projetos\TradutorDGames\[Kimochi] RJ01696894,www\js\plugins\WindowBackImage.js,14,.js,utf-8-sig,"cjk,kana",rpgmaker_plugin_js,25,,1,// 1.3.1 2020/08/22 カスタムメニュープラグインで作成したウィンドウ背景を変えられる機能を追加
T003098,B0007,D:\Dev\Desenvolvimento\Projetos\TradutorDGames\[Kimochi] RJ01696894,www\js\plugins\WindowBackImage.js,15,.js,utf-8-sig,"cjk,kana",rpgmaker_plugin_js,25,,1,// 1.3.0 2019/01/13 ウィンドウ背景の画像を複数表示できる機能を追加
T003099,B0007,D:\Dev\Desenvolvimento\Projetos\TradutorDGames\[Kimochi] RJ01696894,www\js\plugins\WindowBackImage.js,16,.js,utf-8-sig,"cjk,kana",rpgmaker_plugin_js,25,,1,//                  ウィンドウ背景を指定した場合も元のウィンドウフレームを表示したままにできる機能を追加
T003100,B0007,D:\Dev\Desenvolvimento\Projetos\TradutorDGames\[Kimochi] RJ01696894,www\js\plugins\WindowBackImage.js,17,.js,utf-8-sig,"cjk,kana",rpgmaker_plugin_js,25,,1,// 1.2.0 2018/11/29 ウィンドウ背景を有効にするかどうかを動的に制御するスイッチを追加
T003101,B0007,D:\Dev\Desenvolvimento\Projetos\TradutorDGames\[Kimochi] RJ01696894,www\js\plugins\WindowBackImage.js,18,.js,utf-8-sig,"cjk,kana",rpgmaker_plugin_js,25,,1,// 1.1.0 2017/11/19 拡大率を設定できる機能を追加
T003102,B0007,D:\Dev\Desenvolvimento\Projetos\TradutorDGames\[Kimochi] RJ01696894,www\js\plugins\WindowBackImage.js,19,.js,utf-8-sig,cjk,rpgmaker_plugin_js,25,,1,// 1.0.0 2017/11/18 初版
T003103,B0007,D:\Dev\Desenvolvimento\Projetos\TradutorDGames\[Kimochi] RJ01696894,www\js\plugins\WindowBackImage.js,38,.js,utf-8-sig,"cjk,kana",rpgmaker_plugin_js,25,,1,* ウィンドウの背景を任意の画像に置き換えます。
T003104,B0007,D:\Dev\Desenvolvimento\Projetos\TradutorDGames\[Kimochi] RJ01696894,www\js\plugins\WindowBackImage.js,39,.js,utf-8-sig,"cjk,kana",rpgmaker_plugin_js,25,,1,* 画像は複数指定可能で、それぞれに出現条件スイッチを指定できます。
T003105,B0007,D:\Dev\Desenvolvimento\Projetos\TradutorDGames\[Kimochi] RJ01696894,www\js\plugins\WindowBackImage.js,40,.js,utf-8-sig,"cjk,kana",rpgmaker_plugin_js,25,,1,* 画像が表示された場合、元のウィンドウフレームを非表示するかどうかを
T003106,B0007,D:\Dev\Desenvolvimento\Projetos\TradutorDGames\[Kimochi] RJ01696894,www\js\plugins\WindowBackImage.js,41,.js,utf-8-sig,"cjk,kana",rpgmaker_plugin_js,25,,1,* 選択できます。
T003107,B0007,D:\Dev\Desenvolvimento\Projetos\TradutorDGames\[Kimochi] RJ01696894,www\js\plugins\WindowBackImage.js,43,.js,utf-8-sig,"cjk,kana",rpgmaker_plugin_js,25,,1,* 背景画像はウィンドウのサイズにかかわらず、中央を原点に表示されます。
T003108,B0007,D:\Dev\Desenvolvimento\Projetos\TradutorDGames\[Kimochi] RJ01696894,www\js\plugins\WindowBackImage.js,44,.js,utf-8-sig,"cjk,kana",rpgmaker_plugin_js,25,,1,* 拡大率と座標を補正することは可能ですがサイズが可変、不定のウィンドウに
T003109,B0007,D:\Dev\Desenvolvimento\Projetos\TradutorDGames\[Kimochi] RJ01696894,www\js\plugins\WindowBackImage.js,45,.js,utf-8-sig,"cjk,kana",rpgmaker_plugin_js,25,,1,* 対して背景画像を指定することは推奨しません。
T003110,B0007,D:\Dev\Desenvolvimento\Projetos\TradutorDGames\[Kimochi] RJ01696894,www\js\plugins\WindowBackImage.js,47,.js,utf-8-sig,"cjk,kana",rpgmaker_plugin_js,25,,1,* プラグインによって追加されたウィンドウにも指定可能ですが
T003111,B0007,D:\Dev\Desenvolvimento\Projetos\TradutorDGames\[Kimochi] RJ01696894,www\js\plugins\WindowBackImage.js,48,.js,utf-8-sig,"cjk,kana",rpgmaker_plugin_js,25,,1,* 正常に動作するとは限りません。
T003112,B0007,D:\Dev\Desenvolvimento\Projetos\TradutorDGames\[Kimochi] RJ01696894,www\js\plugins\WindowBackImage.js,50,.js,utf-8-sig,"cjk,kana",rpgmaker_plugin_js,25,,1,* SceneCustomMenu.jsで追加したウィンドウの背景を変えたい場合は
T003113,B0007,D:\Dev\Desenvolvimento\Projetos\TradutorDGames\[Kimochi] RJ01696894,www\js\plugins\WindowBackImage.js,51,.js,utf-8-sig,"cjk,kana",rpgmaker_plugin_js,25,,1,* WindowClassの指定を同プラグインの『ウィンドウ識別子』を指定してください。
T003114,B0007,D:\Dev\Desenvolvimento\Projetos\TradutorDGames\[Kimochi] RJ01696894,www\js\plugins\WindowBackImage.js,53,.js,utf-8-sig,kana,rpgmaker_plugin_js,25,,1,* このプラグインにはプラグインコマンドはありません。
T003115,B0007,D:\Dev\Desenvolvimento\Projetos\TradutorDGames\[Kimochi] RJ01696894,www\js\plugins\WindowBackImage.js,55,.js,utf-8-sig,cjk,rpgmaker_plugin_js,25,,1,* 利用規約：
T003116,B0007,D:\Dev\Desenvolvimento\Projetos\TradutorDGames\[Kimochi] RJ01696894,www\js\plugins\WindowBackImage.js,56,.js,utf-8-sig,"cjk,kana",rpgmaker_plugin_js,25,,1,*  作者に無断で改変、再配布が可能で、利用形態（商用、18禁利用等）
T003117,B0007,D:\Dev\Desenvolvimento\Projetos\TradutorDGames\[Kimochi] RJ01696894,www\js\plugins\WindowBackImage.js,57,.js,utf-8-sig,"cjk,kana",rpgmaker_plugin_js,25,,1,*  についても制限はありません。
T003118,B0007,D:\Dev\Desenvolvimento\Projetos\TradutorDGames\[Kimochi] RJ01696894,www\js\plugins\WindowBackImage.js,58,.js,utf-8-sig,kana,rpgmaker_plugin_js,25,,1,*  このプラグインはもうあなたのものです。
T003119,B0007,D:\Dev\Desenvolvimento\Projetos\TradutorDGames\[Kimochi] RJ01696894,www\js\plugins\WindowBackImage.js,277,.js,utf-8-sig,"cjk,kana",rpgmaker_plugin_js,25,,1,// ローカル関数
T003120,B0007,D:\Dev\Desenvolvimento\Projetos\TradutorDGames\[Kimochi] RJ01696894,www\js\plugins\WindowBackImage.js,278,.js,utf-8-sig,"cjk,kana",rpgmaker_plugin_js,25,,1,//  プラグインパラメータやプラグインコマンドパラメータの整形やチェックをします
T003121,B0007,D:\Dev\Desenvolvimento\Projetos\TradutorDGames\[Kimochi] RJ01696894,www\js\plugins\WindowBackImage.js,311,.js,utf-8-sig,"cjk,kana",rpgmaker_plugin_js,25,,1,//  専用の背景画像を設定します。
T003122,B0007,D:\Dev\Desenvolvimento\Projetos\TradutorDGames\[Kimochi] RJ01696894,www\js\plugins\WindowBackImage.js,330,.js,utf-8-sig,"cjk,kana",rpgmaker_plugin_js,25,,1,* 背景画像を作成します。
T003123,B0007,D:\Dev\Desenvolvimento\Projetos\TradutorDGames\[Kimochi] RJ01696894,www\js\plugins\WindowBackImage.js,371,.js,utf-8-sig,"cjk,kana",rpgmaker_plugin_js,25,,1,* 背景画像をリフレッシュします。
T003124,B0007,D:\Dev\Desenvolvimento\Projetos\TradutorDGames\[Kimochi] RJ01696894,www\js\plugins\WindowBackImage.js,432,.js,utf-8-sig,"cjk,kana",rpgmaker_plugin_js,25,,1,//  ウィンドウ背景画像のスプライトです。
T003125,B0007,D:\Dev\Desenvolvimento\Projetos\TradutorDGames\[Kimochi] RJ01696894,www\js\plugins\WindowBlinkStop.js,9,.js,utf-8-sig,"cjk,kana",rpgmaker_plugin_js,25,,1,// 1.0.1 2021/05/30 メッセージウィンドウなどに表示されるページ送り画像のアニメーションが止まってしまう問題を修正
T003126,B0007,D:\Dev\Desenvolvimento\Projetos\TradutorDGames\[Kimochi] RJ01696894,www\js\plugins\WindowBlinkStop.js,10,.js,utf-8-sig,cjk,rpgmaker_plugin_js,25,,1,// 1.0.0 2017/12/09 初版
T003127,B0007,D:\Dev\Desenvolvimento\Projetos\TradutorDGames\[Kimochi] RJ01696894,www\js\plugins\WindowBlinkStop.js,23,.js,utf-8-sig,"cjk,kana",rpgmaker_plugin_js,25,,1,* 選択中のウィンドウカーソルの点滅を停止します。
T003128,B0007,D:\Dev\Desenvolvimento\Projetos\TradutorDGames\[Kimochi] RJ01696894,www\js\plugins\WindowBlinkStop.js,25,.js,utf-8-sig,kana,rpgmaker_plugin_js,25,,1,* このプラグインにはプラグインコマンドはありません。
T003129,B0007,D:\Dev\Desenvolvimento\Projetos\TradutorDGames\[Kimochi] RJ01696894,www\js\plugins\WindowBlinkStop.js,35,.js,utf-8-sig,"cjk,kana",rpgmaker_plugin_js,25,,1,* 選択中のウィンドウカーソルの点滅を停止します。
T003130,B0007,D:\Dev\Desenvolvimento\Projetos\TradutorDGames\[Kimochi] RJ01696894,www\js\plugins\WindowBlinkStop.js,37,.js,utf-8-sig,kana,rpgmaker_plugin_js,25,,1,* このプラグインにはプラグインコマンドはありません。
T003131,B0007,D:\Dev\Desenvolvimento\Projetos\TradutorDGames\[Kimochi] RJ01696894,www\js\plugins\WindowBlinkStop.js,39,.js,utf-8-sig,cjk,rpgmaker_plugin_js,25,,1,* 利用規約：
T003132,B0007,D:\Dev\Desenvolvimento\Projetos\TradutorDGames\[Kimochi] RJ01696894,www\js\plugins\WindowBlinkStop.js,40,.js,utf-8-sig,"cjk,kana",rpgmaker_plugin_js,25,,1,*  作者に無断で改変、再配布が可能で、利用形態（商用、18禁利用等）
T003133,B0007,D:\Dev\Desenvolvimento\Projetos\TradutorDGames\[Kimochi] RJ01696894,www\js\plugins\WindowBlinkStop.js,41,.js,utf-8-sig,"cjk,kana",rpgmaker_plugin_js,25,,1,*  についても制限はありません。
T003134,B0007,D:\Dev\Desenvolvimento\Projetos\TradutorDGames\[Kimochi] RJ01696894,www\js\plugins\WindowBlinkStop.js,42,.js,utf-8-sig,kana,rpgmaker_plugin_js,25,,1,*  このプラグインはもうあなたのものです。
